https://media.digikey.com/photos/Atmel%20Photos/313-64-TQFP_tmb.jpg,http://www.microchip.com/mymicrochip/filehandler.aspx?ddocname=en590800,ATMEGA128A-AU-ND,ATMEGA128A-AU,Microchip Technology,IC MCU 8BIT 128KB FLASH 64TQFP,1  485 - Immediate,$5.63000,1,Tray  Alternate Packaging,AVR® ATmega,Active
https://media.digikey.com/Renders/~~Pkg.Case%20or%20Series/48-LQFP_tmb.jpg,https://media.digikey.com/pdf/Data%20Sheets/ST%20Microelectronics%20PDFS/STM32F103x8  B.pdf,497-17666-2-ND,STM32F103C8T6TR,STMicroelectronics,IC MCU 32BIT 64KB FLASH 48LQFP,4  800 - Immediate,$3.03905,2  400,Tape & Reel (TR)  Alternate Packaging,STM32F1,Active
https://media.digikey.com/Renders/~~Pkg.Case%20or%20Series/14-SOIC_tmb.jpg,http://www.microchip.com/mymicrochip/filehandler.aspx?ddocname=en590191,ATTINY24A-SSURTR-ND,ATTINY24A-SSUR,Microchip Technology,IC MCU 8BIT 2KB FLASH 14SOIC,15  000 - Immediate,$0.61800,3  000,Tape & Reel (TR)  Alternate Packaging,AVR® ATtiny,Active
https://media.digikey.com/Renders/Atmel%20Renders/313;100TQFP-1.2-14x14;;100_tmb.jpg,http://www.microchip.com/mymicrochip/filehandler.aspx?ddocname=en590241,ATXMEGA128A1-AU-ND,ATXMEGA128A1-AU,Microchip Technology,IC MCU 8BIT 128KB FLASH 100TQFP,1  163 - Immediate,$6.92000,1,Tray  Alternate Packaging,AVR® XMEGA® A1,Active
https://media.digikey.com/Photos/Atmel%20Photos/AT42QT1111-AU_tmb.jpg,http://www.microchip.com/mymicrochip/filehandler.aspx?ddocname=en589968,ATMEGA328P-AU-ND,ATMEGA328P-AU,Microchip Technology,IC MCU 8BIT 32KB FLASH 32TQFP,19  787 - Immediate,$2.07000,1,Tray  Alternate Packaging,AVR® ATmega,Active
https://media.digikey.com/Renders/Atmel%20Renders/313;100TQFP-1.2-14x14;;100_tmb.jpg,http://ww1.microchip.com/downloads/en/DeviceDoc/Atmel-2549-8-bit-AVR-Microcontroller-ATmega640-1280-1281-2560-2561_Summary.pdf,ATMEGA1280-16AU-ND,ATMEGA1280-16AU,Microchip Technology,IC MCU 8BIT 128KB FLASH 100TQFP,3  240 - Immediate,$10.95000,1,Tray  Alternate Packaging,AVR® ATmega,Active
https://media.digikey.com/Photos/Atmel%20Photos/AT42QT1111-AU_tmb.jpg,http://www.microchip.com/mymicrochip/filehandler.aspx?ddocname=en589970,ATMEGA168PA-AU-ND,ATMEGA168PA-AU,Microchip Technology,IC MCU 8BIT 16KB FLASH 32TQFP,4  844 - Immediate,$1.74000,1,Tray  Alternate Packaging,AVR® ATmega,Active
https://media.digikey.com/Renders/Atmel%20Renders/313;44A;A;44_tmb.jpg,http://www.microchip.com/mymicrochip/filehandler.aspx?ddocname=en590830,ATMEGA16A-AURTR-ND,ATMEGA16A-AUR,Microchip Technology,IC MCU 8BIT 16KB FLASH 44TQFP,4  000 - Immediate,$2.45142,2  000,Tape & Reel (TR)  Alternate Packaging,AVR® ATmega,Active
https://media.digikey.com/photos/Atmel%20Photos/313-64-TQFP_tmb.jpg,http://ww1.microchip.com/downloads/en/DeviceDoc/Atmel-2549-8-bit-AVR-Microcontroller-ATmega640-1280-1281-2560-2561_Summary.pdf,ATMEGA2561-16AU-ND,ATMEGA2561-16AU,Microchip Technology,IC MCU 8BIT 256KB FLASH 64TQFP,1  534 - Immediate,$12.07000,1,Tray  Alternate Packaging,AVR® ATmega,Active
https://media.digikey.com/Renders/Atmel%20Renders/313;44A;A;44_tmb.jpg,http://ww1.microchip.com/downloads/en/devicedoc/Atmel-8272-8-bit-AVR-microcontroller-ATmega164A_PA-324A_PA-644A_PA-1284_P_summary.pdf,ATMEGA324PA-AU-ND,ATMEGA324PA-AU,Microchip Technology,IC MCU 8BIT 32KB FLASH 44TQFP,1  313 - Immediate,$3.92000,1,Tray  Alternate Packaging,AVR® ATmega,Active
https://media.digikey.com/Renders/Atmel%20Renders/313;44A;A;44_tmb.jpg,http://www.microchip.com/mymicrochip/filehandler.aspx?ddocname=en590541,ATMEGA32A-AURTR-ND,ATMEGA32A-AUR,Microchip Technology,IC MCU 8BIT 32KB FLASH 44TQFP,2  000 - Immediate,$2.75010,2  000,Tape & Reel (TR)  Alternate Packaging,AVR® ATmega,Active
https://media.digikey.com/photos/Atmel%20Photos/313-64-TQFP_tmb.jpg,http://www.microchip.com/mymicrochip/filehandler.aspx?ddocname=en589616,ATMEGA64A-AU-ND,ATMEGA64A-AU,Microchip Technology,IC MCU 8BIT 64KB FLASH 64TQFP,1  824 - Immediate,$4.48000,1,Tray  Alternate Packaging,AVR® ATmega,Active
https://media.digikey.com/Photos/Atmel%20Photos/AT42QT1111-AU_tmb.jpg,http://www.microchip.com/mymicrochip/filehandler.aspx?ddocname=en590320,ATMEGA8A-AU-ND,ATMEGA8A-AU,Microchip Technology,IC MCU 8BIT 8KB FLASH 32TQFP,804 - Immediate,$1.97000,1,Tray  Alternate Packaging,AVR® ATmega,Active
https://media.digikey.com/Renders/~~Pkg.Case%20or%20Series/20-SOIC%200.295_tmb.jpg,http://www.microchip.com/mymicrochip/filehandler.aspx?ddocname=en590458,ATTINY2313A-SURTR-ND,ATTINY2313A-SUR,Microchip Technology,IC MCU 8BIT 2KB FLASH 20SOIC,4  000 - Immediate,$0.98880,1  000,Tape & Reel (TR)  Alternate Packaging,AVR® ATtiny,Active
https://media.digikey.com/photos/Atmel%20Photos/313-64-TQFP_tmb.jpg,http://www.microchip.com/mymicrochip/filehandler.aspx?ddocname=en590183,ATXMEGA64A3-AU-ND,ATXMEGA64A3-AU,Microchip Technology,IC MCU 8BIT 64KB FLASH 64TQFP,971 - Immediate,$7.55000,1,Tray  Alternate Packaging,AVR® XMEGA® A3,Active
https://media.digikey.com/Renders/~~Pkg.Case%20or%20Series/64-TQFP_tmb.jpg,http://www.microchip.com/mymicrochip/filehandler.aspx?ddocname=en589796,ATXMEGA64A3U-AU-ND,ATXMEGA64A3U-AU,Microchip Technology,IC MCU 8BIT 64KB FLASH 64TQFP,742 - Immediate,$4.26000,1,Tray  Alternate Packaging,AVR® XMEGA® A3U,Active
https://media.digikey.com/Renders/Microchip%20Tech%20Renders/44-Lead-TQFP-PT_tmb.jpg,http://www.microchip.com/mymicrochip/filehandler.aspx?ddocname=en011647,PIC18F458-I/PT-ND,PIC18F458-I/PT,Microchip Technology,IC MCU 8BIT 32KB FLASH 44TQFP,285 - Immediate,$7.62000,1,Tray  Alternate Packaging,PIC® 18F,Active
https://media.digikey.com/Renders/STMicro%20Renders/20-TSSOP%200.173  %204.40mm%20Width_tmb.jpg,http://www.st.com/content/ccc/resource/technical/document/datasheet/a4/5d/0b/0e/87/c4/4d/71/DM00088500.pdf/files/DM00088500.pdf/jcr:content/translations/en.DM00088500.pdf,497-14044-5-ND,STM32F030F4P6,STMicroelectronics,IC MCU 32BIT 16KB FLASH 20TSSOP,8  500 - Immediate,$1.30000,1,Tube,STM32F0,Active
https://media.digikey.com/Renders/STMicro%20Renders/497;144LQFP-1.6-20x20;144_tmb.jpg,http://www.st.com/content/ccc/resource/technical/document/datasheet/group3/3f/73/19/d1/d4/9e/48/34/DM00284211/files/DM00284211.pdf/jcr:content/translations/en.DM00284211.pdf,497-17178-ND,STM32L496ZGT6,STMicroelectronics,IC MCU 32BIT 1MB FLASH 144LQFP,1  297 - Immediate,$11.32000,1,Tray  Alternate Packaging,STM32L4,Active
https://media.digikey.com/Renders/~~Pkg.Case%20or%20Series/64-LQFP_tmb.jpg,http://www.microchip.com/mymicrochip/filehandler.aspx?ddocname=en590375,AT91SAM7S256D-AU-ND,AT91SAM7S256D-AU,Microchip Technology,IC MCU 32BIT 256KB FLASH 64LQFP,6  664 - Immediate,$8.54000,1,Tray  Alternate Packaging,SAM7S,Active
https://media.digikey.com/Renders/~~Pkg.Case%20or%20Series/64-LQFP_tmb.jpg,http://www.microchip.com/mymicrochip/filehandler.aspx?ddocname=en590747,AT91SAM7S64C-AU-ND,AT91SAM7S64C-AU,Microchip Technology,IC MCU 32BIT 64KB FLASH 64LQFP,2  376 - Immediate,$5.70000,1,Tray  Alternate Packaging,SAM7S,Active
https://media.digikey.com/Renders/Atmel%20Renders/313;100LQFP-1.6-14x14;;100_tmb.jpg,http://www.microchip.com/mymicrochip/filehandler.aspx?ddocname=en590378,AT91SAM7X256C-AURTR-ND,AT91SAM7X256C-AUR,Microchip Technology,IC MCU 32BIT 256KB FLASH 100LQFP,1  500 - Immediate,$7.86924,1  500,Tape & Reel (TR)  Alternate Packaging,SAM7X,Active
https://media.digikey.com/Renders/Atmel%20Renders/313;100LQFP-1.6-14x14;;100_tmb.jpg,http://www.microchip.com/mymicrochip/filehandler.aspx?ddocname=en590378,AT91SAM7X512B-AURTR-ND,AT91SAM7X512B-AUR,Microchip Technology,IC MCU 32BIT 512KB FLASH 100LQFP,1  000 - Immediate,$11.39184,1  000,Tape & Reel (TR)  Alternate Packaging,SAM7X,Active
https://media.digikey.com/Renders/Atmel%20Renders/313;44A;A;44_tmb.jpg,http://www.microchip.com/mymicrochip/filehandler.aspx?ddocname=en590651,ATMEGA162-16AU-ND,ATMEGA162-16AU,Microchip Technology,IC MCU 8BIT 16KB FLASH 44TQFP,3  611 - Immediate,$4.52000,1,Tray  Alternate Packaging,AVR® ATmega,Active
https://media.digikey.com/photos/Atmel%20Photos/313-64-TQFP_tmb.jpg,http://www.microchip.com/mymicrochip/filehandler.aspx?ddocname=en590158,ATMEGA169PA-AURTR-ND,ATMEGA169PA-AUR,Microchip Technology,IC MCU 8BIT 16KB FLASH 64TQFP,0  Standard Lead Time 15 Weeks,$3.20332,1  000,Tape & Reel (TR)  Alternate Packaging,AVR® ATmega,Active
https://media.digikey.com/Photos/Atmel%20Photos/AT42QT1111-AU_tmb.jpg,http://www.microchip.com/mymicrochip/filehandler.aspx?ddocname=en589970,ATMEGA48PA-AU-ND,ATMEGA48PA-AU,Microchip Technology,IC MCU 8BIT 4KB FLASH 32TQFP,1  289 - Immediate,$1.41000,1,Tray  Alternate Packaging,AVR® ATmega,Active
https://media.digikey.com/Photos/Atmel%20Photos/AT42QT1111-AU_tmb.jpg,http://www.microchip.com/mymicrochip/filehandler.aspx?ddocname=en589970,ATMEGA88PA-AU-ND,ATMEGA88PA-AU,Microchip Technology,IC MCU 8BIT 8KB FLASH 32TQFP,16  579 - Immediate,$1.40000,1,Tray  Alternate Packaging,AVR® ATmega,Active
https://media.digikey.com/Renders/~~Pkg.Case%20or%20Series/8-SOIC_tmb.jpg,http://www.microchip.com/mymicrochip/filehandler.aspx?ddocname=en589915,ATTINY13A-SSURTR-ND,ATTINY13A-SSUR,Microchip Technology,IC MCU 8BIT 1KB FLASH 8SOIC,4  000 - Immediate,$0.48410,4  000,Tape & Reel (TR)  Alternate Packaging,AVR® ATtiny,Active
https://media.digikey.com/Renders/~~Pkg.Case%20or%20Series/14-SOIC_tmb.jpg,http://www.microchip.com/mymicrochip/filehandler.aspx?ddocname=en590191,ATTINY44A-SSURTR-ND,ATTINY44A-SSUR,Microchip Technology,IC MCU 8BIT 4KB FLASH 14SOIC,6  000 - Immediate,$0.65920,3  000,Tape & Reel (TR)  Alternate Packaging,AVR® ATtiny,Active
https://media.digikey.com/Renders/Atmel%20Renders/8-SOIC_tmb.jpg,http://www.microchip.com/mymicrochip/filehandler.aspx?ddocname=en589894,ATTINY45-20SURTR-ND,ATTINY45-20SUR,Microchip Technology,IC MCU 8BIT 4KB FLASH 8SOIC,6  000 - Immediate,$0.91671,2  000,Tape & Reel (TR)  Alternate Packaging,AVR® ATtiny,Active
https://media.digikey.com/Renders/Atmel%20Renders/8-SOIC_tmb.jpg,http://www.microchip.com/mymicrochip/filehandler.aspx?ddocname=en589894,ATTINY45V-10SURTR-ND,ATTINY45V-10SUR,Microchip Technology,IC MCU 8BIT 4KB FLASH 8SOIC,2  000 - Immediate,$1.28751,2  000,Tape & Reel (TR)  Alternate Packaging,AVR® ATtiny,Active
null,http://ww1.microchip.com/downloads/en/DeviceDoc/atmel-7753-automotive-microcontrollers-attiny261-461-861_datasheet.pdf,1611-ATTINY861-15XZCT-ND,ATTINY861-15XZ,Microchip Technology,IC MCU 8BIT 8KB FLASH 20TSSOP,122 - Immediate,$0.63000,1  Non-Stock,Cut Tape (CT),Automotive   AEC-Q100   AVR® ATtiny,Active
https://media.digikey.com/Renders/Atmel%20Renders/313;100TQFP-1.2-14x14;;100_tmb.jpg,http://www.microchip.com/mymicrochip/filehandler.aspx?ddocname=en598049,ATXMEGA128A1U-AU-ND,ATXMEGA128A1U-AU,Microchip Technology,IC MCU 8BIT 128KB FLASH 100TQFP,5  360 - Immediate,$6.26000,1,Tray,AVR® XMEGA® A1U,Active
https://media.digikey.com/Renders/~~Pkg.Case%20or%20Series/64-TQFP_tmb.jpg,http://www.microchip.com/mymicrochip/filehandler.aspx?ddocname=en589796,ATXMEGA256A3U-AU-ND,ATXMEGA256A3U-AU,Microchip Technology,IC MCU 8BIT 256KB FLASH 64TQFP,1  920 - Immediate,$7.20000,1,Tray,AVR® XMEGA® A3U,Active
https://media.digikey.com/Renders/Atmel%20Renders/313;44A;A;44_tmb.jpg,http://www.microchip.com/mymicrochip/filehandler.aspx?ddocname=en598052,ATXMEGA32A4U-AU-ND,ATXMEGA32A4U-AU,Microchip Technology,IC MCU 8BIT 32KB FLASH 44TQFP,1  142 - Immediate,$2.94000,1,Tray  Alternate Packaging,AVR® XMEGA® A4U,Active
https://media.digikey.com/Renders/Microchip%20Tech%20Renders/44-Lead-TQFP-PT_tmb.jpg,http://www.microchip.com/mymicrochip/filehandler.aspx?ddocname=en020602,DSPIC30F401130IPT-ND,DSPIC30F4011-30I/PT,Microchip Technology,IC MCU 16BIT 48KB FLASH 44TQFP,1  764 - Immediate,$5.73000,1,Tray  Alternate Packaging,dsPIC™ 30F,Active
https://media.digikey.com/Renders/Microchip%20Tech%20Renders/44-Lead-TQFP-PT_tmb.jpg,http://www.microchip.com/mymicrochip/filehandler.aspx?ddocname=en021092,DSPIC30F401330IPT-ND,DSPIC30F4013-30I/PT,Microchip Technology,IC MCU 16BIT 48KB FLASH 44TQFP,1  161 - Immediate,$5.57000,1,Tray  Alternate Packaging,dsPIC™ 30F,Active
https://media.digikey.com/Renders/~~Pkg.Case%20or%20Series/48-LQFP_tmb.jpg,https://www.nxp.com/docs/en/data-sheet/LPC2101_02_03.pdf,568-2094-ND,LPC2103FBD48  151,NXP USA Inc.,IC MCU 32BIT 32KB FLASH 48LQFP,1  025 - Immediate,$6.49000,1,Tray  Alternate Packaging,LPC2100,Active
https://media.digikey.com/Renders/~~Pkg.Case%20or%20Series/64-LQFP_tmb.jpg,http://www.nxp.com/documents/data_sheet/LPC2131_32_34_36_38.pdf,568-4010-ND,LPC2138FBD64/01  15,NXP USA Inc.,IC MCU 32BIT 512KB FLASH 64LQFP,4  735 - Immediate,$14.66000,1,Tray  Alternate Packaging,LPC2100,Active
https://media.digikey.com/Renders/~~Pkg.Case%20or%20Series/40-DIP_tmb.jpg,http://www.microchip.com/mymicrochip/filehandler.aspx?ddocname=en011789,PIC16F877A-I/P-ND,PIC16F877A-I/P,Microchip Technology,IC MCU 8BIT 14KB FLASH 40DIP,1  945 - Immediate,$5.09000,1,Tube,PIC® 16F,Active
https://media.digikey.com/Renders/Microchip%20Tech%20Renders/44-Lead-TQFP-PT_tmb.jpg,http://www.microchip.com/mymicrochip/filehandler.aspx?ddocname=en020319,PIC18F4520-I/PT-ND,PIC18F4520-I/PT,Microchip Technology,IC MCU 8BIT 32KB FLASH 44TQFP,5  904 - Immediate,$4.19000,1,Tray  Alternate Packaging,PIC® 18F,Active
https://media.digikey.com/Renders/~~Pkg.Case%20or%20Series/40-DIP_tmb.jpg,http://www.microchip.com/mymicrochip/filehandler.aspx?ddocname=en011595,PIC18F452-I/P-ND,PIC18F452-I/P,Microchip Technology,IC MCU 8BIT 32KB FLASH 40DIP,1  884 - Immediate,$6.20000,1,Tube,PIC® 18F,Active
https://media.digikey.com/Renders/Microchip%20Tech%20Renders/44-Lead-TQFP-PT_tmb.jpg,http://www.microchip.com/mymicrochip/filehandler.aspx?ddocname=en020587,PIC18F4550-I/PT-ND,PIC18F4550-I/PT,Microchip Technology,IC MCU 8BIT 32KB FLASH 44TQFP,8  184 - Immediate,$4.51000,1,Tray  Alternate Packaging,PIC® 18F,Active
https://media.digikey.com/Renders/Microchip%20Tech%20Renders/44-Lead-TQFP-PT_tmb.jpg,http://www.microchip.com/mymicrochip/filehandler.aspx?ddocname=en552714,PIC18F46K80-I/PT-ND,PIC18F46K80-I/PT,Microchip Technology,IC MCU 8BIT 64KB FLASH 44TQFP,696 - Immediate,$3.47000,1,Tray  Alternate Packaging,PIC® XLP™ 18K,Active
https://media.digikey.com/Renders/~~Pkg.Case%20or%20Series/80-TQFP  %2080-VQFP_tmb.jpg,http://www.microchip.com/mymicrochip/filehandler.aspx?ddocname=en011897,PIC18F8720-I/PT-ND,PIC18F8720-I/PT,Microchip Technology,IC MCU 8BIT 128KB FLASH 80TQFP,1  147 - Immediate,$11.86000,1,Tray  Alternate Packaging,PIC® 18F,Active
https://media.digikey.com/Renders/~~Pkg.Case%20or%20Series/32-LQFP_tmb.jpg,http://www.st.com/content/ccc/resource/technical/document/datasheet/a4/5d/0b/0e/87/c4/4d/71/DM00088500.pdf/files/DM00088500.pdf/jcr:content/translations/en.DM00088500.pdf,497-14046-ND,STM32F030K6T6,STMicroelectronics,IC MCU 32BIT 32KB FLASH 32LQFP,13  232 - Immediate,$1.57000,1,Tray,STM32F0,Active
https://media.digikey.com/Renders/~~Pkg.Case%20or%20Series/48-LQFP_tmb.jpg,http://www.st.com/content/ccc/resource/technical/document/datasheet/55/53/3e/86/29/61/41/d9/DM00039193.pdf/files/DM00039193.pdf/jcr:content/translations/en.DM00039193.pdf,497-12893-ND,STM32F051C8T6,STMicroelectronics,IC MCU 32BIT 64KB FLASH 48LQFP,18  120 - Immediate,$2.87000,1,Tray,STM32F0,Active
https://media.digikey.com/Renders/~~Pkg.Case%20or%20Series/48-LQFP_tmb.jpg,https://media.digikey.com/pdf/Data%20Sheets/ST%20Microelectronics%20PDFS/STM32F103x8  B.pdf,497-6288-ND,STM32F103CBT6,STMicroelectronics,IC MCU 32BIT 128KB FLASH 48LQFP,5  672 - Immediate,$6.43000,1,Tray  Alternate Packaging,STM32F1,Active
https://media.digikey.com/Renders/STMicro%20Renders/497;144LQFP-1.6-20x20;144_tmb.jpg,http://www.st.com/content/ccc/resource/technical/document/datasheet/59/f6/fa/84/20/4e/4c/59/CD00191185.pdf/files/CD00191185.pdf/jcr:content/translations/en.CD00191185.pdf,497-11542-ND,STM32F103ZCT6,STMicroelectronics,IC MCU 32BIT 256KB FLASH 144LQFP,368 - Immediate,$7.83000,1,Tray,STM32F1,Active
https://media.digikey.com/Renders/~~Pkg.Case%20or%20Series/64-LQFP_tmb.jpg,http://www.st.com/content/ccc/resource/technical/document/datasheet/e4/f3/1a/89/5a/02/46/ae/CD00220364.pdf/files/CD00220364.pdf/jcr:content/translations/en.CD00220364.pdf,497-8914-ND,STM32F107RCT6,STMicroelectronics,IC MCU 32BIT 256KB FLASH 64LQFP,32 - Immediate,$7.21000,1,Tray,STM32F1,Active
https://media.digikey.com/Renders/STMicro%20Renders/497;144LQFP-1.6-20x20;144_tmb.jpg,http://www.st.com/content/ccc/resource/technical/document/datasheet/03/b4/b2/36/4c/72/49/29/DM00071990.pdf/files/DM00071990.pdf/jcr:content/translations/en.DM00071990.pdf,497-17461-ND,STM32F429ZGT6,STMicroelectronics,IC MCU 32BIT 1MB FLASH 144LQFP,581 - Immediate,$14.55000,1,Tray  Alternate Packaging,STM32F4,Active
https://media.digikey.com/Renders/STMicro%20Renders/20-TSSOP_tmb.jpg,http://www.st.com/content/ccc/resource/technical/document/datasheet/42/5a/27/87/ac/5a/44/88/DM00024550.pdf/files/DM00024550.pdf/jcr:content/translations/en.DM00024550.pdf,497-11946-5-ND,STM8S003F3P6,STMicroelectronics,IC MCU 8BIT 8KB FLASH 20TSSOP,0  Standard Lead Time 35 Weeks,$0.88000,1,Tube,STM8S,Active
https://media.digikey.com/Renders/~~Pkg.Case%20or%20Series/18-DIP_tmb.jpg,http://www.zilog.com/docs/z8/z86e04.pdf,269-1023-ND,Z86E0812PEC,Zilog,IC MCU 8BIT 2KB OTP 18DIP,0,Obsolete,-,Tube,Z8®,Obsolete
https://media.digikey.com/Renders/Microchip%20Tech%20Renders/28-SOIC  M28B_tmb.jpg,http://www.microchip.com/mymicrochip/filehandler.aspx?ddocname=en534604,DSPIC33FJ128GP802-I/SO-ND,DSPIC33FJ128GP802-I/SO,Microchip Technology,IC MCU 16BIT 128KB FLASH 28SOIC,1  951 - Immediate,$5.28000,1,Tube  Alternate Packaging,dsPIC™ 33F,Active
https://media.digikey.com/Renders/Microchip%20Tech%20Renders/44-Lead-TQFP-PT_tmb.jpg,http://www.microchip.com/mymicrochip/filehandler.aspx?ddocname=en530712,DSPIC33FJ16MC304T-I/PTTR-ND,DSPIC33FJ16MC304T-I/PT,Microchip Technology,IC MCU 16BIT 16KB FLASH 44TQFP,0  Standard Lead Time 19 Weeks,$3.15181,1  200  Non-Stock,Tape & Reel (TR)  Alternate Packaging,dsPIC™ 33F,Active
https://media.digikey.com/Renders/Analog%20Devices%20Renders/505;CP-40-1;CP;40_tmb.jpg,http://www.analog.com/media/en/technical-documentation/data-sheets/ADuC7019_20_21_22_24_25_26_27_28_29.pdf,ADUC7021BCPZ32-RL7TR-ND,ADUC7021BCPZ32-RL7,Analog Devices Inc.,IC MCU 32BIT 32KB FLASH 40LFCSP,12  000 - Factory Stock,$7.38051,750  Non-Stock,Tape & Reel (TR)  Alternate Packaging,MicroConverter® ADuC7xxx,Active
https://media.digikey.com/Renders/Analog%20Devices%20Renders/505;ST-48;ST;48_tmb.jpg,http://www.analog.com/media/en/technical-documentation/data-sheets/ADuC7060_7061.pdf,ADUC7060BSTZ32-ND,ADUC7060BSTZ32,Analog Devices Inc.,IC MCU 32BIT 32KB FLASH 48LQFP,2  503 - Immediate,$11.61000,1,Tray  Alternate Packaging,MicroConverter® ADuC7xxx,Active
https://media.digikey.com/Renders/Atmel%20Renders/144-LFBGA_tmb.jpg,http://www.microchip.com/mymicrochip/filehandler.aspx?ddocname=en589623,AT32UC3A3256-CTURTR-ND,AT32UC3A3256-CTUR,Microchip Technology,IC MCU 32BIT 256KB FLASH 144BGA,0  Standard Lead Time 6 Weeks,$10.23827,2  000,Tape & Reel (TR)  Alternate Packaging,AVR®32 UC3 A3,Active
https://media.digikey.com/Renders/Atmel%20Renders/313;144LQFP-1.6-20x20;;144_tmb.jpg,http://www.microchip.com/mymicrochip/filehandler.aspx?ddocname=en590173,AT32UC3C0512C-ALURTR-ND,AT32UC3C0512C-ALUR,Microchip Technology,IC MCU 32BIT 512KB FLASH 144LQFP,4  800 - Immediate,$10.53693,800,Tape & Reel (TR)  Alternate Packaging,AVR®32 UC3 C,Active
https://media.digikey.com/Renders/Atmel%20Renders/313;44A;A;44_tmb.jpg,https://media.digikey.com/pdf/Data%20Sheets/Atmel%20PDFs/AT89C52.pdf,AT89C52-24AC-ND,AT89C52-24AC,Microchip Technology,IC MCU 8BIT 8KB FLASH 44TQFP,0,Obsolete,-,Tray,89C,Obsolete
https://media.digikey.com/Renders/Atmel%20Renders/313;44A;A;44_tmb.jpg,http://www.microchip.com/mymicrochip/filehandler.aspx?ddocname=en590395,AT89LP6440-20AU-ND,AT89LP6440-20AU,Microchip Technology,IC MCU 8BIT 64KB FLASH 44TQFP,320 - Immediate,$3.65000,1,Tray,89LP,Active
https://media.digikey.com/Renders/~~Pkg.Case%20or%20Series/24-SOIC_tmb.jpg,http://www.microchip.com/mymicrochip/filehandler.aspx?ddocname=en589768,AT90PWM2B-16SURTR-ND,AT90PWM2B-16SUR,Microchip Technology,IC MCU 8BIT 8KB FLASH 24SOIC,0  Standard Lead Time 6 Weeks,$2.66772,1  000  Non-Stock,Tape & Reel (TR)  Alternate Packaging,AVR® 90PWM Lighting,Active
https://media.digikey.com/Renders/Atmel%20Renders/313;32QFN-1-7x7;;32_tmb.jpg,http://ww1.microchip.com/downloads/en/DeviceDoc/Atmel-4317-8-bit-AVR-Flash_Microcontroller-AT90PWM2-3-2B-3B_summary.pdf,AT90PWM3B-16MURTR-ND,AT90PWM3B-16MUR,Microchip Technology,IC MCU 8BIT 8KB FLASH 32QFN,0  Standard Lead Time 14 Weeks,$2.48232,4  000  Non-Stock,Tape & Reel (TR)  Alternate Packaging,AVR® 90PWM Lighting,Active
https://media.digikey.com/Photos/Atmel%20Photos/AT42QT1111-AU_tmb.jpg,http://www.microchip.com/mymicrochip/filehandler.aspx?ddocname=en590545,AT90USB162-16AU-ND,AT90USB162-16AU,Microchip Technology,IC MCU 8BIT 16KB FLASH 32TQFP,3  290 - Immediate,$2.69000,1,Tray  Alternate Packaging,AVR® 90USB,Active
https://media.digikey.com/Renders/Atmel%20Renders/313;100LQFP-1.6-14x14;;100_tmb.jpg,http://www.microchip.com/mymicrochip/filehandler.aspx?ddocname=en590636,AT91M40800-33AU-ND,AT91M40800-33AU,Microchip Technology,IC MCU 32BIT ROMLESS 100LQFP,186 - Immediate,$6.07000,1,Tray  Alternate Packaging,AT91,Active
https://media.digikey.com/Renders/Atmel%20Renders/313;100LQFP-1.6-14x14;;100_tmb.jpg,http://www.microchip.com/mymicrochip/filehandler.aspx?ddocname=en590635,AT91R40008-66AU-ND,AT91R40008-66AU,Microchip Technology,IC MCU 32BIT ROMLESS 100LQFP,1  121 - Immediate,$10.06000,1,Tray  Alternate Packaging,AT91,Active
https://media.digikey.com/Renders/~~Pkg.Case%20or%20Series/64-LQFP_tmb.jpg,http://www.microchip.com/mymicrochip/filehandler.aspx?ddocname=en590747,AT91SAM7S256C-AU-ND,AT91SAM7S256C-AU,Microchip Technology,IC MCU 32BIT 256KB FLASH 64LQFP,0,Obsolete,-,Tray,SAM7S,Obsolete
https://media.digikey.com/Renders/~~Pkg.Case%20or%20Series/64-LQFP_tmb.jpg,http://www.microchip.com/mymicrochip/filehandler.aspx?ddocname=en590747,AT91SAM7S512B-AU-999TR-ND,AT91SAM7S512B-AU-999,Microchip Technology,IC MCU 32BIT 512KB FLASH 64LQFP,1  500 - Immediate,$9.41426,1  500,Tape & Reel (TR)  Alternate Packaging,SAM7S,Active
https://media.digikey.com/Renders/Atmel%20Renders/313;100LQFP-1.6-14x14;;100_tmb.jpg,http://www.microchip.com/mymicrochip/filehandler.aspx?ddocname=en590378,AT91SAM7X128C-AU-ND,AT91SAM7X128C-AU,Microchip Technology,IC MCU 32BIT 128KB FLASH 100LQFP,886 - Immediate,$7.62000,1,Tray  Alternate Packaging,SAM7X,Active
https://media.digikey.com/Renders/~~Pkg.Case%20or%20Series/100-LQFP_tmb.jpg,http://www.microchip.com/mymicrochip/filehandler.aspx?ddocname=en590378,AT91SAM7X512-AU-ND,AT91SAM7X512-AU,Microchip Technology,IC MCU 32BIT 512KB FLASH 100LQFP,0,Obsolete,-,Tray,SAM7X,Obsolete
https://media.digikey.com/Renders/Atmel%20Renders/313;100TQFP-1.2-14x14;;100_tmb.jpg,http://ww1.microchip.com/downloads/en/DeviceDoc/Atmel-2549-8-bit-AVR-Microcontroller-ATmega640-1280-1281-2560-2561_Summary.pdf,ATMEGA1280V-8AU-ND,ATMEGA1280V-8AU,Microchip Technology,IC MCU 8BIT 128KB FLASH 100TQFP,875 - Immediate,$10.95000,1,Tray  Alternate Packaging,AVR® ATmega,Active
https://media.digikey.com/Renders/Atmel%20Renders/313;44A;A;44_tmb.jpg,http://ww1.microchip.com/downloads/en/devicedoc/Atmel-8272-8-bit-AVR-microcontroller-ATmega164A_PA-324A_PA-644A_PA-1284_P_summary.pdf,ATMEGA1284P-AURTR-ND,ATMEGA1284P-AUR,Microchip Technology,IC MCU 8BIT 128KB FLASH 44TQFP,8  000 - Immediate,$4.61442,2  000,Tape & Reel (TR)  Alternate Packaging,AVR® ATmega,Active
https://media.digikey.com/photos/Atmel%20Photos/313-64-TQFP_tmb.jpg,http://www.microchip.com/mymicrochip/filehandler.aspx?ddocname=en590652,ATMEGA128L-8AU-ND,ATMEGA128L-8AU,Microchip Technology,IC MCU 8BIT 128KB FLASH 64TQFP,955 - Immediate,$11.69000,1,Tray  Alternate Packaging,AVR® ATmega,Active
https://media.digikey.com/Renders/Atmel%20Renders/313;44A;A;44_tmb.jpg,http://www.microchip.com/mymicrochip/filehandler.aspx?ddocname=en590651,ATMEGA162V-8AU-ND,ATMEGA162V-8AU,Microchip Technology,IC MCU 8BIT 16KB FLASH 44TQFP,660 - Immediate,$4.52000,1,Tray  Alternate Packaging,AVR® ATmega,Active
https://media.digikey.com/Renders/Atmel%20Renders/313;44A;A;44_tmb.jpg,http://www.microchip.com/mymicrochip/filehandler.aspx?ddocname=en590830,ATMEGA16A-AURTR-ND,ATMEGA16A-AUR,Microchip Technology,IC MCU 8BIT 16KB FLASH 44TQFP,4  000 - Immediate,$2.45142,2  000,Tape & Reel (TR)  Alternate Packaging,AVR® ATmega,Active
https://media.digikey.com/Renders/Atmel%20Renders/313;44A;A;44_tmb.jpg,http://www.microchip.com/mymicrochip/filehandler.aspx?ddocname=en590660,ATMEGA16L-8AU-ND,ATMEGA16L-8AU,Microchip Technology,IC MCU 8BIT 16KB FLASH 44TQFP,3  844 - Immediate,$4.56000,1,Tray  Alternate Packaging,AVR® ATmega,Active
https://media.digikey.com/Renders/Cypress%20Semi%20Renders/44-TQFP_tmb.jpg,http://www.microchip.com/mymicrochip/filehandler.aspx?ddocname=en590739,ATMEGA16U4-AU-ND,ATMEGA16U4-AU,Microchip Technology,IC MCU 8BIT 16KB FLASH 44TQFP,1  829 - Immediate,$4.02000,1,Tray  Alternate Packaging,AVR® ATmega,Active
https://media.digikey.com/Renders/Atmel%20Renders/313;100TQFP-1.2-14x14;;100_tmb.jpg,http://ww1.microchip.com/downloads/en/DeviceDoc/Atmel-2549-8-bit-AVR-Microcontroller-ATmega640-1280-1281-2560-2561_Summary.pdf,ATMEGA2560V-8AURTR-ND,ATMEGA2560V-8AUR,Microchip Technology,IC MCU 8BIT 256KB FLASH 100TQFP,1  500 - Immediate,$10.24855,1  500,Tape & Reel (TR)  Alternate Packaging,AVR® ATmega,Active
https://media.digikey.com/Renders/Atmel%20Renders/313;64QFN-1.0-9x9;;64_tmb.jpg,http://ww1.microchip.com/downloads/en/DeviceDoc/Atmel-2549-8-bit-AVR-Microcontroller-ATmega640-1280-1281-2560-2561_Summary.pdf,ATMEGA2561V-8MU-ND,ATMEGA2561V-8MU,Microchip Technology,IC MCU 8BIT 256KB FLASH 64QFN,3  056 - Immediate,$12.07000,1,Tray  Alternate Packaging,AVR® ATmega,Active
https://media.digikey.com/Photos/Atmel%20Photos/AT42QT1111-AU_tmb.jpg,http://www.microchip.com/mymicrochip/filehandler.aspx?ddocname=en589968,ATMEGA328-AU-ND,ATMEGA328-AU,Microchip Technology,IC MCU 8BIT 32KB FLASH 32TQFP,1  374 - Immediate,$1.88000,1,Tray  Alternate Packaging,AVR® ATmega,Active
https://media.digikey.com/Renders/Atmel%20Renders/313;32M1-A;M;32_tmb.jpg,http://www.microchip.com/mymicrochip/filehandler.aspx?ddocname=en589968,ATMEGA328-MU-ND,ATMEGA328-MU,Microchip Technology,IC MCU 8BIT 32KB FLASH 32VQFN,851 - Immediate,$1.88000,1,Tray  Alternate Packaging,AVR® ATmega,Active
https://media.digikey.com/photos/Atmel%20Photos/313-64-TQFP_tmb.jpg,http://www.microchip.com/mymicrochip/filehandler.aspx?ddocname=en590319,ATMEGA329V-8AURTR-ND,ATMEGA329V-8AUR,Microchip Technology,IC MCU 8BIT 32KB FLASH 64TQFP,1  000 - Immediate,$4.40841,1  000,Tape & Reel (TR)  Alternate Packaging,AVR® ATmega,Active
https://media.digikey.com/Renders/Atmel%20Renders/313;44PW;;44_tmb.jpg,http://www.microchip.com/mymicrochip/filehandler.aspx?ddocname=en590541,ATMEGA32A-MU-ND,ATMEGA32A-MU,Microchip Technology,IC MCU 8BIT 32KB FLASH 44VQFN,109 - Immediate,$3.21000,1,Tray  Alternate Packaging,AVR® ATmega,Active
https://media.digikey.com/Renders/Atmel%20Renders/313;44A;A;44_tmb.jpg,http://www.microchip.com/mymicrochip/filehandler.aspx?ddocname=en590658,ATMEGA32L-8AU-ND,ATMEGA32L-8AU,Microchip Technology,IC MCU 8BIT 32KB FLASH 44TQFP,519 - Immediate,$5.54000,1,Tray  Alternate Packaging,AVR® ATmega,Active
https://media.digikey.com/Renders/Atmel%20Renders/313;44A;A;44_tmb.jpg,http://www.microchip.com/mymicrochip/filehandler.aspx?ddocname=en590658,ATMEGA32L-8AU-ND,ATMEGA32L-8AU,Microchip Technology,IC MCU 8BIT 32KB FLASH 44TQFP,519 - Immediate,$5.54000,1,Tray  Alternate Packaging,AVR® ATmega,Active
https://media.digikey.com/Photos/Atmel%20Photos/AT42QT1111-AU_tmb.jpg,http://www.microchip.com/mymicrochip/filehandler.aspx?ddocname=en590828,ATMEGA32M1-AURTR-ND,ATMEGA32M1-AUR,Microchip Technology,IC MCU 8BIT 32KB FLASH 32TQFP,2  000 - Immediate,$3.93462,2  000,Tape & Reel (TR)  Alternate Packaging,AVR® ATmega,Active
https://media.digikey.com/Photos/Atmel%20Photos/AT42QT1111-AU_tmb.jpg,https://media.digikey.com/pdf/Data%20Sheets/Atmel%20PDFs/ATmega48_88_168%20Preliminary%20Complete.pdf,ATMEGA48-20AURTR-ND,ATMEGA48-20AUR,Microchip Technology,IC MCU 8BIT 4KB FLASH 32TQFP,4  000 - Immediate,$1.59651,2  000,Tape & Reel (TR)  Alternate Packaging,AVR® ATmega,Active
https://media.digikey.com/Renders/Atmel%20Renders/313;44A;A;44_tmb.jpg,http://ww1.microchip.com/downloads/en/devicedoc/Atmel-8272-8-bit-AVR-microcontroller-ATmega164A_PA-324A_PA-644A_PA-1284_P_summary.pdf,ATMEGA644PA-AURTR-ND,ATMEGA644PA-AUR,Microchip Technology,IC MCU 8BIT 64KB FLASH 44TQFP,4  000 - Immediate,$4.26421,2  000,Tape & Reel (TR)  Alternate Packaging,AVR® ATmega,Active
https://media.digikey.com/Renders/Atmel%20Renders/313;44PW;;44_tmb.jpg,https://media.digikey.com/pdf/Data%20Sheets/Atmel%20PDFs/ATmega164  324  644P%20Summary.pdf,ATMEGA644P-A15MZTR-ND,ATMEGA644P-A15MZ,Microchip Technology,IC MCU 8BIT 64KB FLASH 44VQFN,0,Active,-,Tape & Reel (TR)  Alternate Packaging,Automotive   AEC-Q100   AVR® ATmega,Active
https://media.digikey.com/Renders/Atmel%20Renders/313;44A;A;44_tmb.jpg,https://media.digikey.com/pdf/Data%20Sheets/Atmel%20PDFs/ATmega164  324  644P  V%20Rev2010.pdf,ATMEGA644PV-10AU-ND,ATMEGA644PV-10AU,Microchip Technology,IC MCU 8BIT 64KB FLASH 44TQFP,445 - Immediate,$5.49000,1,Tray  Alternate Packaging,AVR® ATmega,Active
https://media.digikey.com/Renders/Atmel%20Renders/313;100TQFP-1.2-14x14;;100_tmb.jpg,http://www.microchip.com/mymicrochip/filehandler.aspx?ddocname=en590158,ATMEGA6490A-AU-ND,ATMEGA6490A-AU,Microchip Technology,IC MCU 8BIT 64KB FLASH 100TQFP,181 - Immediate,$4.79000,1,Tray  Alternate Packaging,AVR® ATmega,Active
https://media.digikey.com/Renders/Atmel%20Renders/313;64QFN-1.0-9x9;;64_tmb.jpg,http://www.microchip.com/mymicrochip/filehandler.aspx?ddocname=en590655,ATMEGA64L-8MU-ND,ATMEGA64L-8MU,Microchip Technology,IC MCU 8BIT 64KB FLASH 64QFN,172 - Immediate,$8.02000,1,Tray  Alternate Packaging,AVR® ATmega,Active
null,http://www.microchip.com/mymicrochip/filehandler.aspx?ddocname=en590655,1611-ATMEGA64L-8AQRCT-ND,ATMEGA64L-8AQR,Microchip Technology,IC MCU 8BIT 64KB FLASH 64TQFP,1  479 - Immediate,$4.03000,1  Non-Stock,Cut Tape (CT)  Alternate Packaging,AVR® ATmega,Active
https://media.digikey.com/Photos/Atmel%20Photos/AT42QT1111-AU_tmb.jpg,http://ww1.microchip.com/downloads/en/DeviceDoc/Atmel-7647-Automotive-Microcontrollers-ATmega16M1-32M1-64M1-32C1-64C1_datasheet.pdf,ATMEGA64M1-15AZTR-ND,ATMEGA64M1-15AZ,Microchip Technology,IC MCU 8BIT 64KB FLASH 32TQFP,0,Active,-,Tape & Reel (TR),Automotive   AEC-Q100   AVR® ATmega,Active
https://media.digikey.com/Photos/Atmel%20Photos/AT42QT1111-AU_tmb.jpg,http://www.microchip.com/mymicrochip/filehandler.aspx?ddocname=en590666,ATMEGA8-16AURTR-ND,ATMEGA8-16AUR,Microchip Technology,IC MCU 8BIT 8KB FLASH 32TQFP,4  000 - Immediate,$2.06000,2  000,Tape & Reel (TR)  Alternate Packaging,AVR® ATmega,Active
https://media.digikey.com/Renders/Atmel%20Renders/313;32M1-A;M;32_tmb.jpg,http://www.microchip.com/mymicrochip/filehandler.aspx?ddocname=en590665,ATMEGA8-16MU-ND,ATMEGA8-16MU,Microchip Technology,IC MCU 8BIT 8KB FLASH 32VQFN,354 - Immediate,$2.41000,1,Tray  Alternate Packaging,AVR® ATmega,Active
https://media.digikey.com/Renders/Atmel%20Renders/313;44A;A;44_tmb.jpg,http://www.microchip.com/mymicrochip/filehandler.aspx?ddocname=en590662,ATMEGA8515L-8AU-ND,ATMEGA8515L-8AU,Microchip Technology,IC MCU 8BIT 8KB FLASH 44TQFP,1  678 - Immediate,$2.55000,1,Tray,AVR® ATmega,Active
https://media.digikey.com/Renders/Atmel%20Renders/313;44A;A;44_tmb.jpg,http://www.microchip.com/mymicrochip/filehandler.aspx?ddocname=en590662,ATMEGA8515L-8AU-ND,ATMEGA8515L-8AU,Microchip Technology,IC MCU 8BIT 8KB FLASH 44TQFP,1  678 - Immediate,$2.55000,1,Tray,AVR® ATmega,Active
https://media.digikey.com/Renders/Atmel%20Renders/313;44A;A;44_tmb.jpg,http://www.microchip.com/mymicrochip/filehandler.aspx?ddocname=en590664,ATMEGA8535-16AU-ND,ATMEGA8535-16AU,Microchip Technology,IC MCU 8BIT 8KB FLASH 44TQFP,1  446 - Immediate,$2.74000,1,Tray  Alternate Packaging,AVR® ATmega,Active
https://media.digikey.com/Renders/Atmel%20Renders/313;44A;A;44_tmb.jpg,http://www.microchip.com/mymicrochip/filehandler.aspx?ddocname=en590664,ATMEGA8535L-8AU-ND,ATMEGA8535L-8AU,Microchip Technology,IC MCU 8BIT 8KB FLASH 44TQFP,711 - Immediate,$2.74000,1,Tray  Alternate Packaging,AVR® ATmega,Active
https://media.digikey.com/Photos/Atmel%20Photos/AT42QT1111-AU_tmb.jpg,https://media.digikey.com/pdf/Data%20Sheets/Atmel%20PDFs/ATmega48_88_168%20Preliminary%20Complete.pdf,ATMEGA88V-10AU-ND,ATMEGA88V-10AU,Microchip Technology,IC MCU 8BIT 8KB FLASH 32TQFP,4  813 - Immediate,$2.62000,1,Tray  Alternate Packaging,AVR® ATmega,Active
https://media.digikey.com/Renders/Atmel%20Renders/313;32M1-A;M;32_tmb.jpg,http://www.microchip.com/mymicrochip/filehandler.aspx?ddocname=en590320,ATMEGA8A-MU-ND,ATMEGA8A-MU,Microchip Technology,IC MCU 8BIT 8KB FLASH 32VQFN,1  246 - Immediate,$1.97000,1,Tray  Alternate Packaging,AVR® ATmega,Active
https://media.digikey.com/Renders/Atmel%20Renders/313;32M1-A;M;32_tmb.jpg,https://media.digikey.com/pdf/Data%20Sheets/Atmel%20PDFs/ATmega8  L_Rev2007.pdf,ATMEGA8L-8MU-ND,ATMEGA8L-8MU,Microchip Technology,IC MCU 8BIT 8KB FLASH 32VQFN,220 - Immediate,$2.41000,1,Tray  Alternate Packaging,AVR® ATmega,Active
https://media.digikey.com/Renders/~~Pkg.Case%20or%20Series/64-LQFP_tmb.jpg,https://media.digikey.com/pdf/Data%20Sheets/Atmel%20PDFs/SAM3S_Series.pdf,ATSAM3S2BA-AU-ND,ATSAM3S2BA-AU,Microchip Technology,IC MCU 32BIT 128KB FLASH 64LQFP,2  278 - Immediate,$3.99000,1,Tray  Alternate Packaging,SAM3S,Active
https://media.digikey.com/Renders/Atmel%20Renders/313;100LQFP-1.6-14x14;;100_tmb.jpg,http://www.microchip.com/mymicrochip/filehandler.aspx?ddocname=en590798,ATSAM4S8CA-AURTR-ND,ATSAM4S8CA-AUR,Microchip Technology,IC MCU 32BIT 512KB FLASH 100LQFP,0  Standard Lead Time 7 Weeks,$4.07883,1  000,Tape & Reel (TR)  Alternate Packaging,SAM4S,Active
https://media.digikey.com/Renders/Atmel%20Renders/313;32TQFP-1.2-7x7;;32_tmb.jpg,http://www.microchip.com/mymicrochip/filehandler.aspx?ddocname=en590264,ATSAMD20E16A-AU-ND,ATSAMD20E16A-AU,Microchip Technology,IC MCU 32BIT 64KB FLASH 32TQFP,216 - Immediate,$1.88000,1,Tray  Alternate Packaging,SAM D20E,Active
https://media.digikey.com/Renders/Atmel%20Renders/48-TQFP_tmb.jpg,http://www.microchip.com/mymicrochip/filehandler.aspx?ddocname=en590264,ATSAMD20G18A-AU-ND,ATSAMD20G18A-AU,Microchip Technology,IC MCU 32BIT 256KB FLASH 48TQFP,205 - Immediate,$2.50000,1,Tray  Alternate Packaging,SAM D20G,Active
https://media.digikey.com/Renders/Atmel%20Renders/313;32TQFP-1.2-7x7;;32_tmb.jpg,http://www.microchip.com/mymicrochip/filehandler.aspx?ddocname=en590209,ATSAMD21E15B-AUTTR-ND,ATSAMD21E15B-AUT,Microchip Technology,IC MCU 32BIT 32KB FLASH 32TQFP,0  Standard Lead Time 6 Weeks,$1.47290,2  000  Non-Stock,Tape & Reel (TR)  Alternate Packaging,SAM D21E,Active
https://media.digikey.com/Renders/Atmel%20Renders/48-TQFP_tmb.jpg,http://www.microchip.com/mymicrochip/filehandler.aspx?ddocname=en590209,ATSAMD21G18A-AUTTR-ND,ATSAMD21G18A-AUT,Microchip Technology,IC MCU 32BIT 256KB FLASH 48TQFP,2  500 - Immediate,$2.65741,2  500,Tape & Reel (TR)  Alternate Packaging,SAM D21G,Active
https://media.digikey.com/Renders/~~Pkg.Case%20or%20Series/64-LQFP_tmb.jpg,http://www.microchip.com/mymicrochip/filehandler.aspx?ddocname=en589957,ATSAMG55J19A-AUTTR-ND,ATSAMG55J19A-AUT,Microchip Technology,IC MCU 32BIT 512KB FLASH 64LQFP,0,$3.58443,1  000,Tape & Reel (TR)  Alternate Packaging,SAM G55,Active
https://media.digikey.com/Renders/~~Pkg.Case%20or%20Series/SOT-23-6%20PKG_tmb.jpg,http://www.microchip.com/mymicrochip/filehandler.aspx?ddocname=en589725,ATTINY10-TS8RTR-ND,ATTINY10-TS8R,Microchip Technology,IC MCU 8BIT 1KB FLASH SOT23,9  000 - Immediate,$0.27810,4  500,Tape & Reel (TR)  Alternate Packaging,AVR® ATtiny,Active
https://media.digikey.com/Renders/~~Pkg.Case%20or%20Series/8-DIP_tmb.jpg,https://media.digikey.com/pdf/Data%20Sheets/Atmel%20PDFs/ATTINY11  12_summary_Rev07.pdf,ATTINY12L-4PU-ND,ATTINY12L-4PU,Microchip Technology,IC MCU 8BIT 1KB FLASH 8DIP,1  159 - Immediate,$1.22000,1,Tube,AVR® ATtiny,Active
https://media.digikey.com/Renders/Atmel%20Renders/8-SOIC_tmb.jpg,http://www.microchip.com/mymicrochip/filehandler.aspx?ddocname=en589915,ATTINY13A-SURTR-ND,ATTINY13A-SUR,Microchip Technology,IC MCU 8BIT 1KB FLASH 8SOIC,4  000 - Immediate,$0.67980,2  000,Tape & Reel (TR)  Alternate Packaging,AVR® ATtiny,Active
https://media.digikey.com/Renders/Atmel%20Renders/8-SOIC_tmb.jpg,http://www.microchip.com/mymicrochip/filehandler.aspx?ddocname=en590769,ATTINY13V-10SU-ND,ATTINY13V-10SU,Microchip Technology,IC MCU 8BIT 1KB FLASH 8SOIC,1  919 - Immediate,$1.23000,1,Tube  Alternate Packaging,AVR® ATtiny,Active
https://media.digikey.com/Renders/Atmel%20Renders/8-SOIC_tmb.jpg,http://www.microchip.com/mymicrochip/filehandler.aspx?ddocname=en590769,ATTINY13V-10SU-ND,ATTINY13V-10SU,Microchip Technology,IC MCU 8BIT 1KB FLASH 8SOIC,1  919 - Immediate,$1.23000,1,Tube  Alternate Packaging,AVR® ATtiny,Active
https://media.digikey.com/Renders/~~Pkg.Case%20or%20Series/14-SOIC_tmb.jpg,http://www.microchip.com/mymicrochip/filehandler.aspx?ddocname=en589465,ATTINY20-SSU-ND,ATTINY20-SSU,Microchip Technology,IC MCU 8BIT 2KB FLASH 14SOIC,1  314 - Immediate,$0.56000,1,Tube  Alternate Packaging,AVR® ATtiny,Active
https://media.digikey.com/Renders/~~Pkg.Case%20or%20Series/14-TSSOP_tmb.jpg,http://www.microchip.com/mymicrochip/filehandler.aspx?ddocname=en589465,ATTINY20-XURTR-ND,ATTINY20-XUR,Microchip Technology,IC MCU 8BIT 2KB FLASH 14TSSOP,12  000 - Immediate,$0.86520,4  000,Tape & Reel (TR)  Alternate Packaging,AVR® ATtiny,Active
https://media.digikey.com/Renders/~~Pkg.Case%20or%20Series/20-SOIC%200.295_tmb.jpg,http://www.microchip.com/mymicrochip/filehandler.aspx?ddocname=en590718,ATTINY2313V-10SURTR-ND,ATTINY2313V-10SUR,Microchip Technology,IC MCU 8BIT 2KB FLASH 20SOIC,2  000 - Immediate,$1.49350,1  000,Tape & Reel (TR)  Alternate Packaging,AVR® ATtiny,Active
https://media.digikey.com/Renders/Atmel%20Renders/8-SOIC_tmb.jpg,http://www.microchip.com/mymicrochip/filehandler.aspx?ddocname=en589894,ATTINY25-20SURTR-ND,ATTINY25-20SUR,Microchip Technology,IC MCU 8BIT 2KB FLASH 8SOIC,10  000 - Immediate,$0.91670,2  000,Tape & Reel (TR)  Alternate Packaging,AVR® ATtiny,Active
https://media.digikey.com/Renders/Atmel%20Renders/8-SOIC_tmb.jpg,http://www.microchip.com/mymicrochip/filehandler.aspx?ddocname=en589894,ATTINY25V-10SU-ND,ATTINY25V-10SU,Microchip Technology,IC MCU 8BIT 2KB FLASH 8SOIC,1  458 - Immediate,$1.06000,1,Tube  Alternate Packaging,AVR® ATtiny,Active
null,http://www.microchip.com/mymicrochip/filehandler.aspx?ddocname=en590641,1611-ATTINY26-16MURCT-ND,ATTINY26-16MUR,Microchip Technology,IC MCU 8BIT 2KB FLASH 32VQFN,9  005 - Immediate,$1.01000,1  Non-Stock,Cut Tape (CT),AVR® ATtiny,Active
https://media.digikey.com/Renders/~~Pkg.Case%20or%20Series/20-DIP_tmb.jpg,http://www.microchip.com/mymicrochip/filehandler.aspx?ddocname=en590641,ATTINY26L-8PU-ND,ATTINY26L-8PU,Microchip Technology,IC MCU 8BIT 2KB FLASH 20DIP,2  726 - Immediate,$1.84000,1,Tube,AVR® ATtiny,Active
https://media.digikey.com/Renders/Atmel%20Renders/20-QFN-PC_tmb.jpg,http://www.microchip.com/mymicrochip/filehandler.aspx?ddocname=en589611,ATTINY43U-MU-ND,ATTINY43U-MU,Microchip Technology,IC MCU 8BIT 4KB FLASH 20QFN,1  388 - Immediate,$1.99000,1,Tray  Alternate Packaging,AVR® ATtiny,Active
https://media.digikey.com/Renders/Atmel%20Renders/8-SOIC_tmb.jpg,http://www.microchip.com/mymicrochip/filehandler.aspx?ddocname=en589894,ATTINY85-20SURTR-ND,ATTINY85-20SUR,Microchip Technology,IC MCU 8BIT 8KB FLASH 8SOIC,16  000 - Immediate,$1.01971,2  000,Tape & Reel (TR)  Alternate Packaging,AVR® ATtiny,Active
https://media.digikey.com/Renders/Atmel%20Renders/8-SOIC_tmb.jpg,http://www.microchip.com/mymicrochip/filehandler.aspx?ddocname=en589894,ATTINY85V-10SU-ND,ATTINY85V-10SU,Microchip Technology,IC MCU 8BIT 8KB FLASH 8SOIC,3  800 - Immediate,$1.16000,1,Tube  Alternate Packaging,AVR® ATtiny,Active
https://media.digikey.com/Renders/Atmel%20Renders/313;100C1;;100_tmb.jpg,http://www.microchip.com/mymicrochip/filehandler.aspx?ddocname=en598049,ATXMEGA128A1U-CU-ND,ATXMEGA128A1U-CU,Microchip Technology,IC MCU 8BIT 128KB FLASH 100CBGA,5  438 - Immediate,$8.22000,1,Tray  Alternate Packaging,AVR® XMEGA® A1U,Active
https://media.digikey.com/Renders/Atmel%20Renders/313;64QFN-1.0-9x9;;64_tmb.jpg,http://www.microchip.com/mymicrochip/filehandler.aspx?ddocname=en589796,ATXMEGA128A3U-MHRTR-ND,ATXMEGA128A3U-MHR,Microchip Technology,IC MCU 8BIT 128KB FLASH 64QFN,4  000 - Immediate,$5.43843,4  000,Tape & Reel (TR)  Alternate Packaging,AVR® XMEGA® A3U,Active
https://media.digikey.com/Renders/Atmel%20Renders/313;64QFN-1.0-9x9;;64_tmb.jpg,http://www.microchip.com/mymicrochip/filehandler.aspx?ddocname=en589796,ATXMEGA128A3U-MHRTR-ND,ATXMEGA128A3U-MHR,Microchip Technology,IC MCU 8BIT 128KB FLASH 64QFN,4  000 - Immediate,$5.43843,4  000,Tape & Reel (TR)  Alternate Packaging,AVR® XMEGA® A3U,Active
https://media.digikey.com/Renders/Atmel%20Renders/313;44A;A;44_tmb.jpg,http://www.microchip.com/mymicrochip/filehandler.aspx?ddocname=en598052,ATXMEGA128A4U-AU-ND,ATXMEGA128A4U-AU,Microchip Technology,IC MCU 8BIT 128KB FLASH 44TQFP,1  934 - Immediate,$4.82000,1,Tray,AVR® XMEGA® A4U,Active
https://media.digikey.com/Renders/Atmel%20Renders/313;44PW;;44_tmb.jpg,http://www.microchip.com/mymicrochip/filehandler.aspx?ddocname=en598052,ATXMEGA128A4U-MHRTR-ND,ATXMEGA128A4U-MHR,Microchip Technology,IC MCU 8BIT 128KB FLASH 44QFN,24  000 - Immediate,$3.70802,4  000,Tape & Reel (TR)  Alternate Packaging,AVR® XMEGA® A4U,Active
https://media.digikey.com/Renders/Atmel%20Renders/313;44A;A;44_tmb.jpg,http://www.microchip.com/mymicrochip/filehandler.aspx?ddocname=en590243,ATXMEGA16A4-AU-ND,ATXMEGA16A4-AU,Microchip Technology,IC MCU 8BIT 16KB FLASH 44TQFP,1  467 - Immediate,$3.53000,1,Tray  Alternate Packaging,AVR® XMEGA® A4,Active
https://media.digikey.com/Renders/Atmel%20Renders/313;44A;A;44_tmb.jpg,http://www.microchip.com/mymicrochip/filehandler.aspx?ddocname=en598052,ATXMEGA16A4U-AURTR-ND,ATXMEGA16A4U-AUR,Microchip Technology,IC MCU 8BIT 16KB FLASH 44TQFP,0,$2.55442,2  000,Tape & Reel (TR)  Alternate Packaging,AVR® XMEGA® A4U,Active
https://media.digikey.com/Renders/~~Pkg.Case%20or%20Series/64-TQFP_tmb.jpg,http://www.microchip.com/mymicrochip/filehandler.aspx?ddocname=en589796,ATXMEGA192A3U-AU-ND,ATXMEGA192A3U-AU,Microchip Technology,IC MCU 8BIT 192KB FLASH 64TQFP,1  170 - Immediate,$7.34000,1,Tray  Alternate Packaging,AVR® XMEGA® A3U,Active
https://media.digikey.com/photos/Atmel%20Photos/313-64-TQFP_tmb.jpg,http://www.microchip.com/mymicrochip/filehandler.aspx?ddocname=en590183,ATXMEGA256A3-AU-ND,ATXMEGA256A3-AU,Microchip Technology,IC MCU 8BIT 256KB FLASH 64TQFP,1  352 - Immediate,$9.20000,1,Tray  Alternate Packaging,AVR® XMEGA® A3,Active
https://media.digikey.com/Renders/Atmel%20Renders/313;64QFN-1.0-9x9;;64_tmb.jpg,http://www.microchip.com/mymicrochip/filehandler.aspx?ddocname=en589796,ATXMEGA256A3U-MH-ND,ATXMEGA256A3U-MH,Microchip Technology,IC MCU 8BIT 256KB FLASH 64QFN,1  725 - Immediate,$6.94000,1,Tray  Alternate Packaging,AVR® XMEGA® A3U,Active
https://media.digikey.com/Renders/Atmel%20Renders/313;44A;A;44_tmb.jpg,http://www.microchip.com/mymicrochip/filehandler.aspx?ddocname=en590243,ATXMEGA32A4-AU-ND,ATXMEGA32A4-AU,Microchip Technology,IC MCU 8BIT 32KB FLASH 44TQFP,4  011 - Immediate,$3.99000,1,Tray  Alternate Packaging,AVR® XMEGA® A4,Active
https://media.digikey.com/Renders/~~Pkg.Case%20or%20Series/64-TQFP_tmb.jpg,http://ww1.microchip.com/downloads/en/DeviceDoc/Atmel-9322-Automotive-Microcontrollers-ATxmega64D3_Datasheet.pdf,ATXMEGA64D3-15AT1TR-ND,ATXMEGA64D3-15AT1,Microchip Technology,IC MCU 8BIT 64KB FLASH 64TQFP,0,Active,-,Tape & Reel (TR),AVR® XMEGA® D3,Active
https://media.digikey.com/Renders/~~Pkg.Case%20or%20Series/64-TQFP_tmb.jpg,http://www.microchip.com/mymicrochip/filehandler.aspx?ddocname=en598043,ATXMEGA64D3-AURTR-ND,ATXMEGA64D3-AUR,Microchip Technology,IC MCU 8BIT 64KB FLASH 64TQFP,1  000 - Immediate,$3.54323,1  000,Tape & Reel (TR)  Alternate Packaging,AVR® XMEGA® D3,Active
https://media.digikey.com/Renders/~~Pkg.Case%20or%20Series/64-TQFP_tmb.jpg,https://www.silabs.com/Support%20Documents/TechnicalDocs/C8051F02x.pdf,336-1203-ND,C8051F023-GQ,Silicon Labs,IC MCU 8BIT 64KB FLASH 64TQFP,410 - Immediate,$12.46000,-,Tray  Alternate Packaging,C8051F02x,Not For New Designs
https://media.digikey.com/Renders/Cypress%20Semi%20Renders/100TQFP_tmb.jpg,https://www.silabs.com/Support%20Documents/TechnicalDocs/C8051F06x.pdf,336-1213-ND,C8051F060-GQ,Silicon Labs,IC MCU 8BIT 64KB FLASH 100TQFP,1  036 - Immediate,$16.52000,-,Tray  Alternate Packaging,C8051F06x,Not For New Designs
https://media.digikey.com/Renders/~~Pkg.Case%20or%20Series/64-TQFP_tmb.jpg,https://www.silabs.com/Support%20Documents/TechnicalDocs/C8051F12x-13x.pdf,336-1231-ND,C8051F127-GQ,Silicon Labs,IC MCU 8BIT 128KB FLASH 64TQFP,1  147 - Immediate,$15.99000,-,Tray  Alternate Packaging,C8051F12x,Not For New Designs
https://media.digikey.com/Renders/Allegro%20Microsystems%20Renders/20-VFQFN_tmb.jpg,https://www.silabs.com/Support%20Documents/TechnicalDocs/C8051F33x.pdf,336-4198-2-ND,C8051F330-GMR,Silicon Labs,IC MCU 8BIT 8KB FLASH 20QFN,0,$3.53750,-,Tape & Reel (TR)  Alternate Packaging,C8051F33x,Not For New Designs
https://media.digikey.com/Renders/~~Pkg.Case%20or%20Series/32-LQFP_tmb.jpg,http://www.silabs.com/documents/public/data-sheets/C8051F41x.pdf,336-1318-ND,C8051F410-GQ,Silicon Labs,IC MCU 8BIT 32KB FLASH 32LQFP,3  679 - Immediate,$6.93000,1,Tray  Alternate Packaging,C8051F41x,Active
https://media.digikey.com/Photos/Silicon%20Labs%20Photos/C8051F386-GQ_tmb.jpg,http://www.silabs.com/documents/public/data-sheets/C8051F50x-51x.pdf,336-1510-ND,C8051F500-IQ,Silicon Labs,IC MCU 8BIT 64KB FLASH 48TQFP,594 - Immediate,$6.96000,1,Tray  Alternate Packaging,C8051F50x,Active
https://media.digikey.com/Renders/~~Pkg.Case%20or%20Series/32-LQFP_tmb.jpg,http://www.silabs.com/documents/public/data-sheets/C8051F50x-51x.pdf,336-1514-ND,C8051F502-IQ,Silicon Labs,IC MCU 8BIT 64KB FLASH 32LQFP,366 - Immediate,$6.67000,1,Tray  Alternate Packaging,C8051F50x,Active
https://media.digikey.com/Photos/Silicon%20Labs%20Photos/MFG_QFN24_SIDEB.jpg,http://www.silabs.com/documents/public/data-sheets/C8051F55x-F56x-F57x.pdf,336-1683-5-ND,C8051F550-IM,Silicon Labs,IC MCU 8BIT 32KB FLASH 24QFN,558 - Immediate,$4.57000,1,Tube  Alternate Packaging,C8051F55x,Active
https://media.digikey.com/Renders/Texas%20Instr%20Renders/48-TSSOP-DGG_tmb.jpg,http://www.ti.com/lit/ds/symlink/cop8ccr9.pdf,COP8CCR9IMT8/63SN-ND,COP8CCR9IMT8/63SN,Texas Instruments,IC MCU 8BIT 32KB FLASH 48TSSOP,0  Standard Lead Time 11 Weeks,$9.94840,1  000  Non-Stock,Tape & Reel (TR),COP8™ 8C,Active
https://media.digikey.com/Renders/Allegro%20Microsystems%20Renders/44-LCC%20(J-Lead)_tmb.jpg,https://media.digikey.com/pdf/Data%20Sheets/Texas%20Instruments%20PDFs/COP8SG_Family.pdf,COP8SGR744V8/NOPB-ND,COP8SGR744V8/NOPB,Texas Instruments,IC MCU 8BIT 32KB OTP 44PLCC,0,$14.64000,1,Tube,COP8™ 8SG,Active
https://media.digikey.com/Renders/Cypress%20Semi%20Renders/28-SOIC%28Narrow%29_tmb.jpg,http://www.cypress.com/file/138726/download,428-1609-ND,CY8C24423A-24SXI,Cypress Semiconductor Corp,IC MCU 8BIT 4KB FLASH 28SOIC,1  167 - Immediate,$4.54000,1,Tube  Alternate Packaging,PSOC®1 CY8C24xxx,Active
https://media.digikey.com/Renders/Allegro%20Microsystems%20Renders/44-LCC%20(J-Lead)_tmb.jpg,http://datasheets.maximintegrated.com/en/ds/DS80C310.pdf,DS80C310-QCG+-ND,DS80C310-QCG+,Maxim Integrated,IC MCU 8BIT ROMLESS 44PLCC,116 - Immediate  3  276 - Factory Stock,$15.91000,1,Tube  Alternate Packaging,80C,Active
https://media.digikey.com/Renders/~~Pkg.Case%20or%20Series/40-DIP_tmb.jpg,http://www.microchip.com/mymicrochip/filehandler.aspx?ddocname=en021092,DSPIC30F301430/P-ND,DSPIC30F3014-30I/P,Microchip Technology,IC MCU 16BIT 24KB FLASH 40DIP,91 - Immediate,$4.76000,1,Tube,dsPIC™ 30F,Active
https://media.digikey.com/Renders/~~Pkg.Case%20or%20Series/64-TQFP_tmb.jpg,http://www.microchip.com/mymicrochip/filehandler.aspx?ddocname=en019521,DSPIC30F5011-30I/PT-ND,DSPIC30F5011-30I/PT,Microchip Technology,IC MCU 16BIT 66KB FLASH 64TQFP,291 - Immediate,$7.43000,1,Tray  Alternate Packaging,dsPIC™ 30F,Active
https://media.digikey.com/renders/Silicon%20Labs%20Renders/32-QFN%20Pkg_tmb.jpg,https://www.silabs.com/Support%20Documents%2fTechnicalDocs%2fEFM32G200.pdf,EFM32G200F64-QFN32T-ND,EFM32G200F64-QFN32T,Silicon Labs,IC MCU 32BIT 64KB FLASH 32QFN,980 - Immediate,$1.95000,-,Tray,Gecko,Discontinued at Digi-Key
https://media.digikey.com/Renders/Silicon%20Labs%20Renders/48-TQFP_tmb.jpg,https://www.silabs.com/Support%20Documents%2fTechnicalDocs%2fEFM32G222.pdf,EFM32G222F128-QFP48T-ND,EFM32G222F128-QFP48T,Silicon Labs,IC MCU 32BIT 128KB FLASH 48TQFP,0,$2.61000,-,Tray,Gecko,Not For New Designs
https://media.digikey.com/Renders/Silicon%20Labs%20Renders/24-QFN%20Exposed%20Pad-tmb.jpg,https://www.silabs.com/Support%20Documents%2fTechnicalDocs%2fEFM32ZG110.pdf,EFM32ZG110F32-QFN24T-ND,EFM32ZG110F32-QFN24T,Silicon Labs,IC MCU 32BIT 32KB FLASH 24QFN,479 - Immediate,$1.42000,1,Tray  Alternate Packaging,Zero Gecko,Active
https://media.digikey.com/Renders/~~Pkg.Case%20or%20Series/33-WFQFN_tmb.jpg,http://www.nxp.com/documents/data_sheet/LPC111X.pdf,LPC1113FHN33/302:5-ND,LPC1113FHN33/302:5,NXP USA Inc.,IC MCU 32BIT 24KB FLASH 33HVQFN,0,$1.27575,4  000  Non-Stock,Tape & Reel (TR)  Alternate Packaging,LPC1100L,Active
https://media.digikey.com/Renders/~~Pkg.Case%20or%20Series/33-WFQFN_tmb.jpg,http://www.nxp.com/documents/data_sheet/LPC111X.pdf,568-5152-ND,LPC1114FHN33/302:5,NXP USA Inc.,IC MCU 32BIT 32KB FLASH 33HVQFN,3  805 - Immediate,$2.78000,1,Tray  Alternate Packaging,LPC1100L,Active
https://media.digikey.com/Renders/~~Pkg.Case%20or%20Series/64-LQFP_tmb.jpg,https://media.digikey.com/pdf/Data%20Sheets/NXP%20PDFs/LPC2114  24.pdf,568-4314-ND,LPC2124FBD64/01  15,NXP USA Inc.,IC MCU 32BIT 256KB FLASH 64LQFP,477 - Immediate,$13.04000,1,Tray,LPC2100,Active
https://media.digikey.com/Renders/~~Pkg.Case%20or%20Series/64-LQFP_tmb.jpg,http://www.nxp.com/documents/data_sheet/LPC2131_32_34_36_38.pdf,568-4006-ND,LPC2132FBD64/01  15,NXP USA Inc.,IC MCU 32BIT 64KB FLASH 64LQFP,2  551 - Immediate,$10.04000,1,Tray  Alternate Packaging,LPC2100,Active
https://media.digikey.com/Renders/~~Pkg.Case%20or%20Series/64-LQFP_tmb.jpg,http://www.nxp.com/documents/data_sheet/LPC2131_32_34_36_38.pdf,568-4008-ND,LPC2134FBD64/01  15,NXP USA Inc.,IC MCU 32BIT 128KB FLASH 64LQFP,414 - Immediate,$10.99000,1,Tray  Alternate Packaging,LPC2100,Active
https://media.digikey.com/Renders/~~Pkg.Case%20or%20Series/64-LQFP_tmb.jpg,http://www.nxp.com/documents/data_sheet/LPC2141_42_44_46_48.pdf,568-1764-ND,LPC2146FBD64  151,NXP USA Inc.,IC MCU 32BIT 256KB FLASH 64LQFP,592 - Immediate,$14.10000,1,Tray  Alternate Packaging,LPC2100,Active
https://media.digikey.com/Renders/~~Pkg.Case%20or%20Series/144-LQFP_tmb.jpg,http://www.nxp.com/documents/data_sheet/LPC2292_2294.pdf,568-4319-ND,LPC2292FBD144/01  5,NXP USA Inc.,IC MCU 32BIT 256KB FLASH 144LQFP,317 - Immediate,$17.76000,1,Tray,LPC2200,Active
https://media.digikey.com/Renders/Spansion%20Renders/1534;FPT-100P-M06;;100_tmb.jpg,http://www.cypress.com/file/237176/download,428-4325-ND,MB90F543PFR-GE1,Cypress Semiconductor Corp,IC MCU 16BIT,69 - Immediate,$26.00000,1,Tray,F²MC-16LX MB90540,Active
https://media.digikey.com/photos/Freescale%20Photos/132-BQFP%20Bumpered%20Package%20Style_tmb.jpg,https://media.digikey.com/pdf/Data%20Sheets/NXP%20PDFs/MC68331.pdf,MC68331CFC16-ND,MC68331CFC16,NXP USA Inc.,IC MCU 32BIT ROMLESS 132QFP,0,Obsolete,-,Tray,M683xx,Obsolete
https://media.digikey.com/photos/Freescale%20Photos/132-BQFP%20Bumpered%20Package%20Style_tmb.jpg,http://www.nxp.com/assets/documents/data/en/data-sheets/MC68332TS.pdf,MC68332ACFC20-ND,MC68332ACFC20,NXP USA Inc.,IC MCU 32BIT ROMLESS 132QFP,0,Obsolete,-,Tray,M683xx,Obsolete
https://media.digikey.com/Renders/STMicro%20Renders/52-PLCC_tmb.jpg,https://media.digikey.com/pdf/Data%20Sheets/Freescale%20Semi/M68HC11E%20Family.pdf,MC68HC11E1CFN2TR-ND,MC68HC11E1CFN2R2,NXP USA Inc.,IC MCU 8BIT ROMLESS 52PLCC,0,Obsolete,-,Tape & Reel (TR),HC11,Obsolete
https://media.digikey.com/Renders/STMicro%20Renders/52-PLCC_tmb.jpg,http://www.nxp.com/assets/documents/data/en/data-sheets/M68HC11E.pdf,MC68HC11E1CFNE2R-ND,MC68HC11E1CFNE2R,NXP USA Inc.,IC MCU 8BIT ROMLESS 52PLCC,0,$13.27884,-,Tape & Reel (TR)  Alternate Packaging,HC11,Not For New Designs
https://media.digikey.com/photos/Freescale%20Photos/MC68HC000EI16_tmb.JPG,http://www.nxp.com/assets/documents/data/en/data-sheets/MC68HC11F1.pdf,MC68HC11F1CFN4RTR-ND,MC68HC11F1CFN4R2,NXP USA Inc.,IC MCU 8BIT ROMLESS 68PLCC,0,Obsolete,-,Tape & Reel (TR),HC11,Obsolete
https://media.digikey.com/Renders/National%20Semi%20Renders/VGZ44A_tmb.jpg,http://www.nxp.com/assets/documents/data/en/data-sheets/MC68HC908AP64A.pdf,MC908AP32ACFBER-ND,MC908AP32ACFBER,NXP USA Inc.,IC MCU 8BIT 32KB FLASH 44QFP,0,$6.88045,-,Tape & Reel (TR)  Alternate Packaging,HC08,Not For New Designs
https://media.digikey.com/Renders/National%20Semi%20Renders/VGZ44A_tmb.jpg,http://www.nxp.com/assets/documents/data/en/data-sheets/MC68HC908GP32.pdf,MC908GP32CFBERTR-ND,MC908GP32CFBER,NXP USA Inc.,IC MCU 8BIT 32KB FLASH 44QFP,3  750 - Immediate,$10.12245,-,Tape & Reel (TR)  Alternate Packaging,HC08,Not For New Designs
https://media.digikey.com/Photos/Freescale%20Photos/MMA1200KEG_tmb.jpg,http://www.nxp.com/assets/documents/data/en/data-sheets/MC68HC908QY4A.pdf,MC908QY4ACDWE-ND,MC908QY4ACDWE,NXP USA Inc.,IC MCU 8BIT 4KB FLASH 16SOIC,1  614 - Immediate,$4.08000,-,Tube  Alternate Packaging,HC08,Not For New Designs
https://media.digikey.com/Photos/Freescale%20Photos/44-LQFP_tmb.jpg,https://media.digikey.com/pdf/Data%20Sheets/Freescale%20Semi/Chinese/MC9S08AC16_8_AW16_8.pdf,MC9S08AC8CFGE-ND,MC9S08AC8CFGE,NXP USA Inc.,IC MCU 8BIT 8KB FLASH 44LQFP,50 - Immediate,$5.35000,1,Tray  Alternate Packaging,S08,Active
https://media.digikey.com/Photos/Freescale%20Photos/44-LQFP_tmb.jpg,http://www.nxp.com/assets/documents/data/en/data-sheets/MC9S08AW60.pdf,MC9S08AW16CFGE-ND,MC9S08AW16CFGE,NXP USA Inc.,IC MCU 8BIT 16KB FLASH 44LQFP,1  615 - Immediate,$6.21000,1,Tray  Alternate Packaging,S08,Active
https://media.digikey.com/Renders/NXP%20Semi%20Renders/568;SOT96-1;%20D  S  T  TN2;8_tmb.jpg,http://www.nxp.com/assets/documents/data/en/data-sheets/MC9S08QD4.pdf,MC9S08QD2CSC-ND,MC9S08QD2CSC,NXP USA Inc.,IC MCU 8BIT 2KB FLASH 8SOIC,1  862 - Immediate,$2.12000,1,Tube  Alternate Packaging,S08,Active
https://media.digikey.com/Renders/~~Pkg.Case%20or%20Series/RU-16_tmb.jpg,http://www.nxp.com/assets/documents/data/en/data-sheets/MC9S08QG8.pdf,MC9S08QG4CDTE-ND,MC9S08QG4CDTE,NXP USA Inc.,IC MCU 8BIT 4KB FLASH 16TSSOP,1  646 - Immediate,$3.05000,1,Tube  Alternate Packaging,S08,Active
https://media.digikey.com/Renders/~~Pkg.Case%20or%20Series/RU-16_tmb.jpg,http://cache.freescale.com/files/microcontrollers/doc/data_sheet/MC9S08SH8.pdf,MC9S08SH8CTG-ND,MC9S08SH8CTG,NXP USA Inc.,IC MCU 8BIT 8KB FLASH 16TSSOP,837 - Immediate,$3.37000,1,Tube  Alternate Packaging,S08,Active
https://media.digikey.com/Renders/~~Pkg.Case%20or%20Series/RU-16_tmb.jpg,http://cache.freescale.com/files/microcontrollers/doc/data_sheet/MC9S08SH8.pdf,MC9S08SH8MTG-ND,MC9S08SH8MTG,NXP USA Inc.,IC MCU 8BIT 8KB FLASH 16TSSOP,46 - Immediate,$3.71000,1,Tube  Alternate Packaging,S08,Active
https://media.digikey.com/Photos/Freescale%20Photos/80-QFP_tmb.jpg,http://www.nxp.com/assets/documents/data/en/data-sheets/MC9S12XEP100RMV1.pdf,MC9S12XEG128MAA-ND,MC9S12XEG128MAA,NXP USA Inc.,IC MCU 16BIT 128KB FLASH 80QFP,1  958 - Immediate,$12.35000,1,Tray,HCS12X,Active
https://media.digikey.com/Renders/~~Pkg.Case%20or%20Series/RU-16_tmb.jpg,http://cache.freescale.com/files/microcontrollers/doc/data_sheet/MC9S08SH8.pdf,MC9S08SH8CTG-ND,MC9S08SH8CTG,NXP USA Inc.,IC MCU 8BIT 8KB FLASH 16TSSOP,837 - Immediate,$3.37000,1,Tube  Alternate Packaging,S08,Active
https://media.digikey.com/Renders/~~Pkg.Case%20or%20Series/RU-16_tmb.jpg,http://cache.freescale.com/files/microcontrollers/doc/data_sheet/MC9S08SH8.pdf,MC9S08SH8MTG-ND,MC9S08SH8MTG,NXP USA Inc.,IC MCU 8BIT 8KB FLASH 16TSSOP,46 - Immediate,$3.71000,1,Tube  Alternate Packaging,S08,Active
https://media.digikey.com/Photos/Freescale%20Photos/80-QFP_tmb.jpg,http://www.nxp.com/assets/documents/data/en/data-sheets/MC9S12XEP100RMV1.pdf,MC9S12XEG128MAA-ND,MC9S12XEG128MAA,NXP USA Inc.,IC MCU 16BIT 128KB FLASH 80QFP,1  958 - Immediate,$12.35000,1,Tray,HCS12X,Active
https://media.digikey.com/Photos/Freescale%20Photos/196-LBGA_tmb.jpg,http://www.nxp.com/assets/documents/data/en/data-sheets/MCF5208EC.pdf,MCF5208CVM166-ND,MCF5208CVM166,NXP USA Inc.,IC MCU 32BIT ROMLESS 196MAPBGA,1  334 - Immediate,$19.97000,1,Tray,MCF520x,Active
https://media.digikey.com/Renders/~~Pkg.Case%20or%20Series/20-SOIC%200.295_tmb.jpg,http://cache.freescale.com/files/microcontrollers/doc/data_sheet/MKE04P24M48SF0.pdf,MKE04Z8VWJ4-ND,MKE04Z8VWJ4,NXP USA Inc.,IC MCU 32BIT 8KB FLASH 20SOIC,590 - Immediate,$1.59000,1,Tube  Alternate Packaging,Kinetis KE04,Active
https://media.digikey.com/renders/Texas%20Instr%20Renders/32-QFN%20Pkg_tmb.jpg,http://www.ti.com/lit/ds/symlink/msp430f1122.pdf,296-16795-2-ND,MSP430F1232IRHBR,Texas Instruments,IC MCU 16BIT 8KB FLASH 32VQFN,3  000 - Immediate,$2.18519,3  000,Tape & Reel (TR)  Alternate Packaging,MSP430x1xx,Active
https://media.digikey.com/Renders/Texas%20Instr%20Renders/64-LQFP-PM_tmb.jpg,http://www.ti.com/lit/ds/symlink/msp430f133.pdf,296-26186-2-ND,MSP430F149IPMR,Texas Instruments,IC MCU 16BIT 60KB FLASH 64LQFP,5  000 - Immediate,$5.64705,1  000,Tape & Reel (TR)  Alternate Packaging,MSP430x1xx,Active
https://media.digikey.com/Renders/Texas%20Instr%20Renders/64-LQFP-PM_tmb.jpg,http://www.ti.com/lit/ds/symlink/msp430f155.pdf,296-17205-ND,MSP430F1611IPM,Texas Instruments,IC MCU 16BIT 48KB FLASH 64LQFP,3  320 - Immediate,$17.27000,1,Tray  Alternate Packaging,MSP430x1xx,Active
https://media.digikey.com/Renders/Texas%20Instr%20Renders/64-LQFP-PM_tmb.jpg,http://www.ti.com/lit/ds/symlink/msp430f155.pdf,296-17885-ND,MSP430F1612IPM,Texas Instruments,IC MCU 16BIT 55KB FLASH 64LQFP,3  609 - Immediate,$17.91000,1,Tray  Alternate Packaging,MSP430x1xx,Active
https://media.digikey.com/Renders/Texas%20Instr%20Renders/64-LQFP-PM_tmb.jpg,http://www.ti.com/lit/ds/symlink/msp430f2618.pdf,296-22697-2-ND,MSP430F2618TPMR,Texas Instruments,IC MCU 16BIT 116KB FLASH 64LQFP,4  000 - Immediate,$7.43204,1  000,Tape & Reel (TR)  Alternate Packaging,MSP430F2xx,Active
https://media.digikey.com/Renders/Texas%20Instr%20Renders/64-LQFP-PM_tmb.jpg,http://www.ti.com/lit/ds/symlink/msp430f4152.pdf,296-24861-2-ND,MSP430F4152IPMR,Texas Instruments,IC MCU 16BIT 16KB FLASH 64LQFP,16  000 - Immediate,$2.09440,1  000,Tape & Reel (TR)  Alternate Packaging,MSP430x4xx,Active
https://media.digikey.com/Renders/~~Pkg.Case%20or%20Series/100-LQFP_tmb.jpg,http://www.ti.com/lit/ds/symlink/msp430f437.pdf,296-26234-2-ND,MSP430F449IPZR,Texas Instruments,IC MCU 16BIT 60KB FLASH 100LQFP,7  000 - Immediate,$5.52420,1  000,Tape & Reel (TR)  Alternate Packaging,MSP430x4xx,Active
https://media.digikey.com/Renders/~~Pkg.Case%20or%20Series/100-LQFP_tmb.jpg,http://www.ti.com/lit/ds/symlink/msp430f5418a.pdf,296-37147-2-ND,MSP430F5438AIPZR,Texas Instruments,IC MCU 16BIT 256KB FLASH 100LQFP,4  000 - Immediate,$3.86100,1  000,Tape & Reel (TR)  Alternate Packaging,MSP430F5xx,Active
https://media.digikey.com/Renders/Texas%20Instr%20Renders/113-BGA-MicroStar-Junior_4204599-3C_tmb.jpg,http://www.ti.com/lit/ds/symlink/msp430f5418a.pdf,296-30375-2-ND,MSP430F5438AIZQWT,Texas Instruments,IC MCU 16BIT 256KB FLASH 113BGA,5  750 - Immediate,$5.17992,250,Tape & Reel (TR)  Alternate Packaging,MSP430F5xx,Active
https://media.digikey.com/Renders/~~Pkg.Case%20or%20Series/80-LQFP_tmb.jpg,http://www.ti.com/lit/ds/symlink/msp430f5529.pdf,296-27306-2-ND,MSP430F5529IPNR,Texas Instruments,IC MCU 16BIT 128KB FLASH 80LQFP,7  000 - Immediate,$4.03920,1  000,Tape & Reel (TR)  Alternate Packaging,MSP430F5xx,Active
https://media.digikey.com/Renders/~~Pkg.Case%20or%20Series/100-LQFP_tmb.jpg,http://www.ti.com/lit/ds/symlink/msp430fr6989.pdf,296-38379-5-ND,MSP430FR6989IPZ,Texas Instruments,IC MCU 16BIT 128KB FRAM 100LQFP,806 - Immediate,$8.60000,1,Tray  Alternate Packaging,MSP430™ FRAM,Active
https://media.digikey.com/Renders/~~Pkg.Case%20or%20Series/28-TSSOP_tmb.jpg,http://www.ti.com/lit/ds/symlink/msp430g2233.pdf,296-41341-2-ND,MSP430G2533IPW28R,Texas Instruments,IC MCU 16BIT 16KB FLASH 28TSSOP,0  Standard Lead Time 18 Weeks,$1.12860,2  000,Tape & Reel (TR)  Alternate Packaging,MSP430G2xx,Active
https://media.digikey.com/Renders/NXP%20Semi%20Renders/568;SOT188-2;A;68_tmb.jpg,http://www.nxp.com/documents/data_sheet/P8XC592.pdf,568-1241-5-ND,P80C592FFA/00  512,NXP USA Inc.,IC MCU 8BIT ROMLESS 68PLCC,0,Obsolete,-,Tube,80C,Obsolete
https://media.digikey.com/Renders/NXP%20Semi%20Renders/44-LQFP_tmb.jpg,http://www.nxp.com/documents/data_sheet/P80C3XX2_8XC5XX2.pdf,P87C52X2BBD  157-ND,P87C52X2BBD  157,NXP USA Inc.,IC MCU 8BIT 8KB OTP 44LQFP,0,Obsolete,-,Tray,87C,Obsolete
https://media.digikey.com/Renders/Texas%20Instr%20Renders/RHP-28-VQFN%20Pkg_tmb.jpg,http://www.nxp.com/documents/data_sheet/P89LPC932A1.pdf,568-2250-ND,P89LPC932A1FHN  151,NXP USA Inc.,IC MCU 8BIT 8KB FLASH 28HVQFN,0,Obsolete,-,Tray,LPC900,Obsolete
https://media.digikey.com/Renders/~~Pkg.Case%20or%20Series/Pkg%20MTC28_tmb.jpg,http://www.nxp.com/documents/data_sheet/P89LPC933_934_935_936.pdf,568-4339-2-ND,P89LPC936FDH  518,NXP USA Inc.,IC MCU 8BIT 16KB FLASH 28TSSOP,0,Obsolete,-,Tape & Reel (TR),LPC900,Obsolete
https://media.digikey.com/Renders/Microchip%20Tech%20Renders/150;C04-028;CH  OT;6_tmb.jpg,http://www.microchip.com/mymicrochip/filehandler.aspx?ddocname=en020112,PIC10F200T-I/OTTR-ND,PIC10F200T-I/OT,Microchip Technology,IC MCU 8BIT 384B FLASH SOT23-6,33  000 - Immediate,$0.36050,3  000,Tape & Reel (TR)  Alternate Packaging,PIC® 10F,Active
https://media.digikey.com/Renders/~~Pkg.Case%20or%20Series/40-DIP_tmb.jpg,http://www.microchip.com/mymicrochip/filehandler.aspx?ddocname=en011197,PIC16C74B-04I/P-ND,PIC16C74B-04I/P,Microchip Technology,IC MCU 8BIT 7KB OTP 40DIP,74 - Immediate,$5.96000,1,Tube,PIC® 16C,Active
https://media.digikey.com/Renders/Microchip%20Tech%20Renders/14-SOIC_tmb.jpg,http://www.microchip.com/mymicrochip/filehandler.aspx?ddocname=en547368,PIC16F1823T-I/SLTR-ND,PIC16F1823T-I/SL,Microchip Technology,IC MCU 8BIT 3.5KB FLASH 14SOIC,2  600 - Immediate,$0.96820,2  600,Tape & Reel (TR)  Alternate Packaging,PIC® XLP™ 16F,Active
https://media.digikey.com/Renders/Microchip%20Tech%20Renders/44-Lead-TQFP-PT_tmb.jpg,http://www.microchip.com/mymicrochip/filehandler.aspx?ddocname=en553864,PIC16F1939-I/PT-ND,PIC16F1939-I/PT,Microchip Technology,IC MCU 8BIT 28KB FLASH 44TQFP,5  297 - Immediate,$2.29000,1,Tray  Alternate Packaging,PIC® XLP™ 16F,Active
https://media.digikey.com/Renders/~~Pkg.Case%20or%20Series/40-DIP_tmb.jpg,http://www.microchip.com/mymicrochip/filehandler.aspx?ddocname=en011353,PIC16F74-I/P-ND,PIC16F74-I/P,Microchip Technology,IC MCU 8BIT 7KB FLASH 40DIP,736 - Immediate,$4.32000,1,Tube,PIC® 16F,Active
https://media.digikey.com/Renders/~~Pkg.Case%20or%20Series/18-SOIC_tmb.jpg,http://www.microchip.com/mymicrochip/filehandler.aspx?ddocname=en011801,PIC16F818-I/SO-ND,PIC16F818-I/SO,Microchip Technology,IC MCU 8BIT 1.75KB FLASH 18SOIC,2  354 - Immediate,$1.93000,1,Tube  Alternate Packaging,PIC® 16F,Active
https://media.digikey.com/Renders/~~Pkg.Case%20or%20Series/18-SOIC_tmb.jpg,http://www.microchip.com/mymicrochip/filehandler.aspx?ddocname=en011801,PIC16F818T-I/SOTR-ND,PIC16F818T-I/SO,Microchip Technology,IC MCU 8BIT 1.75KB FLASH 18SOIC,0  Standard Lead Time 26 Weeks,$1.99563,1  100,Tape & Reel (TR)  Alternate Packaging,PIC® 16F,Active
https://media.digikey.com/Renders/~~Pkg.Case%20or%20Series/18-DIP_tmb.jpg,http://www.microchip.com/mymicrochip/filehandler.aspx?ddocname=en011801,PIC16F819-I/P-ND,PIC16F819-I/P,Microchip Technology,IC MCU 8BIT 3.5KB FLASH 18DIP,3  042 - Immediate,$2.16000,1,Tube,PIC® 16F,Active
https://media.digikey.com/Renders/~~Pkg.Case%20or%20Series/18-SOIC_tmb.jpg,http://www.microchip.com/mymicrochip/filehandler.aspx?ddocname=en011801,PIC16F819-I/SO-ND,PIC16F819-I/SO,Microchip Technology,IC MCU 8BIT 3.5KB FLASH 18SOIC,2  750 - Immediate,$2.19000,1,Tube  Alternate Packaging,PIC® 16F,Active
https://media.digikey.com/Renders/Microchip%20Tech%20Renders/150;%20C04-048;%20L  %20LW;%2044_tmb.jpg,http://www.microchip.com/mymicrochip/filehandler.aspx?ddocname=en011789,PIC16F877A-I/L-ND,PIC16F877A-I/L,Microchip Technology,IC MCU 8BIT 14KB FLASH 44PLCC,1  128 - Immediate,$5.87000,1,Tube  Alternate Packaging,PIC® 16F,Active
https://media.digikey.com/Renders/Microchip%20Tech%20Renders/28-SOIC  M28B_tmb.jpg,http://www.microchip.com/mymicrochip/filehandler.aspx?ddocname=en020956,PIC16F913T-I/SOTR-ND,PIC16F913T-I/SO,Microchip Technology,IC MCU 8BIT 7KB FLASH 28SOIC,1  600 - Immediate,$2.10121,1  600,Tape & Reel (TR)  Alternate Packaging,PIC® 16F,Active
https://media.digikey.com/Renders/Microchip%20Tech%20Renders/14-SOIC_tmb.jpg,http://www.microchip.com/mymicrochip/filehandler.aspx?ddocname=en547368,PIC16LF1823T-I/SLTR-ND,PIC16LF1823T-I/SL,Microchip Technology,IC MCU 8BIT 3.5KB FLASH 14SOIC,2  600 - Immediate,$0.96820,2  600,Tape & Reel (TR)  Alternate Packaging,PIC® XLP™ 16F,Active
https://media.digikey.com/Renders/~~Pkg.Case%20or%20Series/100-LQFP_tmb.jpg,http://cache.freescale.com/files/32bit/doc/ref_manual/MC9S12GRMV1.pdf,S9S12G128F0MLL-ND,S9S12G128F0MLL,NXP USA Inc.,IC MCU 16BIT 128KB FLASH 100LQFP,591 - Immediate,$6.26000,1,Tray  Alternate Packaging,HCS12,Active
https://media.digikey.com/Renders/~~Pkg.Case%20or%20Series/100-LQFP_tmb.jpg,https://www.infineon.com/dgdl/c161pi_ds_199907.pdf?folderId=db3a304412b407950112b4391ae36c3b&fileId=db3a304412b407950112b4391b6f6c3c,C161PILFCAFXUMA1TR-ND,C161PILFCAFXUMA1,Infineon Technologies,IC MCU 16BIT ROMLESS 100TQFP,0,$7.77146,-,Tape & Reel (TR),C16xx,Last Time Buy
https://media.digikey.com/Renders/Infineon%20Renders/80-QFP_tmb.jpg,https://www.infineon.com/dgdl/Infineon-C164CI-DS-v02_00-en.pdf?folderId=db3a304412b407950112b408e8c90004&fileId=db3a304412b407950112b41e161331d0&ack=t,C164CILMCAFXUMA1TR-ND,C164CILMCAFXUMA1,Infineon Technologies,IC MCU 16BIT ROMLESS 80MQFP,0,$11.08772,-,Tape & Reel (TR),C16xx,Last Time Buy
https://media.digikey.com/Renders/Infineon%20Renders/P-PG-MQFP-100-2_tmb.jpg,https://www.infineon.com/dgdl/c165_ds_v20_2000_12_7.pdf?folderId=db3a304412b407950112b408e8c90004&fileId=db3a304412b407950112b4362c3764dc,C165LMHAFXQMA1TR-ND,C165LMHAFXQMA1,Infineon Technologies,IC MCU 16BIT ROMLESS 100MQFP,0,$15.50626,-,Tape & Reel (TR),C16xx,Last Time Buy
https://media.digikey.com/Renders/Infineon%20Renders/P-PG-MQFP-100-2_tmb.jpg,https://www.infineon.com/dgdl/c165_ds_v20_2000_12_7.pdf?folderId=db3a304412b407950112b408e8c90004&fileId=db3a304412b407950112b4362c3764dc,C165LM3VHAFXUMA1TR-ND,C165LM3VHAFXUMA1,Infineon Technologies,IC MCU 16BIT ROMLESS 100MQFP,0,$17.34978,-,Tape & Reel (TR),C16xx,Last Time Buy
https://media.digikey.com/Renders/Infineon%20Renders/P-PG-MQFP-144-8_tmb.jpg,https://www.infineon.com/dgdl/Infineon-C167CR-DS-v03_03-en%5B1%5D.pdf?fileId=db3a304412b407950112b41daf9f30b4&ack=t,C167CRLMHAFXUMA1TR-ND,C167CRLMHAFXUMA1,Infineon Technologies,IC MCU 16BIT ROMLESS 144MQFP,0,Discontinued at Digi-Key,-,Tape & Reel (TR),C16xx,Discontinued at Digi-Key
https://media.digikey.com/Renders/Microchip%20Tech%20Renders/150;%20C04-048;%20L  %20LW;%2044_tmb.jpg,http://www.microchip.com/mymicrochip/filehandler.aspx?ddocname=en551156,SST89V516RD2-33-C-NJE-ND,SST89V516RD2-33-C-NJE,Microchip Technology,IC MCU 8BIT 72KB FLASH 44PLCC,0,Obsolete,-,Tube,FlashFlex®,Obsolete
https://media.digikey.com/Renders/STMicro%20Renders/497;144LQFP-1.6-20x20;144_tmb.jpg,https://media.digikey.com/pdf/Data%20Sheets/ST%20Microelectronics%20PDFS/ST10R167.pdf,497-2043-ND,ST10R167-Q3,STMicroelectronics,IC MCU 16BIT ROMLESS 144QFP,0,Obsolete,-,Tray,ST10,Obsolete
https://media.digikey.com/Renders/~~Pkg.Case%20or%20Series/48-LQFP_tmb.jpg,http://www.st.com/content/ccc/resource/technical/document/datasheet/a4/5d/0b/0e/87/c4/4d/71/DM00088500.pdf/files/DM00088500.pdf/jcr:content/translations/en.DM00088500.pdf,497-17330-2-ND,STM32F030C6T6TR,STMicroelectronics,IC MCU 32BIT 32KB FLASH 48LQFP,0  Standard Lead Time 12 Weeks,$0.73359,2  400,Tape & Reel (TR)  Alternate Packaging,STM32F0,Active
https://media.digikey.com/Renders/~~Pkg.Case%20or%20Series/48-LQFP_tmb.jpg,http://www.st.com/content/ccc/resource/technical/document/datasheet/a4/5d/0b/0e/87/c4/4d/71/DM00088500.pdf/files/DM00088500.pdf/jcr:content/translations/en.DM00088500.pdf,497-14043-ND,STM32F030C8T6,STMicroelectronics,IC MCU 32BIT 64KB FLASH 48LQFP,14  524 - Immediate,$1.92000,1,Tray,STM32F0,Active
https://media.digikey.com/Renders/~~Pkg.Case%20or%20Series/48-LQFP_tmb.jpg,http://www.st.com/content/ccc/resource/technical/document/datasheet/dd/87/fd/2a/fb/3f/48/5c/CD00251732.pdf/files/CD00251732.pdf/jcr:content/translations/en.CD00251732.pdf,497-10499-ND,STM32F100C8T6B,STMicroelectronics,IC MCU 32BIT 64KB FLASH 48LQFP,4  883 - Immediate,$3.31000,1,Tray  Alternate Packaging,STM32F1,Active
https://media.digikey.com/Renders/~~Pkg.Case%20or%20Series/48-LQFP_tmb.jpg,http://www.st.com/content/ccc/resource/technical/document/datasheet/6b/28/4e/ce/a7/d3/42/8d/CD00161561.pdf/files/CD00161561.pdf/jcr:content/translations/en.CD00161561.pdf,497-6287-ND,STM32F101CBT6,STMicroelectronics,IC MCU 32BIT 128KB FLASH 48LQFP,1  448 - Immediate,$6.06000,1,Tray  Alternate Packaging,STM32F1,Active
https://media.digikey.com/Renders/~~Pkg.Case%20or%20Series/48-LQFP_tmb.jpg,http://www.st.com/content/ccc/resource/technical/document/datasheet/0d/93/e0/d7/77/bf/4c/54/CD00210843.pdf/files/CD00210843.pdf/jcr:content/translations/en.CD00210843.pdf,497-11515-ND,STM32F103C6T6A,STMicroelectronics,IC MCU 32BIT 32KB FLASH 48LQFP,1  990 - Immediate,$4.22000,1,Tray  Alternate Packaging,STM32F1,Active
https://media.digikey.com/Renders/STMicro%20Renders/48-UFQFPN_tmb.jpg,https://media.digikey.com/pdf/Data%20Sheets/ST%20Microelectronics%20PDFS/STM32F103x8  B.pdf,497-17381-ND,STM32F103CBU6,STMicroelectronics,IC MCU 32BIT 128KB FLASH 48QFPN,1  229 - Immediate,$5.39000,1,Tray,STM32F1,Active
https://media.digikey.com/Photos/STMicro%20Photos/STM32F101T6U6A_tmb.jpg,https://media.digikey.com/pdf/Data%20Sheets/ST%20Microelectronics%20PDFS/STM32F103x8  B.pdf,497-11534-ND,STM32F103TBU6,STMicroelectronics,IC MCU 32BIT 128KB FLASH 36QFPN,2  270 - Immediate,$5.65000,1,Tray,STM32F1,Active
https://media.digikey.com/Renders/~~Pkg.Case%20or%20Series/100-LQFP_tmb.jpg,https://media.digikey.com/pdf/Data%20Sheets/ST%20Microelectronics%20PDFS/STM32F103x8  B.pdf,497-6068-ND,STM32F103V8T6,STMicroelectronics,IC MCU 32BIT 64KB FLASH 100LQFP,138 - Immediate,$6.58000,1,Tray,STM32F1,Active
https://media.digikey.com/Renders/~~Pkg.Case%20or%20Series/100-LQFP_tmb.jpg,https://media.digikey.com/pdf/Data%20Sheets/ST%20Microelectronics%20PDFS/STM32F103x8  B.pdf,497-6070-ND,STM32F103VBT6,STMicroelectronics,IC MCU 32BIT 128KB FLASH 100LQFP,2  405 - Immediate,$6.60000,1,Tray  Alternate Packaging,STM32F1,Active
https://media.digikey.com/Renders/~~Pkg.Case%20or%20Series/100-LQFP_tmb.jpg,http://www.st.com/content/ccc/resource/technical/document/datasheet/59/f6/fa/84/20/4e/4c/59/CD00191185.pdf/files/CD00191185.pdf/jcr:content/translations/en.CD00191185.pdf,497-9034-ND,STM32F103VCT6,STMicroelectronics,IC MCU 32BIT 256KB FLASH 100LQFP,511 - Immediate,$6.94000,1,Tray  Alternate Packaging,STM32F1,Active
https://media.digikey.com/Renders/~~Pkg.Case%20or%20Series/100-LQFP_tmb.jpg,http://www.st.com/content/ccc/resource/technical/document/datasheet/59/f6/fa/84/20/4e/4c/59/CD00191185.pdf/files/CD00191185.pdf/jcr:content/translations/en.CD00191185.pdf,497-6443-ND,STM32F103VET6,STMicroelectronics,IC MCU 32BIT 512KB FLASH 100LQFP,1  332 - Immediate,$8.80000,1,Tray  Alternate Packaging,STM32F1,Active
https://media.digikey.com/Renders/~~Pkg.Case%20or%20Series/100-LQFP_tmb.jpg,http://www.st.com/content/ccc/resource/technical/document/datasheet/59/f6/fa/84/20/4e/4c/59/CD00191185.pdf/files/CD00191185.pdf/jcr:content/translations/en.CD00191185.pdf,497-11540-ND,STM32F103VET7,STMicroelectronics,IC MCU 32BIT 512KB FLASH 100LQFP,0  Standard Lead Time 12 Weeks,$9.41000,1,Tray,STM32F1,Active
https://media.digikey.com/Renders/STMicro%20Renders/497;144LQFP-1.6-20x20;144_tmb.jpg,http://www.st.com/content/ccc/resource/technical/document/datasheet/59/f6/fa/84/20/4e/4c/59/CD00191185.pdf/files/CD00191185.pdf/jcr:content/translations/en.CD00191185.pdf,497-6442-ND,STM32F103ZET6,STMicroelectronics,IC MCU 32BIT 512KB FLASH 144LQFP,2  205 - Immediate,$9.77000,1,Tray  Alternate Packaging,STM32F1,Active
https://media.digikey.com/Renders/STMicro%20Renders/497;144LQFP-1.6-20x20;144_tmb.jpg,http://www.st.com/content/ccc/resource/technical/document/datasheet/01/c1/9e/ad/b3/21/4b/d3/CD00253742.pdf/files/CD00253742.pdf/jcr:content/translations/en.CD00253742.pdf,497-11122-ND,STM32F103ZGT6,STMicroelectronics,IC MCU 32BIT 1MB FLASH 144LQFP,0  Standard Lead Time 12 Weeks,$11.78000,1,Tray,STM32F1,Active
https://media.digikey.com/Renders/~~Pkg.Case%20or%20Series/64-LQFP_tmb.jpg,http://www.st.com/content/ccc/resource/technical/document/datasheet/e4/f3/1a/89/5a/02/46/ae/CD00220364.pdf/files/CD00220364.pdf/jcr:content/translations/en.CD00220364.pdf,497-8920-ND,STM32F105RBT6,STMicroelectronics,IC MCU 32BIT 128KB FLASH 64LQFP,2  706 - Immediate,$7.14000,1,Tray,STM32F1,Active
https://media.digikey.com/Renders/~~Pkg.Case%20or%20Series/64-LQFP_tmb.jpg,https://media.digikey.com/pdf/Data%20Sheets/ST%20Microelectronics%20PDFS/STM32F20(5  7)xx.pdf,497-11153-ND,STM32F205RBT6,STMicroelectronics,IC MCU 32BIT 128KB FLASH 64LQFP,990 - Immediate,$7.12000,1,Tray,STM32F2,Active
https://media.digikey.com/Renders/~~Pkg.Case%20or%20Series/100-LQFP_tmb.jpg,https://media.digikey.com/pdf/Data%20Sheets/ST%20Microelectronics%20PDFS/STM32F20(5  7)xx.pdf,497-11170-ND,STM32F207VCT6,STMicroelectronics,IC MCU 32BIT 256KB FLASH 100LQFP,0  Standard Lead Time 14 Weeks,$9.30000,1,Tray,STM32F2,Active
https://media.digikey.com/Renders/STMicro%20Renders/497;144LQFP-1.6-20x20;144_tmb.jpg,https://media.digikey.com/pdf/Data%20Sheets/ST%20Microelectronics%20PDFS/STM32F20(5  7)xx.pdf,497-17408-2-ND,STM32F207ZGT6TR,STMicroelectronics,IC MCU 32BIT 1MB FLASH 144LQFP,0  Standard Lead Time 14 Weeks,$8.80498,500,Tape & Reel (TR)  Alternate Packaging,STM32F2,Active
https://media.digikey.com/Renders/~~Pkg.Case%20or%20Series/48-LQFP_tmb.jpg,http://www.st.com/content/ccc/resource/technical/document/datasheet/f2/1f/e1/41/ef/59/4d/50/DM00058181.pdf/files/DM00058181.pdf/jcr:content/translations/en.DM00058181.pdf,497-13318-ND,STM32F303CCT6,STMicroelectronics,IC MCU 32BIT 256KB FLASH 48LQFP,4  264 - Immediate,$5.94000,1,Tray,STM32F3,Active
https://media.digikey.com/Renders/~~Pkg.Case%20or%20Series/64-LQFP_tmb.jpg,http://www.st.com/content/ccc/resource/technical/document/datasheet/group3/38/c6/ca/d1/f7/d5/4e/30/DM00092070/files/DM00092070.pdf/jcr:content/translations/en.DM00092070.pdf,497-17423-ND,STM32F303RBT6,STMicroelectronics,IC MCU 32BIT 128KB FLASH 64LQFP,1  264 - Immediate,$5.55000,1,Tray,STM32F3,Active
https://media.digikey.com/Renders/~~Pkg.Case%20or%20Series/64-LQFP_tmb.jpg,http://www.st.com/content/ccc/resource/technical/document/datasheet/f2/1f/e1/41/ef/59/4d/50/DM00058181.pdf/files/DM00058181.pdf/jcr:content/translations/en.DM00058181.pdf,497-13304-ND,STM32F303RCT6,STMicroelectronics,IC MCU 32BIT 256KB FLASH 64LQFP,1  789 - Immediate,$6.38000,1,Tray,STM32F3,Active
https://media.digikey.com/Renders/~~Pkg.Case%20or%20Series/100-LQFP_tmb.jpg,http://www.st.com/content/ccc/resource/technical/document/datasheet/2c/6f/d7/64/1f/a3/4f/c9/DM00118585.pdf/files/DM00118585.pdf/jcr:content/translations/en.DM00118585.pdf,497-15164-ND,STM32F303VET6,STMicroelectronics,IC MCU 32BIT 512KB FLASH 100LQFP,4  821 - Immediate,$8.21000,1,Tray,STM32F3,Active
https://media.digikey.com/Renders/~~Pkg.Case%20or%20Series/64-LQFP_tmb.jpg,http://www.st.com/content/ccc/resource/technical/document/datasheet/f0/ac/ee/70/19/13/4f/56/DM00046749.pdf/files/DM00046749.pdf/jcr:content/translations/en.DM00046749.pdf,STM32F373R8T6TR-ND,STM32F373R8T6TR,STMicroelectronics,IC MCU 32BIT 64KB FLASH 64LQFP,0  Standard Lead Time 12 Weeks,$2.68128,1  000  Non-Stock,Tape & Reel (TR),STM32F3,Active
https://media.digikey.com/Renders/~~Pkg.Case%20or%20Series/64-LQFP_tmb.jpg,http://www.st.com/content/ccc/resource/technical/document/datasheet/30/91/86/2d/db/94/4a/d6/DM00102166.pdf/files/DM00102166.pdf/jcr:content/translations/en.DM00102166.pdf,497-17868-ND,STM32F401RDT6,STMicroelectronics,IC MCU 32BIT 384KB FLASH 64LQFP,752 - Immediate,$6.23000,1,Tray,STM32F4,Active
https://media.digikey.com/Renders/~~Pkg.Case%20or%20Series/100-LQFP_tmb.jpg,http://www.st.com/content/ccc/resource/technical/document/datasheet/ef/92/76/6d/bb/c2/4f/f7/DM00037051.pdf/files/DM00037051.pdf/jcr:content/translations/en.DM00037051.pdf,497-12075-ND,STM32F407VET6,STMicroelectronics,IC MCU 32BIT 512KB FLASH 100LQFP,3  168 - Immediate,$11.38000,1,Tray,STM32F4,Active
https://media.digikey.com/Renders/~~Pkg.Case%20or%20Series/100-LQFP_tmb.jpg,http://www.st.com/content/ccc/resource/technical/document/datasheet/ef/92/76/6d/bb/c2/4f/f7/DM00037051.pdf/files/DM00037051.pdf/jcr:content/translations/en.DM00037051.pdf,497-17438-ND,STM32F407VGT7,STMicroelectronics,IC MCU 32BIT 1MB FLASH 100LQFP,0  Standard Lead Time 14 Weeks,$12.88000,1,Tray,STM32F4,Active
https://media.digikey.com/Renders/~~Pkg.Case%20or%20Series/100-LQFP_tmb.jpg,http://www.st.com/content/ccc/resource/technical/document/datasheet/03/b4/b2/36/4c/72/49/29/DM00071990.pdf/files/DM00071990.pdf/jcr:content/translations/en.DM00071990.pdf,497-14049-ND,STM32F427VIT6,STMicroelectronics,IC MCU 32BIT 2MB FLASH 100LQFP,3  625 - Immediate,$14.35000,1,Tray,STM32F4,Active
https://media.digikey.com/Renders/STMicro%20Renders/176-LQFP_tmb.jpg,http://www.st.com/content/ccc/resource/technical/document/datasheet/03/b4/b2/36/4c/72/49/29/DM00071990.pdf/files/DM00071990.pdf/jcr:content/translations/en.DM00071990.pdf,497-14054-ND,STM32F429IIT6,STMicroelectronics,IC MCU 32BIT 2MB FLASH 176LQFP,0  Standard Lead Time 14 Weeks,$16.55000,1,Tray,STM32F4,Active
https://media.digikey.com/Renders/STMicro%20Renders/497;144LQFP-1.6-20x20;144_tmb.jpg,http://www.st.com/content/ccc/resource/technical/document/datasheet/03/b4/b2/36/4c/72/49/29/DM00071990.pdf/files/DM00071990.pdf/jcr:content/translations/en.DM00071990.pdf,497-14053-ND,STM32F429ZIT6,STMicroelectronics,IC MCU 32BIT 2MB FLASH 144LQFP,3  136 - Immediate,$15.52000,1,Tray,STM32F4,Active
https://media.digikey.com/Renders/STMicro%20Renders/100-UFBGA(7x7)_tmb.jpg,http://www.st.com/content/ccc/resource/technical/document/datasheet/96/ed/61/9b/e0/6c/45/0b/DM00166116.pdf/files/DM00166116.pdf/jcr:content/translations/en.DM00166116.pdf,497-16789-ND,STM32F745VEH6,STMicroelectronics,IC MCU 32BIT 512KB FLASH 100BGA,0  Standard Lead Time 14 Weeks,$6.46750,2  088  Non-Stock,Tray  Alternate Packaging,STM32F7,Active
https://media.digikey.com/Renders/STMicro%20Renders/176-LQFP_tmb.jpg,http://www.st.com/content/ccc/resource/technical/document/datasheet/96/ed/61/9b/e0/6c/45/0b/DM00166116.pdf/files/DM00166116.pdf/jcr:content/translations/en.DM00166116.pdf,497-15817-ND,STM32F746IGT6,STMicroelectronics,IC MCU 32BIT 1MB FLASH 176LQFP,37 - Immediate,$14.16000,1,Tray,STM32F7,Active
https://media.digikey.com/Renders/~~Pkg.Case%20or%20Series/100-LQFP_tmb.jpg,http://www.st.com/content/ccc/resource/technical/document/datasheet/96/ed/61/9b/e0/6c/45/0b/DM00166116.pdf/files/DM00166116.pdf/jcr:content/translations/en.DM00166116.pdf,497-15819-ND,STM32F746VGT6,STMicroelectronics,IC MCU 32BIT 1MB FLASH 100LQFP,1  852 - Immediate,$14.74000,1,Tray,STM32F7,Active
https://media.digikey.com/Renders/STMicro%20Renders/497;144LQFP-1.6-20x20;144_tmb.jpg,http://www.st.com/content/ccc/resource/technical/document/datasheet/96/ed/61/9b/e0/6c/45/0b/DM00166116.pdf/files/DM00166116.pdf/jcr:content/translations/en.DM00166116.pdf,497-15820-ND,STM32F746ZGT6,STMicroelectronics,IC MCU 32BIT 1MB FLASH 144LQFP,1  209 - Immediate,$16.01000,1,Tray,STM32F7,Active
https://media.digikey.com/Renders/STMicro%20Renders/20-TSSOP_tmb.jpg,http://www.st.com/content/ccc/resource/technical/document/datasheet/42/c0/ab/e5/71/7a/47/0b/DM00206508.pdf/files/DM00206508.pdf/jcr:content/translations/en.DM00206508.pdf,497-17477-ND,STM32L011F4P6,STMicroelectronics,IC MCU 32BIT 16KB FLASH 20TSSOP,48 - Immediate,$1.67000,1,Tube,STM32L0,Active
https://media.digikey.com/Renders/STMicro%20Renders/20-UFQFPN_tmb.jpg,http://www.st.com/content/ccc/resource/technical/document/datasheet/42/c0/ab/e5/71/7a/47/0b/DM00206508.pdf/files/DM00206508.pdf/jcr:content/translations/en.DM00206508.pdf,497-17478-2-ND,STM32L011F4U6TR,STMicroelectronics,IC MCU 32BIT 16KB FLASH 20QFPN,3  000 - Immediate,$0.81405,3  000,Tape & Reel (TR)  Alternate Packaging,STM32L0,Active
https://media.digikey.com/Renders/STMicro%20Renders/20-TSSOP_tmb.jpg,http://www.st.com/content/ccc/resource/technical/document/datasheet/aa/5d/77/ad/1a/59/4a/b9/DM00140359.pdf/files/DM00140359.pdf/jcr:content/translations/en.DM00140359.pdf,497-17484-ND,STM32L031F6P6,STMicroelectronics,IC MCU 32BIT 32KB FLASH 20TSSOP,820 - Immediate,$2.00000,1,Tray  Alternate Packaging,STM32L0,Active
https://media.digikey.com/Renders/~~Pkg.Case%20or%20Series/48-LQFP_tmb.jpg,http://www.st.com/content/ccc/resource/technical/document/datasheet/9a/75/bd/16/0f/fd/49/19/DM00108219.pdf/files/DM00108219.pdf/jcr:content/translations/en.DM00108219.pdf,497-14900-ND,STM32L051C8T6,STMicroelectronics,IC MCU 32BIT 64KB FLASH 48LQFP,1  624 - Immediate,$3.26000,1,Tray  Alternate Packaging,STM32L0,Active
https://media.digikey.com/Renders/~~Pkg.Case%20or%20Series/32-LQFP_tmb.jpg,http://www.st.com/content/ccc/resource/technical/document/datasheet/dc/d6/6d/24/86/2a/40/d3/DM00108217.pdf/files/DM00108217.pdf/jcr:content/translations/en.DM00108217.pdf,497-14904-ND,STM32L052K8T6,STMicroelectronics,IC MCU 32BIT 64KB FLASH 32LQFP,2  410 - Immediate,$3.63000,1,Tray,STM32L0,Active
https://media.digikey.com/Renders/~~Pkg.Case%20or%20Series/48-LQFP_tmb.jpg,http://www.st.com/content/ccc/resource/technical/document/datasheet/81/27/7d/29/b7/bd/49/f0/DM00078689.pdf/files/DM00078689.pdf/jcr:content/translations/en.DM00078689.pdf,497-17514-ND,STM32L151C8T6A,STMicroelectronics,IC MCU 32BIT 64KB FLASH 48LQFP,2  990 - Immediate,$4.51000,1,Tray,STM32L1,Active
https://media.digikey.com/Renders/STMicro%20Renders/48-VFQFN%20Exposed%20Pad_tmb.jpg,http://www.st.com/content/ccc/resource/technical/document/datasheet/2a/6e/97/91/cd/c0/43/8b/DM00048356.pdf/files/DM00048356.pdf/jcr:content/translations/en.DM00048356.pdf,497-17519-ND,STM32L151CCU6,STMicroelectronics,IC MCU 32BIT 256KB FLASH 48QFPN,0  Standard Lead Time 30 Weeks,$6.45000,1,Tray  Alternate Packaging,STM32L1,Active
https://media.digikey.com/Renders/~~Pkg.Case%20or%20Series/64-LQFP_tmb.jpg,http://www.st.com/content/ccc/resource/technical/document/datasheet/group1/a7/13/6a/ce/1f/f3/40/c1/DM00098321/files/DM00098321.pdf/jcr:content/translations/en.DM00098321.pdf,497-17527-ND,STM32L151RET6,STMicroelectronics,IC MCU 32BIT 512KB FLASH 64LQFP,2 - Immediate,$7.72000,1,Tray,STM32L1,Active
https://media.digikey.com/Renders/~~Pkg.Case%20or%20Series/48-LQFP_tmb.jpg,http://www.st.com/content/ccc/resource/technical/document/datasheet/2a/6e/97/91/cd/c0/43/8b/DM00048356.pdf/files/DM00048356.pdf/jcr:content/translations/en.DM00048356.pdf,497-17533-ND,STM32L152CCT6,STMicroelectronics,IC MCU 32BIT 256KB FLASH 48LQFP,1  331 - Immediate,$6.03000,1,Tray,STM32L1,Active
https://media.digikey.com/Renders/STMicro%20Renders/48-VFQFN%20Exposed%20Pad_tmb.jpg,http://www.st.com/content/ccc/resource/technical/document/datasheet/2a/6e/97/91/cd/c0/43/8b/DM00048356.pdf/files/DM00048356.pdf/jcr:content/translations/en.DM00048356.pdf,STM32L152CCU6-ND,STM32L152CCU6,STMicroelectronics,IC MCU 32BIT 256KB FLASH 48QFPN,0  Standard Lead Time 30 Weeks,$3.41915,1  560  Non-Stock,Tray,STM32L1,Active
https://media.digikey.com/Renders/STMicro%20Renders/STM8LxxxF3P6_tmb.jpg,http://www.st.com/content/ccc/resource/technical/document/datasheet/4f/65/a3/d2/dc/56/46/d2/DM00060484.pdf/files/DM00060484.pdf/jcr:content/translations/en.DM00060484.pdf,497-13042-5-ND,STM8L051F3P6,STMicroelectronics,IC MCU 8BIT 8KB FLASH 20TSSOP,0  Standard Lead Time 35 Weeks,$1.10000,1,Tube,STM8L EnergyLite,Active
https://media.digikey.com/Renders/~~Pkg.Case%20or%20Series/64-LQFP_tmb.jpg,http://www.st.com/content/ccc/resource/technical/document/datasheet/37/fe/db/33/ee/87/47/01/DM00057761.pdf/files/DM00057761.pdf/jcr:content/translations/en.DM00057761.pdf,497-13040-ND,STM8L052R8T6,STMicroelectronics,IC MCU 8BIT 64KB FLASH 64LQFP,4  942 - Immediate,$2.00000,1,Tray  Alternate Packaging,STM8L EnergyLite,Active
https://media.digikey.com/renders/STMicro%20Renders/497;A0B9_ME;U;48_tmb.jpg,http://www.st.com/content/ccc/resource/technical/document/datasheet/43/12/db/4c/8b/08/4a/73/CD00240181.pdf/files/CD00240181.pdf/jcr:content/translations/en.CD00240181.pdf,STM8L151C6U6TR-ND,STM8L151C6U6TR,STMicroelectronics,UFQFPN 7X7X0.55 48L,0  Standard Lead Time 35 Weeks,$1.00670,2  500  Non-Stock,Tape & Reel (TR)  Alternate Packaging,STM8L EnergyLite,Active
https://media.digikey.com/Renders/~~Pkg.Case%20or%20Series/32-LQFP_tmb.jpg,http://www.st.com/content/ccc/resource/technical/document/datasheet/43/12/db/4c/8b/08/4a/73/CD00240181.pdf/files/CD00240181.pdf/jcr:content/translations/en.CD00240181.pdf,497-10515-ND,STM8L151K4T6,STMicroelectronics,IC MCU 8BIT 16KB FLASH 32LQFP,1  504 - Immediate,$1.76000,1,Tray  Alternate Packaging,STM8L EnergyLite,Active
https://media.digikey.com/Renders/~~Pkg.Case%20or%20Series/64-LQFP_tmb.jpg,http://www.st.com/content/ccc/resource/technical/document/datasheet/40/f1/71/46/14/08/4b/00/CD00284933.pdf/files/CD00284933.pdf/jcr:content/translations/en.CD00284933.pdf,497-11574-ND,STM8L152R6T6,STMicroelectronics,IC MCU 8BIT 32KB FLASH 64LQFP,359 - Immediate,$2.56000,1,Tray,STM8L EnergyLite,Active
null,http://www.st.com/content/ccc/resource/technical/document/datasheet/21/5a/57/8b/f4/49/4a/12/DM00037613.pdf/files/DM00037613.pdf/jcr:content/translations/en.DM00037613.pdf,STM8S005K6T6CTR-ND,STM8S005K6T6CTR,STMicroelectronics,IC MCU 8BIT 32KB FLASH 32LQFP,0  Standard Lead Time 35 Weeks,$0.69160,2  400  Non-Stock,Tape & Reel (TR),STM8S,Active
https://media.digikey.com/Renders/~~Pkg.Case%20or%20Series/48-LQFP_tmb.jpg,http://www.st.com/content/ccc/resource/technical/document/datasheet/e1/a6/12/61/ea/f1/4b/b3/CD00200092.pdf/files/CD00200092.pdf/jcr:content/translations/en.CD00200092.pdf,497-8946-ND,STM8S105C6T6,STMicroelectronics,IC MCU 8BIT 32KB FLASH 48LQFP,0  Standard Lead Time 35 Weeks,$2.10000,1,Tray,STM8S,Active
https://media.digikey.com/Renders/~~Pkg.Case%20or%20Series/32-LQFP_tmb.jpg,http://www.st.com/content/ccc/resource/technical/document/datasheet/e1/a6/12/61/ea/f1/4b/b3/CD00200092.pdf/files/CD00200092.pdf/jcr:content/translations/en.CD00200092.pdf,497-8948-ND,STM8S105K6T6C,STMicroelectronics,IC MCU 8BIT 32KB FLASH 32LQFP,0  Standard Lead Time 35 Weeks,$1.86000,1,Tray,STM8S,Active
https://media.digikey.com/Renders/~~Pkg.Case%20or%20Series/64-LQFP_tmb.jpg,http://www.st.com/content/ccc/resource/technical/document/datasheet/25/e8/81/e9/be/85/4b/36/CD00197787.pdf/files/CD00197787.pdf/jcr:content/translations/en.CD00197787.pdf,497-8508-ND,STM8S207RBT6,STMicroelectronics,IC MCU 8BIT 128KB FLASH 64LQFP,0  Standard Lead Time 35 Weeks,$3.20000,1,Tray,STM8S,Active
https://media.digikey.com/Renders/STMicro%20Renders/44-LQFP_tmb.jpg,http://www.st.com/content/ccc/resource/technical/document/datasheet/25/e8/81/e9/be/85/4b/36/CD00197787.pdf/files/CD00197787.pdf/jcr:content/translations/en.CD00197787.pdf,STM8S207S8T6CTR-ND,STM8S207S8T6CTR,STMicroelectronics,IC MCU 8BIT 64KB FLASH 44LQFP,0  Standard Lead Time 35 Weeks,$1.46832,1  000  Non-Stock,Tape & Reel (TR),STM8S,Active
https://media.digikey.com/Renders/~~Pkg.Case%20or%20Series/80-LQFP_tmb.jpg,https://media.digikey.com/pdf/Data%20Sheets/ST%20Microelectronics%20PDFS/STR91xFAxxx.pdf,497-6279-ND,STR911FAM44X6,STMicroelectronics,IC MCU 32BIT 512KB FLASH 80LQFP,0,Obsolete,-,Tray,STR9,Obsolete
https://media.digikey.com/photos/Texas%20Instr%20Photos/296-132-BQFP_tmb.jpg,http://www.ti.com/lit/ds/symlink/tms320f240.pdf,296-2009-5-ND,TMS320F240PQ,Texas Instruments,IC MCU 16BIT 32KB FLASH 132BQFP,0,Obsolete,-,Tray,C2000™ C24x 16-Bit,Obsolete
https://media.digikey.com/Renders/~~Pkg.Case%20or%20Series/128-LQFP-14X14_tmb.jpg,http://www.ti.com/lit/ds/symlink/tms320f2810.pdf,296-17277-ND,TMS320F2810PBKQ,Texas Instruments,IC MCU 32BIT 128KB FLASH 128LQFP,240 - Immediate,$28.95000,1,Tray  Alternate Packaging,Automotive   AEC-Q100   C2000™ C28x Fixed-Point,Active
https://media.digikey.com/Renders/Texas%20Instr%20Renders/176-LQFP_tmb.jpg,https://media.digikey.com/pdf/Data%20Sheets/Texas%20Instruments%20PDFs/TMS320x2810-12.pdf,296-15990-ND,TMS320F2812PGFA,Texas Instruments,IC MCU 32BIT 256KB FLASH 176LQFP,0  Standard Lead Time 35 Weeks,$24.20000,1,Tray,C2000™ C28x Fixed-Point,Active
https://media.digikey.com/Renders/~~Pkg.Case%20or%20Series/100-LQFP_tmb.jpg,http://www.ti.com/lit/ds/symlink/tms320lf2402a.pdf,296-12546-ND,TMS320LF2406APZA,Texas Instruments,IC MCU 16BIT 64KB FLASH 100LQFP,1  534 - Immediate,$15.80000,1,Tray  Alternate Packaging,C2000™ C24x 16-Bit,Active
https://media.digikey.com/Renders/~~Pkg.Case%20or%20Series/144-LQFP_tmb.jpg,http://www.ti.com/lit/ds/symlink/tms320lf2402a.pdf,296-12548-ND,TMS320LF2407APGEA,Texas Instruments,IC MCU 16BIT 64KB FLASH 144LQFP,980 - Immediate,$17.41000,1,Tray,C2000™ C24x 16-Bit,Active
https://media.digikey.com/Renders/~~Pkg.Case%20or%20Series/18-DIP_tmb.jpg,http://www.zilog.com/docs/z8/z86e04.pdf,269-1017-ND,Z86E0408PSC1866,Zilog,IC MCU 8BIT 1KB OTP 18DIP,0,Obsolete,-,Tube,Z8®,Obsolete
https://media.digikey.com/Renders/~~Pkg.Case%20or%20Series/28-PDip_tmb.jpg,http://www.zilog.com/docs/z8/z86e30.pdf,Z86E3116PSG-ND,Z86E3116PSG,Zilog,IC MCU 8BIT 2KB OTP 28DIP,0,$3.92494,255  Non-Stock,Tube,Z8®,Active
