https://media.digikey.com/Renders/NXP%20Semi%20Renders/14-SOIC-SOT108-1_tmb.jpg,https://assets.nexperia.com/documents/data-sheet/HEF4011B.pdf,1727-6400-2-ND,HEF4011BT  653,Nexperia USA Inc.,IC GATE NAND 4CH 2-INP 14SO,12  500 - Immediate,$0.11322,2  500,Tape & Reel (TR)  Alternate Packaging,4000B,Active
https://media.digikey.com/Renders/Texas%20Instr%20Renders/296;4040047-5;D;14_tmb.jpg,http://www.ti.com/lit/ds/symlink/sn74hc14.pdf,296-1194-2-ND,SN74HC14DR,Texas Instruments,IC INVERTER SCHMITT 6CH 14SOIC,107  500 - Immediate,$0.10440,2  500,Tape & Reel (TR)  Alternate Packaging,74HC,Active
https://media.digikey.com/Renders/NXP%20Semi%20Renders/14-SOIC-SOT108-1_tmb.jpg,https://assets.nexperia.com/documents/data-sheet/HEF40106B.pdf,1727-2943-2-ND,HEF40106BT  653,Nexperia USA Inc.,IC INVERTER SCHMITT 6CH 14SO,5  000 - Immediate,$0.11466,2  500,Tape & Reel (TR)  Alternate Packaging,4000B,Active
https://media.digikey.com/Renders/Texas%20Instr%20Renders/14-DIP_tmb.jpg,http://www.ti.com/lit/ds/symlink/sn74hc08.pdf,296-1570-5-ND,SN74HC08N,Texas Instruments,IC GATE AND 4CH 2-INP 14DIP,5  293 - Immediate,$0.48000,1,Tube  Alternate Packaging,74HC,Active
https://media.digikey.com/Renders/Texas%20Instr%20Renders/14-DIP_tmb.jpg,http://www.ti.com/lit/ds/symlink/sn74hc14.pdf,296-1577-5-ND,SN74HC14N,Texas Instruments,IC INVERTER SCHMITT 6CH 14DIP,11  457 - Immediate,$0.56000,1,Tube  Alternate Packaging,74HC,Active
https://media.digikey.com/Renders/Texas%20Instr%20Renders/296;4040047-5;D;14_tmb.jpg,http://www.ti.com/lit/ds/symlink/sn74hct04.pdf,296-1205-2-ND,SN74HCT04DR,Texas Instruments,IC INVERTER 6CH 6-INP 14SOIC,0  Standard Lead Time 6 Weeks,$0.09900,2  500,Tape & Reel (TR)  Alternate Packaging,74HCT,Active
https://media.digikey.com/Renders/NXP%20Semi%20Renders/14-SOIC-SOT108-1_tmb.jpg,https://assets.nexperia.com/documents/data-sheet/74HC_HCT00.pdf,1727-2773-2-ND,74HC00D  653,Nexperia USA Inc.,IC GATE NAND 4CH 2-INP 14SO,37  500 - Immediate,$0.08660,2  500,Tape & Reel (TR)  Alternate Packaging,74HC,Active
https://media.digikey.com/Renders/NXP%20Semi%20Renders/14-SOIC-SOT108-1_tmb.jpg,https://assets.nexperia.com/documents/data-sheet/74HC_HCT04.pdf,1727-2776-2-ND,74HC04D  653,Nexperia USA Inc.,IC INVERTER 6CH 6-INP 14SO,15  000 - Immediate,$0.08406,2  500,Tape & Reel (TR)  Alternate Packaging,74HC,Active
https://media.digikey.com/Renders/NXP%20Semi%20Renders/14-SOIC-SOT108-1_tmb.jpg,https://assets.nexperia.com/documents/data-sheet/74HC_HCT08.pdf,1727-2777-2-ND,74HC08D  653,Nexperia USA Inc.,IC GATE AND 4CH 2-INP 14SO,20  000 - Immediate,$0.08406,2  500,Tape & Reel (TR)  Alternate Packaging,74HC,Active
https://media.digikey.com/Renders/NXP%20Semi%20Renders/14-SOIC-SOT108-1_tmb.jpg,https://assets.nexperia.com/documents/data-sheet/74HC_HCT132.pdf,1727-2780-2-ND,74HC132D  653,Nexperia USA Inc.,IC GATE NAND SCHMITT 4CH 14SO,30  000 - Immediate,$0.08604,2  500,Tape & Reel (TR)  Alternate Packaging,74HC,Active
https://media.digikey.com/Renders/NXP%20Semi%20Renders/14-SOIC-SOT108-1_tmb.jpg,https://assets.nexperia.com/documents/data-sheet/74HC_HCT32.pdf,1727-2797-2-ND,74HC32D  653,Nexperia USA Inc.,IC GATE OR 4CH 2-INP 14SO,20  000 - Immediate,$0.09000,2  500,Tape & Reel (TR)  Alternate Packaging,74HC,Active
https://media.digikey.com/Renders/NXP%20Semi%20Renders/14-SOIC-SOT108-1_tmb.jpg,https://assets.nexperia.com/documents/data-sheet/74HC_HCT86.pdf,1727-2827-2-ND,74HC86D  653,Nexperia USA Inc.,IC GATE XOR 4CH 2-INP 14SO,5  000 - Immediate,$0.08880,2  500,Tape & Reel (TR)  Alternate Packaging,74HC,Active
https://media.digikey.com/Renders/Texas%20Instr%20Renders/14-DIP_tmb.jpg,http://www.ti.com/lit/ds/symlink/cd4001b.pdf,296-2028-5-ND,CD4001BE,Texas Instruments,IC GATE NOR 4CH 2-INP 14DIP,48  277 - Immediate,$0.51000,1,Tube  Alternate Packaging,4000B,Active
https://media.digikey.com/Renders/Texas%20Instr%20Renders/14-DIP_tmb.jpg,http://www.ti.com/lit/ds/symlink/cd40106b.pdf,296-3503-5-ND,CD40106BE,Texas Instruments,IC INVERTER 6CH 6-INP 14DIP,53  196 - Immediate,$0.51000,1,Tube  Alternate Packaging,4000B,Active
https://media.digikey.com/Renders/Texas%20Instr%20Renders/14-DIP_tmb.jpg,http://www.ti.com/lit/ds/symlink/cd4011b.pdf,296-2031-5-ND,CD4011BE,Texas Instruments,IC GATE NAND 4CH 2-INP 14DIP,27  375 - Immediate,$0.51000,1,Tube  Alternate Packaging,4000B,Active
https://media.digikey.com/Renders/Texas%20Instr%20Renders/14-DIP_tmb.jpg,http://www.ti.com/lit/ds/symlink/cd4069ub.pdf,296-3518-5-ND,CD4069UBE,Texas Instruments,IC INVERTER 6CH 6-INP 14DIP,17  956 - Immediate,$0.51000,1,Tube  Alternate Packaging,4000B,Active
https://media.digikey.com/Renders/Texas%20Instr%20Renders/14-DIP_tmb.jpg,http://www.ti.com/lit/ds/symlink/cd4071b.pdf,296-2062-5-ND,CD4071BE,Texas Instruments,IC GATE OR 4CH 2-INP 14DIP,3  926 - Immediate,$0.51000,1,Tube  Alternate Packaging,4000B,Active
https://media.digikey.com/Renders/Texas%20Instr%20Renders/14-DIP_tmb.jpg,http://www.ti.com/lit/ds/symlink/cd4073b.pdf,296-2064-5-ND,CD4073BE,Texas Instruments,IC GATE AND 3CH 3-INP 14DIP,1  429 - Immediate,$0.51000,1,Tube  Alternate Packaging,4000B,Active
https://media.digikey.com/Renders/Texas%20Instr%20Renders/14-DIP_tmb.jpg,http://www.ti.com/lit/ds/symlink/cd4073b.pdf,296-2066-5-ND,CD4081BE,Texas Instruments,IC GATE AND 4CH 2-INP 14DIP,17  185 - Immediate,$0.51000,1,Tube  Alternate Packaging,4000B,Active
https://media.digikey.com/Renders/Texas%20Instr%20Renders/14-DIP_tmb.jpg,http://www.ti.com/lit/ds/symlink/cd4093b.pdf,296-2068-5-ND,CD4093BE,Texas Instruments,IC GATE NAND 4CH 2-INP 14DIP,40  866 - Immediate,$0.49000,1,Tube  Alternate Packaging,4000B,Active
https://media.digikey.com/Renders/Texas%20Instr%20Renders/14-DIP_tmb.jpg,http://www.ti.com/lit/ds/symlink/cd74hc30.pdf,296-2111-5-ND,CD74HCT30E,Texas Instruments,IC GATE NAND 1CH 8-INP 14DIP,2  229 - Immediate,$0.41000,1,Tube  Alternate Packaging,74HCT,Active
https://media.digikey.com/Renders/NXP%20Semi%20Renders/14-SOIC-SOT108-1_tmb.jpg,https://assets.nexperia.com/documents/data-sheet/HEF4001B.pdf,1727-6398-2-ND,HEF4001BT  653,Nexperia USA Inc.,IC GATE NOR 4CH 2-INP 14SO,2  500 - Immediate,$0.10593,2  500,Tape & Reel (TR)  Alternate Packaging,4000B,Active
https://media.digikey.com/Renders/NXP%20Semi%20Renders/14-SOIC-SOT108-1_tmb.jpg,https://assets.nexperia.com/documents/data-sheet/HEF4069UB.pdf,1727-6268-2-ND,HEF4069UBT  653,Nexperia USA Inc.,IC INVERTER 6CH 6-INP 14SO,2  500 - Immediate,$0.11451,2  500,Tape & Reel (TR)  Alternate Packaging,4000B,Active
https://media.digikey.com/Renders/NXP%20Semi%20Renders/14-SOIC-SOT108-1_tmb.jpg,https://assets.nexperia.com/documents/data-sheet/HEF4071B.pdf,1727-6415-2-ND,HEF4071BT  653,Nexperia USA Inc.,IC GATE OR 4CH 2-INP 14SO,0  Standard Lead Time 8 Weeks,$0.11666,2  500,Tape & Reel (TR)  Alternate Packaging,4000B,Active
https://media.digikey.com/Renders/NXP%20Semi%20Renders/14-SOIC-SOT108-1_tmb.jpg,https://assets.nexperia.com/documents/data-sheet/HEF4081B.pdf,1727-6416-2-ND,HEF4081BT  653,Nexperia USA Inc.,IC GATE AND 4CH 2-INP 14SO,0  Standard Lead Time 8 Weeks,$0.13084,2  500,Tape & Reel (TR)  Alternate Packaging,4000B,Active
https://media.digikey.com/Renders/NXP%20Semi%20Renders/14-SOIC-SOT108-1_tmb.jpg,https://assets.nexperia.com/documents/data-sheet/HEF4093B.pdf,1727-2951-2-ND,HEF4093BT  653,Nexperia USA Inc.,IC GATE NAND SCHMITT 4CH 14SO,52  500 - Immediate,$0.10318,2  500,Tape & Reel (TR)  Alternate Packaging,4000B,Active
https://media.digikey.com/Renders/Texas%20Instr%20Renders/14-DIP_tmb.jpg,http://www.ti.com/lit/ds/symlink/sn74ls38.pdf,296-1733-5-ND,SN74S38N,Texas Instruments,IC GATE NAND 4CH 2-INP 14DIP,2  958 - Immediate,$2.19000,1,Tube,74S,Active
https://media.digikey.com/Renders/Texas%20Instr%20Renders/14-DIP_tmb.jpg,http://www.ti.com/lit/ds/symlink/sn74ls05.pdf,296-33596-5-ND,SN7405N,Texas Instruments,IC INVERTER OPEN COL 6CH 14DIP,405 - Immediate,$1.91000,1,Tube  Alternate Packaging,7400,Active
https://media.digikey.com/Renders/Texas%20Instr%20Renders/14SOIC_tmb.jpg,http://www.ti.com/lit/ds/symlink/sn7406.pdf,296-28862-2-ND,SN7416NSR,Texas Instruments,IC INVERTER OPEN COL 6CH 14SOP,0  Standard Lead Time 6 Weeks,$0.84645,2  000,Tape & Reel (TR)  Alternate Packaging,7400,Active
https://media.digikey.com/Renders/Texas%20Instr%20Renders/SOT-23-5%20PKG_tmb.jpg,http://www.ti.com/lit/ds/symlink/sn74ahc1g02.pdf,296-1088-2-ND,SN74AHC1G02DBVR,Texas Instruments,IC GATE NOR 1CH 2-INP SOT23-5,30  000 - Immediate,$0.09180,3  000,Tape & Reel (TR)  Alternate Packaging,74AHC,Active
https://media.digikey.com/Renders/Texas%20Instr%20Renders/14SOIC_tmb.jpg,http://www.ti.com/lit/ds/symlink/sn74als05a.pdf,296-38223-2-ND,SN74ALS05ANSR,Texas Instruments,IC INVERTER OPEN COL 6CH 14SOP,0  Standard Lead Time 6 Weeks,$0.35670,2  000,Tape & Reel (TR)  Alternate Packaging,74ALS,Active
https://media.digikey.com/Renders/Texas%20Instr%20Renders/14-DIP_tmb.jpg,http://www.ti.com/lit/ds/symlink/sn74als1004.pdf,296-33700-5-ND,SN74ALS1004N,Texas Instruments,IC INVERTER 6CH 6-INP 14DIP,167 - Immediate,$3.02000,1,Tube,74ALS,Active
https://media.digikey.com/Renders/Texas%20Instr%20Renders/14-DIP_tmb.jpg,http://www.ti.com/lit/ds/symlink/sn74als10a.pdf,296-5011-5-ND,SN74ALS10AN,Texas Instruments,IC GATE NAND 3CH 3-INP 14DIP,949 - Immediate,$0.90000,1,Tube,74ALS,Active
https://media.digikey.com/Renders/~~Pkg.Case%20or%20Series/DIP16_SOT38-1%20Pkg_tmb.jpg,http://www.ti.com/lit/ds/symlink/sn74als133.pdf,296-5017-5-ND,SN74ALS133N,Texas Instruments,IC GATE NAND 1CH 13-INP 16DIP,172 - Immediate,$3.92000,1,Tube,74ALS,Active
https://media.digikey.com/Renders/Texas%20Instr%20Renders/14-DIP_tmb.jpg,http://www.ti.com/lit/ds/symlink/sn74as30.pdf,296-1494-5-ND,SN74ALS30AN,Texas Instruments,IC GATE NAND 1CH 8-INP 14DIP,0,$0.92341,-,Tube,74ALS,Not For New Designs
https://media.digikey.com/Renders/Texas%20Instr%20Renders/14-DIP_tmb.jpg,https://media.digikey.com/pdf/Data%20Sheets/Texas%20Instruments%20PDFs/SN54_74ALS33A_Rev2007.pdf,SN74ALS33AN-ND,SN74ALS33AN,Texas Instruments,IC GATE NOR 4CH 2-INP 14DIP,0,Obsolete,-,Tube,74ALS,Obsolete
https://media.digikey.com/Renders/Texas%20Instr%20Renders/14-DIP_tmb.jpg,http://www.ti.com/lit/ds/symlink/sn74als37a.pdf,296-33740-5-ND,SN74ALS37AN,Texas Instruments,IC GATE NAND 4CH 2-INP 14DIP,78 - Immediate,$4.28000,1  Non-Stock,Tube,74ALS,Active
https://media.digikey.com/Renders/Texas%20Instr%20Renders/14-DIP_tmb.jpg,http://www.ti.com/lit/ds/symlink/sn74als10a.pdf,296-6334-5-ND,SN74AS10N,Texas Instruments,IC GATE NAND 3CH 3-INP 14DIP,294 - Immediate,$1.47000,1  Non-Stock,Tube,74AS,Active
https://media.digikey.com/Renders/Texas%20Instr%20Renders/14-DIP_tmb.jpg,http://www.ti.com/lit/ds/symlink/sn74als20a.pdf,296-33798-5-ND,SN74AS20N,Texas Instruments,IC GATE NAND 2CH 4-INP 14DIP,274 - Immediate,$2.44000,1  Non-Stock,Tube,74AS,Active
https://media.digikey.com/Renders/Texas%20Instr%20Renders/14-DIP_tmb.jpg,http://www.ti.com/lit/ds/symlink/sn74as30.pdf,296-33810-5-ND,SN74AS30N,Texas Instruments,IC GATE NAND 1CH 8-INP 14DIP,180 - Immediate  10  000 - Factory Stock,$3.17000,-,Tube,74AS,Not For New Designs
https://media.digikey.com/Renders/Texas%20Instr%20Renders/14SOIC_tmb.jpg,http://www.ti.com/lit/ds/symlink/sn74f20.pdf,296-3564-2-ND,SN74F20NSR,Texas Instruments,IC GATE NAND 2CH 4-INP 14SOP,0  Standard Lead Time 6 Weeks,$0.23095,2  000,Tape & Reel (TR)  Alternate Packaging,74F,Active
https://media.digikey.com/Renders/Texas%20Instr%20Renders/14-DIP_tmb.jpg,http://www.ti.com/lit/pdf/sdfs043,296-33909-5-ND,SN74F30N,Texas Instruments,IC GATE NAND 1CH 8-INP 14DIP,1  359 - Immediate,$0.65000,1  Non-Stock,Tube  Alternate Packaging,74F,Active
https://media.digikey.com/Renders/Texas%20Instr%20Renders/14SOIC_tmb.jpg,http://www.ti.com/lit/ds/symlink/sn74hc00.pdf,296-8202-2-ND,SN74HC00NSR,Texas Instruments,IC GATE NAND 4CH 2-INP 14SOP,6  000 - Immediate,$0.14260,2  000,Tape & Reel (TR)  Alternate Packaging,74HC,Active
https://media.digikey.com/Renders/Texas%20Instr%20Renders/14-DIP_tmb.jpg,http://www.ti.com/lit/ds/symlink/sn74hc02.pdf,296-1564-5-ND,SN74HC02N,Texas Instruments,IC GATE NOR 4CH 2-INP 14DIP,5  532 - Immediate,$0.48000,1,Tube  Alternate Packaging,74HC,Active
https://media.digikey.com/Renders/Texas%20Instr%20Renders/14-DIP_tmb.jpg,http://www.ti.com/lit/ds/symlink/sn74hc04.pdf,296-1566-5-ND,SN74HC04N,Texas Instruments,IC INVERTER 6CH 6-INP 14DIP,9  777 - Immediate,$0.53000,1,Tube  Alternate Packaging,74HC,Active
https://media.digikey.com/Renders/Texas%20Instr%20Renders/296;4040047-5;D;14_tmb.jpg,http://www.ti.com/lit/ds/symlink/sn74hc11.pdf,296-14830-2-ND,SN74HC11DR,Texas Instruments,IC GATE AND 3CH 3-INP 14SOIC,2  500 - Immediate,$0.13530,2  500,Tape & Reel (TR)  Alternate Packaging,74HC,Active
https://media.digikey.com/Renders/Texas%20Instr%20Renders/14-DIP_tmb.jpg,http://www.ti.com/lit/ds/symlink/sn74hc132.pdf,296-1573-5-ND,SN74HC132N,Texas Instruments,IC GATE NAND SCHMITT 4CH 14DIP,7  202 - Immediate,$0.43000,1,Tube  Alternate Packaging,74HC,Active
https://media.digikey.com/Renders/~~Pkg.Case%20or%20Series/14-TSSOP_tmb.jpg,http://www.ti.com/lit/ds/symlink/sn74hc14.pdf,296-8234-2-ND,SN74HC14PWR,Texas Instruments,IC INVERTER SCHMITT 6CH 14TSSOP,10  000 - Immediate,$0.10440,2  000,Tape & Reel (TR)  Alternate Packaging,74HC,Active
https://media.digikey.com/photos/Texas%20Instr%20Photos/296-14-SSOP_tmb.jpg,http://www.ti.com/lit/ds/symlink/sn74hc27.pdf,296-28507-2-ND,SN74HC27DBR,Texas Instruments,IC GATE NOR 3CH 3-INP 14SSOP,0  Standard Lead Time 6 Weeks,$0.13035,2  000,Tape & Reel (TR)  Alternate Packaging,74HC,Active
https://media.digikey.com/Renders/Texas%20Instr%20Renders/14SOIC_tmb.jpg,http://www.ti.com/lit/ds/symlink/sn74hc86.pdf,296-26488-2-ND,SN74HC86NSR,Texas Instruments,IC GATE XOR 4CH 2-INP 14SOP,2  000 - Immediate,$0.14260,2  000,Tape & Reel (TR)  Alternate Packaging,74HC,Active
https://media.digikey.com/Renders/Texas%20Instr%20Renders/14-DIP_tmb.jpg,http://www.ti.com/lit/ds/symlink/sn74ls04.pdf,296-1629-5-ND,SN74LS04N,Texas Instruments,IC INVERTER 6CH 6-INP 14DIP,31  583 - Immediate,$0.73000,1,Tube  Alternate Packaging,74LS,Active
https://media.digikey.com/Renders/Texas%20Instr%20Renders/14-DIP_tmb.jpg,http://www.ti.com/lit/ds/symlink/sn74ls06.pdf,296-15069-5-ND,SN74LS06N,Texas Instruments,IC INVERTER OPEN COL 6CH 14DIP,2  363 - Immediate,$0.91000,1,Tube  Alternate Packaging,74LS,Active
https://media.digikey.com/Renders/Texas%20Instr%20Renders/14-DIP_tmb.jpg,http://www.ti.com/lit/ds/symlink/sn74ls08.pdf,296-1633-5-ND,SN74LS08N,Texas Instruments,IC GATE AND 4CH 2-INP 14DIP,86  556 - Immediate,$0.65000,1,Tube,74LS,Active
https://media.digikey.com/Renders/Texas%20Instr%20Renders/14SOIC_tmb.jpg,http://www.ti.com/lit/ds/symlink/sn7414.pdf,296-3652-2-ND,SN74LS14NSR,Texas Instruments,IC INVERTER SCHMITT 6CH 14SOP,2  000 - Immediate,$0.25810,2  000,Tape & Reel (TR)  Alternate Packaging,74LS,Active
https://media.digikey.com/Renders/Texas%20Instr%20Renders/14SOIC_tmb.jpg,http://www.ti.com/lit/ds/symlink/sn74ls20.pdf,296-28848-2-ND,SN74LS20NSR,Texas Instruments,IC GATE NAND 2CH 4-INP 14SOP,0  Standard Lead Time 6 Weeks,$0.41720,2  000,Tape & Reel (TR)  Alternate Packaging,74LS,Active
https://media.digikey.com/Renders/Texas%20Instr%20Renders/14SOIC_tmb.jpg,http://www.ti.com/lit/ds/symlink/sn74ls30.pdf,296-28849-2-ND,SN74LS30NSR,Texas Instruments,IC GATE NAND 1CH 8-INP 14SOP,0  Standard Lead Time 6 Weeks,$0.41720,2  000,Tape & Reel (TR)  Alternate Packaging,74LS,Active
https://media.digikey.com/Renders/Texas%20Instr%20Renders/14-DIP_tmb.jpg,http://www.ti.com/lit/ds/symlink/sn74ls33.pdf,296-3699-5-ND,SN74LS33N,Texas Instruments,IC GATE NOR 4CH 2-INP 14DIP,3  898 - Immediate,$1.54000,1,Tube  Alternate Packaging,74LS,Active
https://media.digikey.com/Renders/Texas%20Instr%20Renders/14-DIP_tmb.jpg,http://www.ti.com/lit/ds/symlink/sn74s05.pdf,296-34101-5-ND,SN74S05N,Texas Instruments,IC INVERTER OPEN COL 6CH 14DIP,380 - Immediate,$1.61000,1,Tube  Alternate Packaging,74S,Active
https://media.digikey.com/Renders/Texas%20Instr%20Renders/14-DIP_tmb.jpg,http://www.ti.com/lit/ds/symlink/sn74s140.pdf,296-3861-5-ND,SN74S140N,Texas Instruments,IC GATE NAND 2CH 4-INP 14DIP,227 - Immediate,$2.68000,1,Tube  Alternate Packaging,74S,Active
https://media.digikey.com/Renders/Texas%20Instr%20Renders/14-DIP_tmb.jpg,http://www.ti.com/lit/ds/symlink/sn74ls20.pdf,296-34108-5-ND,SN74S20N,Texas Instruments,IC GATE NAND 2CH 4-INP 14DIP,77 - Immediate,$2.52000,1  Non-Stock,Tube  Alternate Packaging,74S,Active
https://media.digikey.com/Renders/~~Pkg.Case%20or%20Series/14-SOIC_tmb.jpg,https://toshiba.semicon-storage.com/info/docget.jsp?did=15810&prodName=TC74HC32AF,TC74HC32AF(ELF)TR-ND,TC74HC32AF(EL  F),Toshiba Semiconductor and Storage,IC GATE OR 4CH 2-INP 14SOP,0,$0.18755,-,Tape & Reel (TR)  Alternate Packaging,TC74HC,Not For New Designs
null,http://www.ti.com/lit/ds/symlink/sn54hc04-die.pdf,SN54HC04VTDE1-ND,SN54HC04VTDE1,Texas Instruments,IC INVERTER 6CH DIE,0,$87.04850,100  Non-Stock,Tube,54HC,Active
https://media.digikey.com/Renders/~~Pkg.Case%20or%20Series/14-TSSOP_tmb.jpg,https://www.fairchildsemi.com/datasheets/74/74ACT00.pdf,74AC00MTCFS-ND,74AC00MTC,ON Semiconductor,IC GATE NAND 4CH 2-INP 14TSSOP,0,Active,1,Tube,74AC,Active
https://media.digikey.com/Renders/~~Pkg.Case%20or%20Series/14-SOIC_tmb.jpg,https://www.fairchildsemi.com/datasheets/74/74ACT00.pdf,74AC00SC-ND,74AC00SC,ON Semiconductor,IC GATE NAND 4CH 2-INP 14SOIC,0,Active,1,Tube,74AC,Active
https://media.digikey.com/Renders/Texas%20Instr%20Renders/296;4040047-5;D;14_tmb.jpg,http://www.ti.com/lit/ds/symlink/cd74ac02.pdf,296-4216-2-ND,CD74AC02M96,Texas Instruments,IC GATE NOR 4CH 2-INP 14SOIC,5  000 - Immediate,$0.23055,2  500,Tape & Reel (TR)  Alternate Packaging,74AC,Active
https://media.digikey.com/Renders/~~Pkg.Case%20or%20Series/14-SOIC_tmb.jpg,https://media.digikey.com/pdf/Data%20Sheets/Fairchild%20PDFs/74AC02  %2074ACT02.pdf,74AC02SC-ND,74AC02SC,ON Semiconductor,IC GATE NOR 4CH 2-INP 14SOIC,0,Obsolete,-,Tube,74AC,Obsolete
https://media.digikey.com/Renders/Texas%20Instr%20Renders/296;4040047-5;D;14_tmb.jpg,http://www.ti.com/lit/ds/symlink/cd74ac04.pdf,296-4218-2-ND,CD74AC04M96,Texas Instruments,IC INVERTER 6CH 6-INP 14SOIC,5  000 - Immediate,$0.23055,2  500,Tape & Reel (TR)  Alternate Packaging,74AC,Active
https://media.digikey.com/photos/Fairchild%20Semi%20Photos/261-14-SOP_tmb.jpg,https://www.fairchildsemi.com/datasheets/74/74AC04.pdf,74AC04SJ-ND,74AC04SJ,ON Semiconductor,IC INVERTER 6CH 6-INP 14SOP,0,Obsolete,-,Tube,74AC,Obsolete
https://media.digikey.com/Renders/~~Pkg.Case%20or%20Series/14-SOIC_tmb.jpg,https://www.fairchildsemi.com/datasheets/74/74AC08.pdf,74AC08SC-ND,74AC08SC,ON Semiconductor,IC GATE AND 4CH 2-INP 14SOIC,0,Active,1,Tube  Alternate Packaging,74AC,Active
https://media.digikey.com/Renders/~~Pkg.Case%20or%20Series/14-SOIC_tmb.jpg,https://media.digikey.com/pdf/Data%20Sheets/Fairchild%20PDFs/74AC10  74ACT10.pdf,74AC10SC-ND,74AC10SC,ON Semiconductor,IC GATE NAND 3CH 3-INP 14SOIC,0,Obsolete,-,Tube,74AC,Obsolete
https://media.digikey.com/Renders/~~Pkg.Case%20or%20Series/14-SOIC_tmb.jpg,https://www.fairchildsemi.com/datasheets/74/74AC14.pdf,74AC14SC-ND,74AC14SC,ON Semiconductor,IC INVERTER SCHMITT 6CH 14SOIC,0,Active,1,Tube,74AC,Active
https://media.digikey.com/Renders/~~Pkg.Case%20or%20Series/14-SOIC_tmb.jpg,https://www.fairchildsemi.com/datasheets/74/74ACT00.pdf,74ACT00SC-ND,74ACT00SC,ON Semiconductor,IC GATE NAND 4CH 2-INP 14SOIC,732 - Immediate,$0.61000,1,Tube,74ACT,Active
https://media.digikey.com/Renders/~~Pkg.Case%20or%20Series/14-SOIC_tmb.jpg,https://media.digikey.com/pdf/Data%20Sheets/Fairchild%20PDFs/74AC02  %2074ACT02.pdf,74ACT02SC-ND,74ACT02SC,ON Semiconductor,IC GATE NOR 4CH 2-INP 14SOIC,0,Obsolete,-,Tube,74ACT,Obsolete
https://media.digikey.com/Renders/Texas%20Instr%20Renders/16-SOIC_tmb.jpg,http://www.ti.com/lit/ds/symlink/74act11032.pdf,296-4182-2-ND,74ACT11032DR,Texas Instruments,IC GATE OR 4CH 2-INP 16SOIC,5  000 - Factory Stock,$1.04760,2  500,Tape & Reel (TR)  Alternate Packaging,74ACT,Active
https://media.digikey.com/Renders/~~Pkg.Case%20or%20Series/14-TSSOP_tmb.jpg,http://www.ti.com/lit/ds/symlink/sn74act14.pdf,296-4369-2-ND,SN74ACT14PWR,Texas Instruments,IC INVERTER SCHMITT 6CH 14TSSOP,12  000 - Immediate,$0.15500,2  000,Tape & Reel (TR)  Alternate Packaging,74ACT,Active
https://media.digikey.com/Renders/~~Pkg.Case%20or%20Series/14-SOIC_tmb.jpg,https://www.fairchildsemi.com/datasheets/74/74AC14.pdf,74ACT14SC-ND,74ACT14SC,ON Semiconductor,IC INVERTER SCHMITT 6CH 14SOIC,0,Active,1,Tube  Alternate Packaging,74ACT,Active
https://media.digikey.com/Renders/~~Pkg.Case%20or%20Series/14-SOIC_tmb.jpg,http://www.onsemi.com/pub/Collateral/74ACT32-D.PDF,74ACT32SC-ND,74ACT32SC,ON Semiconductor,IC GATE OR 4CH 2-INP 14SOIC,1  738 - Immediate,$0.57000,1,Tube,74ACT,Active
https://media.digikey.com/Renders/Texas%20Instr%20Renders/296;4040047-5;D;14_tmb.jpg,http://www.ti.com/lit/ds/symlink/sn74ahc14.pdf,296-26394-5-ND,SN74AHC14D,Texas Instruments,IC INVERTER SCHMITT 6CH 14SOIC,1  259 - Immediate,$0.41000,1,Tube  Alternate Packaging,74AHC,Active
https://media.digikey.com/Renders/NXP%20Semi%20Renders/SOT753_tmb.jpg,https://assets.nexperia.com/documents/data-sheet/74AHC_AHCT1G02.pdf,1727-4053-2-ND,74AHC1G02GV  125,Nexperia USA Inc.,IC GATE NOR 1CH 2-INP 5TSOP,0  Standard Lead Time 26 Weeks,$0.04830,3  000,Tape & Reel (TR)  Alternate Packaging,74AHC,Active
https://media.digikey.com/Renders/Nexperia/MFG_1727;-SOT353-1;-GW;-5(1)_tmb.jpg,https://assets.nexperia.com/documents/data-sheet/74AHC_AHCT1G02.pdf,1727-4198-2-ND,74AHC1G02GW  125,Nexperia USA Inc.,IC GATE NOR 1CH 2-INP 5TSSOP,18  000 - Immediate,$0.05359,3  000,Tape & Reel (TR)  Alternate Packaging,74AHC,Active
https://media.digikey.com/Renders/Nexperia/MFG_1727;-SOT353-1;-GW;-5(1)_tmb.jpg,https://assets.nexperia.com/documents/data-sheet/74AHC_AHCT1G04.pdf,1727-3147-2-ND,74AHC1G04GW  125,Nexperia USA Inc.,IC INVERTER 1CH 1-INP 5TSSOP,0,$0.04600,3  000,Tape & Reel (TR)  Alternate Packaging,74AHC,Active
https://media.digikey.com/Renders/Texas%20Instr%20Renders/SC70_5-pins_tmb.jpg,http://www.ti.com/lit/ds/symlink/sn74ahc1g08.pdf,296-26399-2-ND,SN74AHC1G08DCKT,Texas Instruments,IC GATE AND 1CH 2-INP SC70-5,5  250 - Immediate,$0.50760,250,Tape & Reel (TR)  Alternate Packaging,74AHC,Active
https://media.digikey.com/Renders/Nexperia/MFG_1727;-SOT353-1;-GW;-5(1)_tmb.jpg,https://assets.nexperia.com/documents/data-sheet/74AHC_AHCT1G08.pdf,1727-3148-2-ND,74AHC1G08GW  125,Nexperia USA Inc.,IC GATE AND 1CH 2-INP 5TSSOP,42  000 - Immediate,$0.04600,3  000,Tape & Reel (TR)  Alternate Packaging,74AHC,Active
https://media.digikey.com/Renders/Texas%20Instr%20Renders/SOT-23-5%20PKG_tmb.jpg,http://www.ti.com/lit/ds/symlink/sn74ahc1g14.pdf,296-1092-2-ND,SN74AHC1G14DBVR,Texas Instruments,IC INVERTER SCHMITT 1CH SOT23-5,57  000 - Immediate,$0.09180,3  000,Tape & Reel (TR)  Alternate Packaging,74AHC,Active
https://media.digikey.com/Renders/Nexperia/MFG_1727;-SOT353-1;-GW;-5(1)_tmb.jpg,https://assets.nexperia.com/documents/data-sheet/74AHC_AHCT1G00.pdf,1727-4203-2-ND,74AHCT1G00GW  125,Nexperia USA Inc.,IC GATE NAND 1CH 2-INP 5TSSOP,0,$0.05290,3  000,Tape & Reel (TR)  Alternate Packaging,74AHCT,Active
https://media.digikey.com/Renders/Texas%20Instr%20Renders/SOT-23-5%20PKG_tmb.jpg,http://www.ti.com/lit/ds/symlink/sn74ahct1g86.pdf,296-4714-2-ND,SN74AHCT1G86DBVR,Texas Instruments,IC GATE XOR 1CH 2-INP SOT23-5,3  000 - Immediate,$0.10065,3  000,Tape & Reel (TR)  Alternate Packaging,74AHCT,Active
https://media.digikey.com/Renders/~~Pkg.Case%20or%20Series/14-SOIC_tmb.jpg,https://media.digikey.com/pdf/Data%20Sheets/Fairchild%20PDFs/DM74ALS14.pdf,DM74ALS14M-ND,DM74ALS14M,ON Semiconductor,IC INVERTER SCHMITT 6CH 14SOIC,0,Obsolete,-,Tube,74ALS,Obsolete
https://media.digikey.com/Renders/~~Pkg.Case%20or%20Series/14-TSSOP_tmb.jpg,http://www.ti.com/lit/ds/symlink/sn74alvc32.pdf,296-26439-5-ND,SN74ALVC32PW,Texas Instruments,IC GATE OR 4CH 2-INP 14TSSOP,3  018 - Immediate,$0.49000,1,Tube  Alternate Packaging,74ALVC,Active
https://media.digikey.com/Renders/Texas%20Instr%20Renders/296;4040047-5;D;14_tmb.jpg,http://www.ti.com/lit/ds/symlink/sn74as04.pdf,296-14790-2-ND,SN74AS04DR,Texas Instruments,IC INVERTER 6CH 6-INP 14SOIC,0  Standard Lead Time 6 Weeks,$0.45780,2  500,Tape & Reel (TR)  Alternate Packaging,74AS,Active
https://media.digikey.com/Renders/Texas%20Instr%20Renders/296;4040047-5;D;14_tmb.jpg,http://www.ti.com/lit/ds/symlink/sn74as08.pdf,296-6325-2-ND,SN74AS08DR,Texas Instruments,IC GATE AND 4CH 2-INP 14SOIC,0  Standard Lead Time 6 Weeks,$0.45780,2  500,Tape & Reel (TR)  Alternate Packaging,74AS,Active
https://media.digikey.com/Renders/Texas%20Instr%20Renders/296;4040047-5;D;14_tmb.jpg,http://www.ti.com/lit/pdf/sdas113,296-6354-2-ND,SN74AS32DR,Texas Instruments,IC GATE OR 4CH 2-INP 14SOIC,0  Standard Lead Time 6 Weeks,$0.50400,2  500,Tape & Reel (TR)  Alternate Packaging,74AS,Active
https://media.digikey.com/Renders/NXP%20Semi%20Renders/6-TSSOP  %20SC-88  %20SOT-363_tmb.jpg,https://assets.nexperia.com/documents/data-sheet/74AUP1G11.pdf,1727-6814-2-ND,74AUP1G11GW  125,Nexperia USA Inc.,IC GATE AND 1CH 3-INP 6TSSOP,0,$0.17050,3  000,Tape & Reel (TR)  Alternate Packaging,74AUP,Active
https://media.digikey.com/Renders/NXP%20Semi%20Renders/6-TSSOP  %20SC-88  %20SOT-363_tmb.jpg,https://assets.nexperia.com/documents/data-sheet/74AUP1G386.pdf,1727-2474-2-ND,74AUP1G386GW  125,Nexperia USA Inc.,IC GATE XOR 1CH 3-INP 6TSSOP,0,$0.31900,3  000,Tape & Reel (TR)  Alternate Packaging,74AUP,Active
https://media.digikey.com/Renders/Texas%20Instr%20Renders/US8_8_VSSOP_4200503_F_tmb.jpg,http://www.ti.com/lit/ds/symlink/sn74aup2g08.pdf,296-32271-2-ND,SN74AUP2G08DCUR,Texas Instruments,IC GATE AND 2CH 2-INP US8,15  000 - Immediate,$0.18755,3  000,Tape & Reel (TR)  Alternate Packaging,74AUP,Active
https://media.digikey.com/photos/Fairchild%20Semi%20Photos/261-14-SOP_tmb.jpg,https://media.digikey.com/pdf/Data%20Sheets/Fairchild%20PDFs/74F00.pdf,74F00SJX-ND,74F00SJX,ON Semiconductor,IC GATE NAND 4CH 2-INP 14SOP,0,Obsolete,-,Tape & Reel (TR),74F,Obsolete
https://media.digikey.com/Renders/Texas%20Instr%20Renders/296;4040047-5;D;14_tmb.jpg,http://www.ti.com/lit/ds/symlink/sn74f04.pdf,296-1177-2-ND,SN74F04DR,Texas Instruments,IC INVERTER 6CH 6-INP 14SOIC,12  500 - Immediate,$0.21080,2  500,Tape & Reel (TR)  Alternate Packaging,74F,Active
https://media.digikey.com/Renders/Texas%20Instr%20Renders/296;4040047-5;D;14_tmb.jpg,http://www.ti.com/lit/ds/symlink/sn74f21.pdf,296-3565-2-ND,SN74F21DR,Texas Instruments,IC GATE AND 2CH 4-INP 14SOIC,0  Standard Lead Time 31 Weeks,$0.21080,2  500,Tape & Reel (TR)  Alternate Packaging,74F,Active
https://media.digikey.com/Renders/Texas%20Instr%20Renders/14-DIP_tmb.jpg,http://www.ti.com/lit/ds/symlink/sn74f260.pdf,296-33905-5-ND,SN74F260N,Texas Instruments,IC GATE NOR 2CH 5-INP 14DIP,1  271 - Immediate,$0.72000,1,Tube,74F,Active
https://media.digikey.com/renders/NXP%20Semi%20Renders/14-SSOP_SOT337-1%20Pkg_tmb.jpg,https://assets.nexperia.com/documents/data-sheet/74HC_HCT02.pdf,1727-5936-2-ND,74HC02DB  118,Nexperia USA Inc.,IC GATE NOR 4CH 2-INP 14SSOP,0  Standard Lead Time 13 Weeks,$0.18600,2  000,Tape & Reel (TR)  Alternate Packaging,74HC,Active
https://media.digikey.com/renders/NXP%20Semi%20Renders/14-DHVQFN_SOT762-1%20Pkg_tmb.jpg,https://assets.nexperia.com/documents/data-sheet/74HC_HCT04.pdf,1727-3216-2-ND,74HC04BQ  115,Nexperia USA Inc.,IC INVERTER 6CH 6-INP 14DHVQFN,21  000 - Immediate,$0.11253,3  000,Tape & Reel (TR)  Alternate Packaging,74HC,Active
https://media.digikey.com/Renders/Texas%20Instr%20Renders/296;4040047-5;D;14_tmb.jpg,http://www.ti.com/lit/ds/symlink/sn74hc05.pdf,296-1190-2-ND,SN74HC05DR,Texas Instruments,IC INVERTER 6CH 6-INP 14SOIC,7  500 - Immediate,$0.13530,2  500,Tape & Reel (TR)  Alternate Packaging,74HC,Active
https://media.digikey.com/Renders/Texas%20Instr%20Renders/296;4040047-5;D;14_tmb.jpg,http://www.ti.com/lit/ds/symlink/sn74hc05.pdf,296-1190-2-ND,SN74HC05DR,Texas Instruments,IC INVERTER 6CH 6-INP 14SOIC,7  500 - Immediate,$0.13530,2  500,Tape & Reel (TR)  Alternate Packaging,74HC,Active
https://media.digikey.com/Photos/NXP%20Semi%20Photos/MFG_TSSOP14_SOT402_tmb.jpg,https://assets.nexperia.com/documents/data-sheet/74HC_HCT08.pdf,1727-5938-2-ND,74HC08PW  118,Nexperia USA Inc.,IC GATE AND 4CH 2-INP 14TSSOP,2  500 - Immediate,$0.08802,2  500,Tape & Reel (TR)  Alternate Packaging,74HC,Active
https://media.digikey.com/Photos/NXP%20Semi%20Photos/MFG_TSSOP14_SOT402_tmb.jpg,https://assets.nexperia.com/documents/data-sheet/74HC_HCT08.pdf,1727-5938-2-ND,74HC08PW  118,Nexperia USA Inc.,IC GATE AND 4CH 2-INP 14TSSOP,2  500 - Immediate,$0.08802,2  500,Tape & Reel (TR)  Alternate Packaging,74HC,Active
https://media.digikey.com/Renders/~~Pkg.Case%20or%20Series/14-TSSOP_tmb.jpg,http://www.ti.com/lit/ds/symlink/sn74hc132.pdf,296-8226-2-ND,SN74HC132PWR,Texas Instruments,IC GATE NAND SCHMITT 4CH 14TSSOP,14  000 - Immediate,$0.12210,2  000,Tape & Reel (TR)  Alternate Packaging,74HC,Active
https://media.digikey.com/Renders/~~Pkg.Case%20or%20Series/14-TSSOP_tmb.jpg,https://media.digikey.com/pdf/Data%20Sheets/ST%20Microelectronics%20PDFS/M74HC14.pdf,497-7347-2-ND,M74HC14TTR,STMicroelectronics,IC INVERTER SCHMITT 6CH 14TSSOP,0,Obsolete,-,Tape & Reel (TR),74HC,Obsolete
https://media.digikey.com/Renders/NXP%20Semi%20Renders/SOT753_tmb.jpg,https://assets.nexperia.com/documents/data-sheet/74HC_HCT1G00.pdf,1727-4068-2-ND,74HC1G00GV  125,Nexperia USA Inc.,IC GATE NAND 1CH 2-INP 5TSOP,0  Standard Lead Time 26 Weeks,$0.05957,3  000,Tape & Reel (TR)  Alternate Packaging,74HC,Active
https://media.digikey.com/Renders/Nexperia/MFG_1727;-SOT353-1;-GW;-5(1)_tmb.jpg,https://assets.nexperia.com/documents/data-sheet/74HC_HCT1G14.pdf,1727-3262-2-ND,74HC1G14GW  125,Nexperia USA Inc.,IC INVERTER SCHMITT 1CH 5TSSOP,0,$0.05060,3  000,Tape & Reel (TR)  Alternate Packaging,74HC,Active
https://media.digikey.com/Renders/NXP%20Semi%20Renders/14-SOIC-SOT108-1_tmb.jpg,https://assets.nexperia.com/documents/data-sheet/74HC21.pdf,1727-6319-2-ND,74HC21D  653,Nexperia USA Inc.,IC GATE AND 2CH 4-INP 14SO,5  000 - Immediate,$0.12672,2  500,Tape & Reel (TR)  Alternate Packaging,74HC,Active
https://media.digikey.com/Renders/NXP%20Semi%20Renders/6-TSSOP  %20SC-88  %20SOT-363_tmb.jpg,https://assets.nexperia.com/documents/data-sheet/74HC_HCT2G14.pdf,1727-6047-2-ND,74HC2G14GW  125,Nexperia USA Inc.,IC INVERTER SCHMITT 2CH 6TSSOP,0,$0.09284,3  000,Tape & Reel (TR)  Alternate Packaging,74HC,Active
https://media.digikey.com/Renders/~~Pkg.Case%20or%20Series/14-TSSOP_tmb.jpg,http://www.ti.com/lit/ds/symlink/cd74hc30.pdf,296-28615-2-ND,CD74HC30PWR,Texas Instruments,IC GATE NAND 1CH 8-INP 14TSSOP,2  000 - Immediate,$0.11880,2  000,Tape & Reel (TR)  Alternate Packaging,74HC,Active
https://media.digikey.com/Renders/~~Pkg.Case%20or%20Series/14-TSSOP_tmb.jpg,http://www.ti.com/lit/ds/symlink/sn74hc32.pdf,296-8302-2-ND,SN74HC32PWR,Texas Instruments,IC GATE OR 4CH 2-INP 14TSSOP,2  000 - Immediate,$0.10440,2  000,Tape & Reel (TR)  Alternate Packaging,74HC,Active
https://media.digikey.com/Renders/~~Pkg.Case%20or%20Series/8-TSSOP_8-MSOP_tmb.jpg,https://assets.nexperia.com/documents/data-sheet/74HC_HCT3G04.pdf,74HC3G04DP  125-ND,74HC3G04DP  125,Nexperia USA Inc.,IC INVERTER 3CH 3-INP 8TSSOP,0  Standard Lead Time 13 Weeks,$0.23080,3  000  Non-Stock,Tape & Reel (TR),74HC,Active
https://media.digikey.com/Renders/~~Pkg.Case%20or%20Series/14-SOIC_tmb.jpg,http://www.st.com/content/ccc/resource/technical/document/datasheet/52/aa/d1/56/80/0d/43/28/CD00002561.pdf/files/CD00002561.pdf/jcr:content/translations/en.CD00002561.pdf,497-7840-2-ND,M74HC7266RM13TR,STMicroelectronics,IC GATE XOR 4CH 2-INP 14SO,2  500 - Immediate,$0.30450,-,Tape & Reel (TR)  Alternate Packaging,74HC,Obsolete
https://media.digikey.com/Renders/~~Pkg.Case%20or%20Series/14-SOIC_tmb.jpg,http://www.st.com/content/ccc/resource/technical/document/datasheet/52/aa/d1/56/80/0d/43/28/CD00002561.pdf/files/CD00002561.pdf/jcr:content/translations/en.CD00002561.pdf,497-7840-2-ND,M74HC7266RM13TR,STMicroelectronics,IC GATE XOR 4CH 2-INP 14SO,2  500 - Immediate,$0.30450,-,Tape & Reel (TR)  Alternate Packaging,74HC,Obsolete
https://media.digikey.com/Renders/NXP%20Semi%20Renders/14-SOIC-SOT108-1_tmb.jpg,https://media.digikey.com/pdf/Data%20Sheets/NXP%20PDFs/74HC7266.pdf,568-8163-2-ND,74HC7266D  653,NXP USA Inc.,IC GATE XOR 4CH 2-INP 14SO,0,Obsolete,-,Tape & Reel (TR),74HC,Obsolete
https://media.digikey.com/Renders/~~Pkg.Case%20or%20Series/20-SOIC%200.295_tmb.jpg,https://assets.nexperia.com/documents/data-sheet/74HC_HCT9114.pdf,1727-3343-ND,74HC9114D  112,Nexperia USA Inc.,IC INVERTER 9CH 9-INP 20SO,1  335 - Immediate,$1.81000,1,Tube  Alternate Packaging,74HC,Active
https://media.digikey.com/Renders/Texas%20Instr%20Renders/296;4040047-5;D;14_tmb.jpg,http://www.ti.com/lit/ds/symlink/sn74hct00.pdf,296-14860-2-ND,SN74HCT00DR,Texas Instruments,IC GATE NAND 4CH 2-INP 14SOIC,30  000 - Immediate,$0.09900,2  500,Tape & Reel (TR)  Alternate Packaging,74HCT,Active
https://media.digikey.com/Renders/Texas%20Instr%20Renders/296;4040047-5;D;14_tmb.jpg,http://www.ti.com/lit/ds/symlink/sn74hct00.pdf,296-14860-2-ND,SN74HCT00DR,Texas Instruments,IC GATE NAND 4CH 2-INP 14SOIC,30  000 - Immediate,$0.09900,2  500,Tape & Reel (TR)  Alternate Packaging,74HCT,Active
https://media.digikey.com/Renders/NXP%20Semi%20Renders/14-SOIC-SOT108-1_tmb.jpg,https://media.digikey.com/pdf/Data%20Sheets/NXP%20PDFs/74HC(T)03.pdf,1727-4084-2-ND,74HCT03D  653,Nexperia USA Inc.,IC GATE NAND OD 4CH 2-INP 14SO,5  000 - Immediate,$0.12375,2  500,Tape & Reel (TR)  Alternate Packaging,74HCT,Active
https://media.digikey.com/Renders/~~Pkg.Case%20or%20Series/14-SOIC_tmb.jpg,http://www.onsemi.com/pub/Collateral/MC74HCT04A-D.PDF,MC74HCT04ADR2GOSTR-ND,MC74HCT04ADR2G,ON Semiconductor,IC INVERTER 6CH 6-INP 14SOIC,5  000 - Immediate  162  500 - Factory Stock,$0.09612,2  500,Tape & Reel (TR)  Alternate Packaging,74HCT,Active
https://media.digikey.com/Renders/~~Pkg.Case%20or%20Series/14-TSSOP_tmb.jpg,http://www.ti.com/lit/ds/symlink/sn74hct04.pdf,296-8382-2-ND,SN74HCT04PWR,Texas Instruments,IC INVERTER 6CH 6-INP 14TSSOP,10  000 - Immediate,$0.09900,2  000,Tape & Reel (TR)  Alternate Packaging,74HCT,Active
https://media.digikey.com/Renders/NXP%20Semi%20Renders/14-SOIC-SOT108-1_tmb.jpg,https://assets.nexperia.com/documents/data-sheet/74HC_HCT04.pdf,1727-2830-2-ND,74HCT04D  653,Nexperia USA Inc.,IC INVERTER 6CH 6-INP 14SO,0  Standard Lead Time 8 Weeks,$0.09846,2  500,Tape & Reel (TR)  Alternate Packaging,74HCT,Active
https://media.digikey.com/Renders/Texas%20Instr%20Renders/296;4040047-5;D;14_tmb.jpg,http://www.ti.com/lit/ds/symlink/sn74hct08.pdf,296-14862-2-ND,SN74HCT08DR,Texas Instruments,IC GATE AND 4CH 2-INP 14SOIC,20  000 - Immediate,$0.09900,2  500,Tape & Reel (TR)  Alternate Packaging,74HCT,Active
https://media.digikey.com/Renders/NXP%20Semi%20Renders/14-SOIC-SOT108-1_tmb.jpg,https://assets.nexperia.com/documents/data-sheet/74HC_HCT132.pdf,1727-6346-2-ND,74HCT132D  653,Nexperia USA Inc.,IC GATE NAND SCHMITT 4CH 14SO,2  500 - Immediate,$0.11764,2  500,Tape & Reel (TR)  Alternate Packaging,74HCT,Active
https://media.digikey.com/Renders/NXP%20Semi%20Renders/SOT753_tmb.jpg,https://assets.nexperia.com/documents/data-sheet/74HC_HCT1G04.pdf,1727-6925-2-ND,74HCT1G04GV  125,Nexperia USA Inc.,IC INVERTER 1CH 1-INP 5TSOP,3  000 - Immediate,$0.06242,3  000,Tape & Reel (TR)  Alternate Packaging,74HCT,Active
https://media.digikey.com/Renders/Nexperia/MFG_1727;-SOT353-1;-GW;-5(1)_tmb.jpg,https://assets.nexperia.com/documents/data-sheet/74HC_HCT1G04.pdf,1727-6051-2-ND,74HCT1G04GW  125,Nexperia USA Inc.,IC INVERTER 1CH 1-INP 5TSSOP,3  000 - Immediate,$0.05106,3  000,Tape & Reel (TR)  Alternate Packaging,74HCT,Active
https://media.digikey.com/Renders/NXP%20Semi%20Renders/14-SOIC-SOT108-1_tmb.jpg,https://assets.nexperia.com/documents/data-sheet/74HC_HCT20.pdf,74HCT20D  653-ND,74HCT20D  653,Nexperia USA Inc.,IC GATE NAND 2CH 4-INP 14SO,0  Standard Lead Time 8 Weeks,$0.13662,2  500  Non-Stock,Tape & Reel (TR)  Alternate Packaging,74HCT,Active
https://media.digikey.com/Renders/NXP%20Semi%20Renders/14-SOIC-SOT108-1_tmb.jpg,https://assets.nexperia.com/documents/data-sheet/74HC_HCT86.pdf,1727-6360-2-ND,74HCT86D  653,Nexperia USA Inc.,IC GATE XOR 4CH 2-INP 14SO,5  000 - Immediate,$0.10368,2  500,Tape & Reel (TR)  Alternate Packaging,74HCT,Active
https://media.digikey.com/Renders/Texas%20Instr%20Renders/296;4040047-5;D;14_tmb.jpg,http://www.ti.com/lit/ds/symlink/sn74hcu04.pdf,296-9819-5-ND,SN74HCU04D,Texas Instruments,IC INVERTER 6CH 6-INP 14SOIC,1  490 - Immediate,$0.42000,1,Tube  Alternate Packaging,74HCU,Active
https://media.digikey.com/Renders/~~Pkg.Case%20or%20Series/14-TSSOP_tmb.jpg,http://www.onsemi.com/pub/Collateral/MC74LCX08-D.PDF,MC74LCX08DTR2GOSTR-ND,MC74LCX08DTR2G,ON Semiconductor,IC GATE AND 4CH 2-INP 14TSSOP,5  000 - Immediate,$0.12028,2  500,Tape & Reel (TR)  Alternate Packaging,74LCX,Active
https://media.digikey.com/Renders/~~Pkg.Case%20or%20Series/14-TSSOP_tmb.jpg,https://www.fairchildsemi.com/datasheets/74/74LCX08.pdf,74LCX08MTCXTR-ND,74LCX08MTCX,ON Semiconductor,IC GATE AND 4CH 2-INP 14TSSOP,5  000 - Immediate  152  500 - Factory Stock,$0.14291,2  500,Tape & Reel (TR)  Alternate Packaging,74LCX,Active
https://media.digikey.com/Renders/~~Pkg.Case%20or%20Series/14-TSSOP_tmb.jpg,https://www.fairchildsemi.com/datasheets/74/74LCX08.pdf,74LCX08MTCXTR-ND,74LCX08MTCX,ON Semiconductor,IC GATE AND 4CH 2-INP 14TSSOP,5  000 - Immediate  152  500 - Factory Stock,$0.14291,2  500,Tape & Reel (TR)  Alternate Packaging,74LCX,Active
https://media.digikey.com/Renders/~~Pkg.Case%20or%20Series/14-TSSOP_tmb.jpg,https://www.fairchildsemi.com/datasheets/74/74LCX14.pdf,74LCX14MTCXTR-ND,74LCX14MTCX,ON Semiconductor,IC INVERTER SCHMITT 6CH 14TSSOP,5  000 - Immediate  30  000 - Factory Stock,$0.14553,2  500,Tape & Reel (TR)  Alternate Packaging,74LCX,Active
https://media.digikey.com/Renders/~~Pkg.Case%20or%20Series/14-TSSOP_tmb.jpg,https://www.fairchildsemi.com/datasheets/74/74LCX14.pdf,74LCX14MTCXTR-ND,74LCX14MTCX,ON Semiconductor,IC INVERTER SCHMITT 6CH 14TSSOP,5  000 - Immediate  30  000 - Factory Stock,$0.14553,2  500,Tape & Reel (TR)  Alternate Packaging,74LCX,Active
https://media.digikey.com/Renders/~~Pkg.Case%20or%20Series/14-TSSOP_tmb.jpg,http://www.onsemi.com/pub/Collateral/MC74LCX32-D.PDF,MC74LCX32DTGOS-ND,MC74LCX32DTG,ON Semiconductor,IC GATE OR 4CH 2-INP 14TSSOP,3  578 - Immediate,$0.44000,1,Tube  Alternate Packaging,74LCX,Active
https://media.digikey.com/Renders/Texas%20Instr%20Renders/296;4040047-5;D;14_tmb.jpg,http://www.ti.com/lit/ds/symlink/sn74ls08.pdf,296-14879-2-ND,SN74LS08DR,Texas Instruments,IC GATE AND 4CH 2-INP 14SOIC,0  Standard Lead Time 6 Weeks,$0.22910,2  500,Tape & Reel (TR)  Alternate Packaging,74LS,Active
https://media.digikey.com/Renders/Texas%20Instr%20Renders/14-DIP_tmb.jpg,https://media.digikey.com/pdf/Data%20Sheets/Texas%20Instruments%20PDFs/SN54  74(LS  S)4132  132.pdf,296-3645-5-ND,SN74LS132N,Texas Instruments,IC GATE NAND SCHMITT 4CH 14DIP,1  042 - Immediate,$0.89000,1,Tube  Alternate Packaging,74LS,Active
https://media.digikey.com/Renders/NXP%20Semi%20Renders/14-SOIC-SOT108-1_tmb.jpg,https://assets.nexperia.com/documents/data-sheet/74LV04.pdf,1727-6647-2-ND,74LV04D  118,Nexperia USA Inc.,IC INVERTER 6CH 6-INP 14SO,0  Standard Lead Time 8 Weeks,$0.12458,2  500,Tape & Reel (TR)  Alternate Packaging,74LV,Active
https://media.digikey.com/Photos/NXP%20Semi%20Photos/MFG_TSSOP14_SOT402_tmb.jpg,https://assets.nexperia.com/documents/data-sheet/74LV04.pdf,1727-6649-2-ND,74LV04PW  118,Nexperia USA Inc.,IC INVERTER 6CH 6-INP 14TSSOP,2  500 - Immediate,$0.12458,2  500,Tape & Reel (TR)  Alternate Packaging,74LV,Active
https://media.digikey.com/Photos/NXP%20Semi%20Photos/MFG_TSSOP14_SOT402_tmb.jpg,https://assets.nexperia.com/documents/data-sheet/74LV08.pdf,1727-5973-2-ND,74LV08PW  118,Nexperia USA Inc.,IC GATE AND 4CH 2-INP 14TSSOP,2  500 - Immediate,$0.12458,2  500,Tape & Reel (TR)  Alternate Packaging,74LV,Active
https://media.digikey.com/Photos/NXP%20Semi%20Photos/MFG_TSSOP14_SOT402_tmb.jpg,https://assets.nexperia.com/documents/data-sheet/74LV14.pdf,1727-4103-2-ND,74LV14PW  118,Nexperia USA Inc.,IC INVERTER SCHMITT 6CH 14TSSOP,15  000 - Immediate,$0.12458,2  500,Tape & Reel (TR)  Alternate Packaging,74LV,Active
https://media.digikey.com/Renders/Texas%20Instr%20Renders/296;4040047-5;D;14_tmb.jpg,http://www.ti.com/lit/ds/symlink/sn74lvc02a.pdf,296-8433-2-ND,SN74LVC02ADR,Texas Instruments,IC GATE NOR 4CH 2-INP 14SOIC,5  000 - Immediate,$0.11550,2  500,Tape & Reel (TR)  Alternate Packaging,74LVC,Active
https://media.digikey.com/Renders/NXP%20Semi%20Renders/14-SOIC-SOT108-1_tmb.jpg,https://assets.nexperia.com/documents/data-sheet/74LVC04A.pdf,1727-3087-2-ND,74LVC04AD  118,Nexperia USA Inc.,IC INVERTER 6CH 6-INP 14SO,12  500 - Immediate,$0.09594,2  500,Tape & Reel (TR)  Alternate Packaging,74LVC,Active
https://media.digikey.com/Renders/Texas%20Instr%20Renders/296;4040047-5;D;14_tmb.jpg,http://www.ti.com/lit/ds/symlink/sn74lvc14a.pdf,296-1699-2-ND,SN74LVC14ADR,Texas Instruments,IC INVERTER SCHMITT 6CH 14SOIC,45  000 - Immediate,$0.11550,2  500,Tape & Reel (TR)  Alternate Packaging,74LVC,Active
https://media.digikey.com/Renders/Nexperia/MFG_1727;-SOT353-1;-GW;-5(1)_tmb.jpg,https://assets.nexperia.com/documents/data-sheet/74LVC1G00.pdf,1727-4113-2-ND,74LVC1G00GW  125,Nexperia USA Inc.,IC GATE NAND 1CH 2-INP 5TSSOP,21  000 - Immediate,$0.04600,3  000,Tape & Reel (TR)  Alternate Packaging,74LVC,Active
https://media.digikey.com/Renders/NXP%20Semi%20Renders/SOT753_tmb.jpg,https://assets.nexperia.com/documents/data-sheet/74LVC1G14.pdf,1727-4116-2-ND,74LVC1G14GV  125,Nexperia USA Inc.,IC INVERTER SCHMITT 1CH 5TSOP,0  Standard Lead Time 26 Weeks,$0.05060,3  000,Tape & Reel (TR)  Alternate Packaging,74LVC,Active
https://media.digikey.com/Renders/~~Pkg.Case%20or%20Series/SC-74  %20SOT-457_tmb.jpg,https://assets.nexperia.com/documents/data-sheet/74LVC2G04.pdf,1727-6085-2-ND,74LVC2G04GV  125,Nexperia USA Inc.,IC INVERTER 2CH 2-INP 6TSOP,3  000 - Immediate,$0.13233,3  000,Tape & Reel (TR)  Alternate Packaging,74LVC,Active
https://media.digikey.com/Renders/NXP%20Semi%20Renders/6-TSSOP  %20SC-88  %20SOT-363_tmb.jpg,https://assets.nexperia.com/documents/data-sheet/74LVC2G06.pdf,1727-6086-2-ND,74LVC2G06GW  125,Nexperia USA Inc.,IC INVERTER 2CH 2-INP 6TSSOP,15  000 - Immediate,$0.09108,3  000,Tape & Reel (TR)  Alternate Packaging,74LVC,Active
https://media.digikey.com/renders/Texas%20Instr%20Renders/SOT-23-6%20PKG_tmb.jpg,http://www.ti.com/lit/ds/symlink/sn74lvc2g14.pdf,296-13010-2-ND,SN74LVC2G14DBVR,Texas Instruments,IC INVERTER SCHMITT 2CH SOT23-6,159  000 - Immediate,$0.18755,3  000,Tape & Reel (TR)  Alternate Packaging,74LVC,Active
https://media.digikey.com/Renders/~~Pkg.Case%20or%20Series/SC-74  %20SOT-457_tmb.jpg,https://assets.nexperia.com/documents/data-sheet/74LVC2G14.pdf,1727-6088-2-ND,74LVC2G14GV  125,Nexperia USA Inc.,IC INVERTER SCHMITT 2CH 6TSOP,0,$0.06660,3  000,Tape & Reel (TR)  Alternate Packaging,74LVC,Active
https://media.digikey.com/Renders/~~Pkg.Case%20or%20Series/14-TSSOP_tmb.jpg,http://www.onsemi.com/pub/Collateral/74LVX14-D.pdf,74LVX14MTCXTR-ND,74LVX14MTCX,ON Semiconductor,IC INVERTER SCHMITT 6CH 14TSSOP,27  500 - Immediate,$0.12986,2  500,Tape & Reel (TR)  Alternate Packaging,74LVX,Active
https://media.digikey.com/Renders/~~Pkg.Case%20or%20Series/14-TSSOP_tmb.jpg,http://www.onsemi.com/pub/Collateral/74LVX14-D.pdf,74LVX14MTCXTR-ND,74LVX14MTCX,ON Semiconductor,IC INVERTER SCHMITT 6CH 14TSSOP,27  500 - Immediate,$0.12986,2  500,Tape & Reel (TR)  Alternate Packaging,74LVX,Active
https://media.digikey.com/Renders/~~Pkg.Case%20or%20Series/14-SOIC_tmb.jpg,http://www.onsemi.com/pub/Collateral/74LVX32-D.pdf,74LVX32MXTR-ND,74LVX32MX,ON Semiconductor,IC GATE OR 4CH 2-INP 14SOIC,37  500 - Factory Stock,$0.19484,2  500,Tape & Reel (TR)  Alternate Packaging,74LVX,Active
https://media.digikey.com/Renders/Texas%20Instr%20Renders/296;4040047-5;D;14_tmb.jpg,http://www.ti.com/lit/ds/symlink/sn74ls04.pdf,296-38255-2-ND,SN74S04DR,Texas Instruments,IC INVERTER 6CH 6-INP 14SOIC,0  Standard Lead Time 6 Weeks,$0.49000,2  500,Tape & Reel (TR)  Alternate Packaging,74S,Active
https://media.digikey.com/Renders/Texas%20Instr%20Renders/14SOIC_tmb.jpg,http://www.ti.com/lit/ds/symlink/sn74ls09.pdf,296-29190-2-ND,SN74S09NSR,Texas Instruments,IC GATE AND 4CH 2-INP 14SOP,0  Standard Lead Time 6 Weeks,$1.92717,2  000,Tape & Reel (TR)  Alternate Packaging,74S,Active
https://media.digikey.com/photos/Fairchild%20Semi%20Photos/261-14-SOP_tmb.jpg,https://www.fairchildsemi.com/datasheets/74/74VHC14.pdf,74VHC14SJXTR-ND,74VHC14SJX,ON Semiconductor,IC INVERTER SCHMITT 6CH 14SOP,72  000 - Factory Stock,$0.35482,2  000,Tape & Reel (TR)  Alternate Packaging,74VHC,Active
https://media.digikey.com/renders/Rohm%20Renders/5-SSOP_SSOP5%20Pkg_tmb.jpg,http://rohmfs.rohm.com/en/products/databook/datasheet/ic/logic_switch/standard_logic/bu4s01g2tr-e.pdf,BU4S01G2TR-ND,BU4S01G2-TR,Rohm Semiconductor,IC GATE NOR 1CH 2-INP 5SSOP,0,$0.24070,3  000,Tape & Reel (TR)  Alternate Packaging,4S,Active
https://media.digikey.com/renders/Rohm%20Renders/5-SSOP_SSOP5%20Pkg_tmb.jpg,http://rohmfs.rohm.com/en/products/databook/datasheet/ic/logic_switch/standard_logic/bu4s11g2-e.pdf,BU4S11G2TR-ND,BU4S11G2-TR,Rohm Semiconductor,IC GATE NAND 1CH 2-INP 5SSOP,0,$0.24940,3  000,Tape & Reel (TR)  Alternate Packaging,4S,Active
https://media.digikey.com/renders/Rohm%20Renders/5-SSOP_SSOP5%20Pkg_tmb.jpg,http://rohmfs.rohm.com/en/products/databook/datasheet/ic/logic_switch/standard_logic/bu4s584g2-e.pdf,BU4S584G2TR-ND,BU4S584G2-TR,Rohm Semiconductor,IC INVERTER SCHMITT 1CH 5SSOP,27  000 - Immediate,$0.21483,3  000,Tape & Reel (TR)  Alternate Packaging,4S,Active
https://media.digikey.com/renders/Rohm%20Renders/5-SSOP_SSOP5%20Pkg_tmb.jpg,http://rohmfs.rohm.com/en/products/databook/datasheet/ic/logic_switch/standard_logic/bu4su69g2-e.pdf,BU4SU69G2TR-ND,BU4SU69G2-TR,Rohm Semiconductor,IC INVERTER 1CH 1-INP 5SSOP,12  000 - Immediate,$0.25955,3  000,Tape & Reel (TR)  Alternate Packaging,4S,Active
https://media.digikey.com/Renders/Texas%20Instr%20Renders/16-TSSOP_tmb.jpg,http://www.ti.com/lit/ds/symlink/cd4009ub.pdf,296-14240-2-ND,CD4009UBPWR,Texas Instruments,IC INVERTER 6CH 6-INP 16TSSOP,4  000 - Factory Stock,$0.14725,2  000,Tape & Reel (TR)  Alternate Packaging,4000B,Active
https://media.digikey.com/Renders/~~Pkg.Case%20or%20Series/8-DIP_tmb.jpg,http://www.ti.com/lit/ds/symlink/cd40107b.pdf,296-3504-5-ND,CD40107BE,Texas Instruments,IC GATE NAND 2CH 2-INP 8DIP,1  933 - Immediate,$0.54000,1,Tube  Alternate Packaging,4000B,Active
https://media.digikey.com/Renders/Texas%20Instr%20Renders/296;4040047-3;D;8_tmb.jpg,http://www.ti.com/lit/ds/symlink/cd40107b.pdf,296-31481-2-ND,CD40107BM96,Texas Instruments,IC GATE NAND 2CH 2-INP 8SOIC,7  500 - Immediate,$0.15345,2  500,Tape & Reel (TR)  Alternate Packaging,4000B,Active
https://media.digikey.com/Renders/Texas%20Instr%20Renders/296;4040047-5;D;14_tmb.jpg,http://www.ti.com/lit/ds/symlink/cd4011b.pdf,296-14474-2-ND,CD4011BM96,Texas Instruments,IC GATE NAND 4CH 2-INP 14SOIC,12  500 - Immediate,$0.14415,2  500,Tape & Reel (TR)  Alternate Packaging,4000B,Active
https://media.digikey.com/Renders/Texas%20Instr%20Renders/16-SOIC_tmb.jpg,http://www.ti.com/lit/ds/symlink/cd4050b.pdf,296-31502-2-ND,CD4049UBDR,Texas Instruments,IC INVERTER 6CH 6-INP 16SOIC,10  000 - Immediate,$0.14880,2  500,Tape & Reel (TR)  Alternate Packaging,4000B,Active
https://media.digikey.com/Renders/Texas%20Instr%20Renders/296;4040047-5;D;14_tmb.jpg,http://www.ti.com/lit/ds/symlink/cd4071b.pdf,296-31518-2-ND,CD4072BM96,Texas Instruments,IC GATE OR 2CH 4-INP 14SOIC,12  500 - Immediate,$0.14415,2  500,Tape & Reel (TR)  Alternate Packaging,4000B,Active
https://media.digikey.com/Renders/Texas%20Instr%20Renders/14-DIP_tmb.jpg,http://www.ti.com/lit/ds/symlink/cd4070b.pdf,296-13771-5-ND,CD4077BE,Texas Instruments,IC GATE XOR 4CH 2-INP 14DIP,6  057 - Immediate,$0.51000,1,Tube  Alternate Packaging,4000B,Active
https://media.digikey.com/Renders/Texas%20Instr%20Renders/296;4040047-5;D;14_tmb.jpg,http://www.ti.com/lit/ds/symlink/cd4073b.pdf,296-31523-2-ND,CD4082BM96,Texas Instruments,IC GATE AND 2CH 4-INP 14SOIC,5  000 - Immediate,$0.14415,2  500,Tape & Reel (TR)  Alternate Packaging,4000B,Active
https://media.digikey.com/Renders/~~Pkg.Case%20or%20Series/14-SOIC_tmb.jpg,https://media.digikey.com/pdf/Data%20Sheets/Fairchild%20PDFs/CD4093BC.pdf,CD4093BCM-ND,CD4093BCM,ON Semiconductor,IC GATE NAND SCHMITT 4CH 14SOIC,0,Obsolete,-,Tube,4000B,Obsolete
https://media.digikey.com/Renders/Texas%20Instr%20Renders/14-DIP_tmb.jpg,http://www.ti.com/lit/ds/symlink/cd74ac05.pdf,296-4219-5-ND,CD74AC05E,Texas Instruments,IC INVERTER 6CH 6-INP 14DIP,2  905 - Immediate,$0.66000,1,Tube  Alternate Packaging,74AC,Active
https://media.digikey.com/Renders/Texas%20Instr%20Renders/14-DIP_tmb.jpg,http://www.ti.com/lit/ds/symlink/cd74act20.pdf,296-4266-5-ND,CD74ACT20E,Texas Instruments,IC GATE NAND 2CH 4-INP 14DIP,612 - Immediate,$0.79000,1,Tube  Alternate Packaging,74ACT,Active
https://media.digikey.com/Renders/Texas%20Instr%20Renders/14-DIP_tmb.jpg,http://www.ti.com/lit/ds/symlink/cd74hc00.pdf,296-12769-5-ND,CD74HC00E,Texas Instruments,IC GATE NAND 4CH 2-INP 14DIP,3  260 - Immediate,$0.58000,1,Tube  Alternate Packaging,74HC,Active
https://media.digikey.com/Renders/Texas%20Instr%20Renders/14-DIP_tmb.jpg,http://www.ti.com/lit/ds/symlink/cd74hc14.pdf,296-12786-5-ND,CD74HC14E,Texas Instruments,IC INVERTER SCHMITT 6CH 14DIP,11  806 - Immediate,$0.58000,1,Tube  Alternate Packaging,74HC,Active
https://media.digikey.com/Renders/Texas%20Instr%20Renders/296;4040047-5;D;14_tmb.jpg,http://www.ti.com/lit/ds/symlink/cd74hc4075.pdf,296-14534-2-ND,CD74HC4075M96,Texas Instruments,IC GATE OR 3CH 3-INP 14SOIC,2  500 - Immediate,$0.20925,2  500,Tape & Reel (TR)  Alternate Packaging,74HC,Active
https://media.digikey.com/Renders/~~Pkg.Case%20or%20Series/14-SOIC_tmb.jpg,https://media.digikey.com/pdf/Data%20Sheets/Fairchild%20PDFs/DM74ALS00A.pdf,DM74ALS00AM-ND,DM74ALS00AM,ON Semiconductor,IC GATE NAND 4CH 2-INP 14SOIC,0,Obsolete,-,Tube,74ALS,Obsolete
https://media.digikey.com/Renders/~~Pkg.Case%20or%20Series/16%20SOIC_tmb.jpg,https://assets.nexperia.com/documents/data-sheet/HEF4049B.pdf,1727-6409-2-ND,HEF4049BT  653,Nexperia USA Inc.,IC INVERTER 6CH 6-INP 16SO,30  000 - Immediate,$0.16476,2  500,Tape & Reel (TR)  Alternate Packaging,4000B,Active
https://media.digikey.com/Renders/~~Pkg.Case%20or%20Series/14PDIP_tmb.jpg,https://assets.nexperia.com/documents/data-sheet/HEF4070B.pdf,568-1697-5-ND,HEF4070BP  652,NXP USA Inc.,IC GATE XOR 4CH 2-INP 14DIP,0,Obsolete,-,Tube,4000B,Obsolete
https://media.digikey.com/Renders/~~Pkg.Case%20or%20Series/14-SOIC_tmb.jpg,https://media.digikey.com/pdf/Data%20Sheets/ST%20Microelectronics%20PDFS/M74HCU04.pdf,497-1925-2-ND,M74HCU04RM13TR,STMicroelectronics,IC INVERTER 6CH 6-INP 14SO,10  000 - Immediate,$0.27405,-,Tape & Reel (TR)  Alternate Packaging,74HCU,Obsolete
https://media.digikey.com/Renders/On%20Semi%20Renders/488;966-01;F  M  DM2;16_tmb.jpg,https://media.digikey.com/pdf/Data%20Sheets/ON%20Semiconductor%20PDFs/MC10H113-D.pdf,MC10H113M-ND,MC10H113M,ON Semiconductor,IC GATE XOR 4CH 2-INP 16SOEIAJ,0,Obsolete,-,Tube,10H,Obsolete
https://media.digikey.com/Renders/~~Pkg.Case%20or%20Series/14-SOIC_tmb.jpg,http://www.onsemi.com/pub/Collateral/MC14070B-D.PDF,MC14070BDGOS-ND,MC14070BDG,ON Semiconductor,IC GATE XOR 4CH 2-INP 14SOIC,4  015 - Immediate,$0.40000,1,Tube  Alternate Packaging,4000B,Active
https://media.digikey.com/Renders/~~Pkg.Case%20or%20Series/14-SOIC_tmb.jpg,http://www.onsemi.com/pub/Collateral/MC14106B-D.PDF,MC14106BDR2GOSTR-ND,MC14106BDR2G,ON Semiconductor,IC INVERTER SCHMITT 6CH 14SOIC,2  500 - Immediate,$0.13678,2  500,Tape & Reel (TR)  Alternate Packaging,4000B,Active
https://media.digikey.com/Renders/~~Pkg.Case%20or%20Series/14-SOIC_tmb.jpg,http://www.onsemi.com/pub/Collateral/MC14584B-D.PDF,MC14584BDR2GOSTR-ND,MC14584BDR2G,ON Semiconductor,IC INVERTER SCHMITT 6CH 14SOIC,2  500 - Immediate,$0.14973,2  500,Tape & Reel (TR)  Alternate Packaging,4000B,Active
https://media.digikey.com/Renders/~~Pkg.Case%20or%20Series/14-SOIC_tmb.jpg,http://www.onsemi.com/pub/Collateral/MC74AC04-D.PDF,MC74AC04DR2GOSTR-ND,MC74AC04DR2G,ON Semiconductor,IC INVERTER 6CH 6-INP 14SOIC,2  500 - Immediate,$0.13184,2  500,Tape & Reel (TR)  Alternate Packaging,74AC,Active
https://media.digikey.com/Renders/~~Pkg.Case%20or%20Series/14-TSSOP_tmb.jpg,http://www.onsemi.com/pub/Collateral/MC74AC14-D.PDF,MC74AC14DTR2GOSTR-ND,MC74AC14DTR2G,ON Semiconductor,IC INVERTER 6CH 6-INP 14TSSOP,0  Standard Lead Time 20 Weeks,$0.19298,2  500,Tape & Reel (TR)  Alternate Packaging,74AC,Active
https://media.digikey.com/Renders/~~Pkg.Case%20or%20Series/14-SOIC_tmb.jpg,http://www.onsemi.com/pub/Collateral/MC74AC04-D.PDF,MC74ACT04DGOS-ND,MC74ACT04DG,ON Semiconductor,IC INVERTER 6CH 6-INP 14SOIC,4  636 - Immediate,$0.52000,1,Tube  Alternate Packaging,74ACT,Active
https://media.digikey.com/Renders/~~Pkg.Case%20or%20Series/14PDIP_tmb.jpg,http://www.onsemi.com/pub/Collateral/MC74AC14-D.PDF,MC74ACT14NOS-ND,MC74ACT14N,ON Semiconductor,IC INVERTER 6CH 6-INP 14DIP,0,Obsolete,-,Tube,74ACT,Obsolete
https://media.digikey.com/Renders/~~Pkg.Case%20or%20Series/14-SOIC_tmb.jpg,http://www.onsemi.com/pub/Collateral/MC74HC04A-D.PDF,MC74HC04ADR2GOSTR-ND,MC74HC04ADR2G,ON Semiconductor,IC INVERTER 6CH 6-INP 14SOIC,7  500 - Immediate,$0.09612,2  500,Tape & Reel (TR)  Alternate Packaging,74HC,Active
https://media.digikey.com/Renders/~~Pkg.Case%20or%20Series/14-SOIC_tmb.jpg,http://www.onsemi.com/pub/Collateral/MC74HC132A-D.PDF,MC74HC132ADR2GOSTR-ND,MC74HC132ADR2G,ON Semiconductor,IC GATE NAND SCHMITT 4CH 14SOIC,0  Standard Lead Time 20 Weeks,$0.10758,2  500,Tape & Reel (TR)  Alternate Packaging,74HC,Active
https://media.digikey.com/Renders/~~Pkg.Case%20or%20Series/14-TSSOP_tmb.jpg,http://www.onsemi.com/pub/Collateral/MC74HC14A-D.PDF,MC74HC14ADTGOS-ND,MC74HC14ADTG,ON Semiconductor,IC INVERTER SCHMITT 6CH 14TSSOP,1  585 - Immediate,$0.41000,1,Tube  Alternate Packaging,74HC,Active
https://media.digikey.com/Renders/On%20Semi%20Renders/7SZ_SOT%E2%88%92353_419A%E2%88%9202_tmb.jpg,http://www.onsemi.com/pub/Collateral/MC74HC1G08-D.PDF,MC74HC1G08DFT1GOSTR-ND,MC74HC1G08DFT1G,ON Semiconductor,IC GATE AND 1CH 2-INP SC88A,0  Standard Lead Time 20 Weeks,$0.05589,3  000,Tape & Reel (TR)  Alternate Packaging,74HC,Active
https://media.digikey.com/Renders/~~Pkg.Case%20or%20Series/14-SOIC_tmb.jpg,http://www.onsemi.com/pub/Collateral/MC74HC86A-D.PDF,MC74HC86ADR2GOSTR-ND,MC74HC86ADR2G,ON Semiconductor,IC GATE XOR 4CH 2-INP 14SOIC,2  500 - Immediate,$0.09504,2  500,Tape & Reel (TR)  Alternate Packaging,74HC,Active
https://media.digikey.com/Renders/On%20Semi%20Renders/TSOP-5_483_tmb.jpg,http://www.onsemi.com/pub/Collateral/MC74VHC1G04-D.PDF,MC74VHC1G04DTT1GOSTR-ND,MC74VHC1G04DTT1G,ON Semiconductor,IC INVERTER 1CH 1-INP 5TSOP,9  000 - Immediate,$0.06141,3  000,Tape & Reel (TR)  Alternate Packaging,74VHC,Active
https://media.digikey.com/Renders/~~Pkg.Case%20or%20Series/14-SOIC_tmb.jpg,https://media.digikey.com/pdf/Data%20Sheets/Fairchild%20PDFs/MM74C00  02  04.pdf,MM74C00MX-ND,MM74C00MX,ON Semiconductor,IC GATE NAND 4CH 2-INP 14SOIC,0,Obsolete,-,Tape & Reel (TR),74C,Obsolete
https://media.digikey.com/Renders/Texas%20Instr%20Renders/14-DIP_tmb.jpg,http://www.ti.com/lit/ds/symlink/sn74ls09.pdf,296-3631-5-ND,SN74LS09N,Texas Instruments,IC GATE AND 4CH 2-INP 14DIP,1  176 - Immediate,$0.98000,1,Tube  Alternate Packaging,74LS,Active
https://media.digikey.com/Renders/Fairchild%20Semi%20Renders/SOT-23-5_tmb.jpg,https://www.fairchildsemi.com/datasheets/NC/NC7S08.pdf,NC7S08M5XTR-ND,NC7S08M5X,ON Semiconductor,IC GATE AND 1CH 2-INP SOT23-5,24  000 - Immediate,$0.08700,3  000,Tape & Reel (TR)  Alternate Packaging,7S,Active
https://media.digikey.com/Renders/Fairchild%20Semi%20Renders/SOT-23-5_tmb.jpg,http://www.onsemi.com/pub/Collateral/NC7ST02-D.pdf,NC7ST02M5XTR-ND,NC7ST02M5X,ON Semiconductor,IC GATE NOR 1CH 2-INP SOT23-5,84  000 - Factory Stock,$0.08136,3  000,Tape & Reel (TR)  Alternate Packaging,7ST,Active
https://media.digikey.com/Renders/Fairchild%20Semi%20Renders/SOT-23-5_tmb.jpg,https://www.fairchildsemi.com/datasheets/NC/NC7ST04.pdf,NC7ST04M5XTR-ND,NC7ST04M5X,ON Semiconductor,IC INVERTER 1CH 1-INP SOT23-5,6  000 - Immediate,$0.08900,3  000,Tape & Reel (TR)  Alternate Packaging,7ST,Active
https://media.digikey.com/Renders/Fairchild%20Semi%20Renders/SOT-23-5_tmb.jpg,https://www.fairchildsemi.com/datasheets/NC/NC7SZ04.pdf,NC7SZ04M5XTR-ND,NC7SZ04M5X,ON Semiconductor,IC INVERTER 1CH 1-INP SOT23-5,0  Standard Lead Time 6 Weeks,$0.08700,3  000,Tape & Reel (TR)  Alternate Packaging,7SZ,Active
https://media.digikey.com/Renders/Fairchild%20Semi%20Renders/SOT-23-5_tmb.jpg,https://www.fairchildsemi.com/datasheets/NC/NC7SZ08.pdf,NC7SZ08M5XTR-ND,NC7SZ08M5X,ON Semiconductor,IC GATE AND 1CH 2-INP SOT23-5,18  000 - Immediate,$0.08700,3  000,Tape & Reel (TR)  Alternate Packaging,7SZ,Active
https://media.digikey.com/Renders/Fairchild%20Semi%20Renders/SOT-23-5_tmb.jpg,https://www.fairchildsemi.com/datasheets/NC/NC7SZ08.pdf,NC7SZ08M5XTR-ND,NC7SZ08M5X,ON Semiconductor,IC GATE AND 1CH 2-INP SOT23-5,18  000 - Immediate,$0.08700,3  000,Tape & Reel (TR)  Alternate Packaging,7SZ,Active
https://media.digikey.com/Renders/Fairchild%20Semi%20Renders/SOT-23-5_tmb.jpg,https://www.fairchildsemi.com/datasheets/NC/NC7SZ32.pdf,NC7SZ32M5XTR-ND,NC7SZ32M5X,ON Semiconductor,IC GATE OR 1CH 2-INP SOT23-5,6  000 - Immediate,$0.08700,3  000,Tape & Reel (TR)  Alternate Packaging,7SZ,Active
https://media.digikey.com/Renders/On%20Semi%20Renders/US8_493_tmb.jpg,http://www.onsemi.com/pub/Collateral/NL27WZ08-D.PDF,NL27WZ08USGOSTR-ND,NL27WZ08USG,ON Semiconductor,IC GATE AND 2CH 2-INP US8,3  000 - Immediate,$0.10230,3  000,Tape & Reel (TR)  Alternate Packaging,27WZ,Active
https://media.digikey.com/Renders/On%20Semi%20Renders/SC-70-6  SC-88  SOT-363_419B%E2%88%9202_tmb.jpg,http://www.onsemi.com/pub/Collateral/NL27WZU04-D.PDF,NL27WZU04DFT2GOSTR-ND,NL27WZU04DFT2G,ON Semiconductor,IC INVERTER 2CH 2-INP SC88,9  000 - Immediate,$0.08100,3  000,Tape & Reel (TR)  Alternate Packaging,27WZ,Active
https://media.digikey.com/Renders/Texas%20Instr%20Renders/14-DIP_tmb.jpg,http://www.ti.com/lit/ds/symlink/sn7402.pdf,296-33594-5-ND,SN7402N,Texas Instruments,IC GATE NOR 4CH 2-INP 14DIP,508 - Immediate,$2.31000,1,Tube  Alternate Packaging,7400,Active
https://media.digikey.com/Renders/Texas%20Instr%20Renders/296;4040047-5;D;14_tmb.jpg,http://www.ti.com/lit/ds/symlink/sn7438.pdf,296-33611-5-ND,SN7438D,Texas Instruments,IC GATE NAND 4CH 2-INP 14SOIC,29 - Immediate,$1.79000,1  Non-Stock,Tube  Alternate Packaging,7400,Active
https://media.digikey.com/Renders/Texas%20Instr%20Renders/296;4040047-5;D;14_tmb.jpg,http://www.ti.com/lit/ds/symlink/sn74ac14.pdf,296-4300-2-ND,SN74AC14DR,Texas Instruments,IC INVERTER SCHMITT 6CH 14SOIC,137  500 - Immediate,$0.15345,2  500,Tape & Reel (TR)  Alternate Packaging,74AC,Active
https://media.digikey.com/Renders/Texas%20Instr%20Renders/296;4040047-5;D;14_tmb.jpg,http://www.ti.com/lit/ds/symlink/sn74act04.pdf,296-1065-2-ND,SN74ACT04DR,Texas Instruments,IC INVERTER 6CH 6-INP 14SOIC,10  000 - Immediate,$0.15810,2  500,Tape & Reel (TR)  Alternate Packaging,74ACT,Active
https://media.digikey.com/Renders/Texas%20Instr%20Renders/296;4040047-5;D;14_tmb.jpg,http://www.ti.com/lit/ds/symlink/sn74act08.pdf,296-1066-2-ND,SN74ACT08DR,Texas Instruments,IC GATE AND 4CH 2-INP 14SOIC,147  500 - Immediate,$0.17670,2  500,Tape & Reel (TR)  Alternate Packaging,74ACT,Active
https://media.digikey.com/Renders/Texas%20Instr%20Renders/SOT-23-5%20PKG_tmb.jpg,http://www.ti.com/lit/ds/symlink/sn74ahc1g00.pdf,296-1087-2-ND,SN74AHC1G00DBVR,Texas Instruments,IC GATE NAND 1CH 2-INP SOT23-5,9  000 - Immediate,$0.09180,3  000,Tape & Reel (TR)  Alternate Packaging,74AHC,Active
https://media.digikey.com/Renders/Texas%20Instr%20Renders/SC70_5-pins_tmb.jpg,http://www.ti.com/lit/ds/symlink/sn74ahc1g02.pdf,296-8742-2-ND,SN74AHC1G02DCKR,Texas Instruments,IC GATE NOR 1CH 2-INP SC70-5,12  000 - Immediate,$0.09180,3  000,Tape & Reel (TR)  Alternate Packaging,74AHC,Active
https://media.digikey.com/Renders/Texas%20Instr%20Renders/SOT-23-5%20PKG_tmb.jpg,http://www.ti.com/lit/ds/symlink/sn74ahc1g04.pdf,296-1089-2-ND,SN74AHC1G04DBVR,Texas Instruments,IC INVERTER 1CH 1-INP SOT23-5,45  000 - Immediate,$0.09180,3  000,Tape & Reel (TR)  Alternate Packaging,74AHC,Active
https://media.digikey.com/Renders/Texas%20Instr%20Renders/SOT-23-5%20PKG_tmb.jpg,http://www.ti.com/lit/ds/symlink/sn74ahc1g08.pdf,296-1091-2-ND,SN74AHC1G08DBVR,Texas Instruments,IC GATE AND 1CH 2-INP SOT23-5,78  000 - Immediate,$0.09180,3  000,Tape & Reel (TR)  Alternate Packaging,74AHC,Active
https://media.digikey.com/Renders/Texas%20Instr%20Renders/SOT-23-5%20PKG_tmb.jpg,http://www.ti.com/lit/ds/symlink/sn74ahc1g14.pdf,296-26401-2-ND,SN74AHC1G14DBVT,Texas Instruments,IC INVERTER SCHMITT 1CH SOT23-5,2  000 - Immediate,$0.50760,250,Tape & Reel (TR)  Alternate Packaging,74AHC,Active
https://media.digikey.com/Renders/Texas%20Instr%20Renders/SOT-23-5%20PKG_tmb.jpg,http://www.ti.com/lit/ds/symlink/sn74ahc1g86.pdf,296-1094-2-ND,SN74AHC1G86DBVR,Texas Instruments,IC GATE XOR 1CH 2-INP SOT23-5,24  000 - Immediate,$0.10065,3  000,Tape & Reel (TR)  Alternate Packaging,74AHC,Active
https://media.digikey.com/Renders/~~Pkg.Case%20or%20Series/14-TSSOP_tmb.jpg,http://www.ti.com/lit/ds/symlink/sn74ahct08.pdf,296-1107-2-ND,SN74AHCT08PWR,Texas Instruments,IC GATE AND 4CH 2-INP 14TSSOP,0  Standard Lead Time 6 Weeks,$0.10440,2  000,Tape & Reel (TR)  Alternate Packaging,74AHCT,Active
https://media.digikey.com/Renders/Texas%20Instr%20Renders/SOT-23-5%20PKG_tmb.jpg,http://www.ti.com/lit/ds/symlink/sn74ahct1g04.pdf,296-1112-2-ND,SN74AHCT1G04DBVR,Texas Instruments,IC INVERTER 1CH 1-INP SOT23-5,12  000 - Immediate,$0.09180,3  000,Tape & Reel (TR)  Alternate Packaging,74AHCT,Active
https://media.digikey.com/Renders/Texas%20Instr%20Renders/SOT-23-5%20PKG_tmb.jpg,http://www.ti.com/lit/ds/symlink/sn74ahct1g08.pdf,296-1113-2-ND,SN74AHCT1G08DBVR,Texas Instruments,IC GATE AND 1CH 2-INP SOT23-5,21  000 - Immediate,$0.09180,3  000,Tape & Reel (TR)  Alternate Packaging,74AHCT,Active
https://media.digikey.com/Renders/Texas%20Instr%20Renders/SOT-23-5%20PKG_tmb.jpg,http://www.ti.com/lit/ds/symlink/sn74ahct1g32.pdf,296-1115-2-ND,SN74AHCT1G32DBVR,Texas Instruments,IC GATE OR 1CH 2-INP SOT23-5,12  000 - Immediate,$0.10065,3  000,Tape & Reel (TR)  Alternate Packaging,74AHCT,Active
https://media.digikey.com/Renders/Texas%20Instr%20Renders/SC70_5-pins_tmb.jpg,http://www.ti.com/lit/ds/symlink/sn74ahct1g32.pdf,296-4713-2-ND,SN74AHCT1G32DCKR,Texas Instruments,IC GATE OR 1CH 2-INP SC70-5,15  000 - Immediate,$0.10065,3  000,Tape & Reel (TR)  Alternate Packaging,74AHCT,Active
https://media.digikey.com/Renders/Texas%20Instr%20Renders/14SOIC_tmb.jpg,http://www.ti.com/lit/ds/symlink/sn74as00.pdf,296-5001-2-ND,SN74ALS00ANSR,Texas Instruments,IC GATE NAND 4CH 2-INP 14SOP,2  000 - Immediate,$0.35670,2  000,Tape & Reel (TR)  Alternate Packaging,74ALS,Active
https://media.digikey.com/Renders/Texas%20Instr%20Renders/14-DIP_tmb.jpg,http://www.ti.com/lit/ds/symlink/sn74as00.pdf,296-1521-5-ND,SN74AS00N,Texas Instruments,IC GATE NAND 4CH 2-INP 14DIP,4  049 - Immediate,$1.19000,1,Tube  Alternate Packaging,74AS,Active
https://media.digikey.com/Renders/Texas%20Instr%20Renders/14SOIC_tmb.jpg,http://www.ti.com/lit/ds/symlink/sn74as04.pdf,296-38790-2-ND,SN74AS04NSR,Texas Instruments,IC INVERTER 6CH 6-INP 14SOP,0  Standard Lead Time 6 Weeks,$0.50400,2  000,Tape & Reel (TR)  Alternate Packaging,74AS,Active
https://media.digikey.com/Renders/Texas%20Instr%20Renders/14-DIP_tmb.jpg,http://www.ti.com/lit/pdf/sdas056,296-33786-5-ND,SN74AS1000AN,Texas Instruments,IC GATE NAND 4CH 2-INP 14DIP,268 - Immediate  10  000 - Factory Stock,$2.84000,1,Tube,74AS,Active
https://media.digikey.com/Renders/Texas%20Instr%20Renders/14-DIP_tmb.jpg,http://www.ti.com/lit/ds/symlink/sn74as11.pdf,296-33793-5-ND,SN74AS11N,Texas Instruments,IC GATE AND 3CH 3-INP 14DIP,125 - Immediate  10  000 - Factory Stock,$2.44000,1  Non-Stock,Tube,74AS,Active
https://media.digikey.com/Renders/Texas%20Instr%20Renders/14SOIC_tmb.jpg,http://www.ti.com/lit/ds/symlink/sn74as21.pdf,296-13162-2-ND,SN74AS21NSR,Texas Instruments,IC GATE AND 2CH 4-INP 14SOP,0  Standard Lead Time 6 Weeks,$0.92340,2  000,Tape & Reel (TR)  Alternate Packaging,74AS,Active
https://media.digikey.com/Renders/Texas%20Instr%20Renders/SC70_5-pins_tmb.jpg,http://www.ti.com/lit/ds/symlink/sn74auc1g32.pdf,296-12656-2-ND,SN74AUC1G32DCKR,Texas Instruments,IC GATE OR 1CH 2-INP SC70-5,24  000 - Immediate,$0.10440,3  000,Tape & Reel (TR)  Alternate Packaging,74AUC,Active
https://media.digikey.com/Renders/Texas%20Instr%20Renders/US8_8_VSSOP_4200503_F_tmb.jpg,http://www.ti.com/lit/ds/symlink/sn74aup2g08.pdf,296-32271-2-ND,SN74AUP2G08DCUR,Texas Instruments,IC GATE AND 2CH 2-INP US8,15  000 - Immediate,$0.18755,3  000,Tape & Reel (TR)  Alternate Packaging,74AUP,Active
https://media.digikey.com/Renders/Texas%20Instr%20Renders/296;4040047-5;D;14_tmb.jpg,http://www.ti.com/lit/ds/symlink/sn74hc03.pdf,296-9817-5-ND,SN74HC03D,Texas Instruments,IC GATE NAND 4CH 2-INP 14SOIC,2  207 - Immediate,$0.43000,1,Tube  Alternate Packaging,74HC,Active
https://media.digikey.com/Renders/Texas%20Instr%20Renders/296;4040047-5;D;14_tmb.jpg,http://www.ti.com/lit/ds/symlink/sn74hc04.pdf,296-39199-2-ND,SN74HC04DT,Texas Instruments,IC INVERTER 6CH 6-INP 14SOIC,0  Standard Lead Time 6 Weeks,$0.25480,250,Tape & Reel (TR)  Alternate Packaging,74HC,Active
https://media.digikey.com/Renders/Texas%20Instr%20Renders/296;4040047-5;D;14_tmb.jpg,http://www.ti.com/lit/ds/symlink/sn74hc05.pdf,296-1190-2-ND,SN74HC05DR,Texas Instruments,IC INVERTER 6CH 6-INP 14SOIC,7  500 - Immediate,$0.13530,2  500,Tape & Reel (TR)  Alternate Packaging,74HC,Active
https://media.digikey.com/Renders/~~Pkg.Case%20or%20Series/14-TSSOP_tmb.jpg,http://www.ti.com/lit/ds/symlink/sn74hc05.pdf,296-31775-2-ND,SN74HC05PWR,Texas Instruments,IC INVERTER 6CH 6-INP 14TSSOP,2  000 - Immediate,$0.13530,2  000,Tape & Reel (TR)  Alternate Packaging,74HC,Active
https://media.digikey.com/Renders/~~Pkg.Case%20or%20Series/14-TSSOP_tmb.jpg,http://www.ti.com/lit/ds/symlink/sn74hc14.pdf,296-8234-2-ND,SN74HC14PWR,Texas Instruments,IC INVERTER SCHMITT 6CH 14TSSOP,10  000 - Immediate,$0.10440,2  000,Tape & Reel (TR)  Alternate Packaging,74HC,Active
https://media.digikey.com/Renders/Texas%20Instr%20Renders/14-DIP_tmb.jpg,http://www.ti.com/lit/ds/symlink/sn74hc20.pdf,296-12892-5-ND,SN74HC20N,Texas Instruments,IC GATE NAND 2CH 4-INP 14DIP,1  953 - Immediate,$0.39000,1,Tube  Alternate Packaging,74HC,Active
https://media.digikey.com/Renders/Texas%20Instr%20Renders/14SOIC_tmb.jpg,http://www.ti.com/lit/ds/symlink/sn74hc20.pdf,296-12893-2-ND,SN74HC20NSR,Texas Instruments,IC GATE NAND 2CH 4-INP 14SOP,0  Standard Lead Time 6 Weeks,$0.13950,2  000,Tape & Reel (TR)  Alternate Packaging,74HC,Active
https://media.digikey.com/Renders/Texas%20Instr%20Renders/14SOIC_tmb.jpg,http://www.ti.com/lit/ds/symlink/sn74hc86.pdf,296-26488-2-ND,SN74HC86NSR,Texas Instruments,IC GATE XOR 4CH 2-INP 14SOP,2  000 - Immediate,$0.14260,2  000,Tape & Reel (TR)  Alternate Packaging,74HC,Active
https://media.digikey.com/Renders/Texas%20Instr%20Renders/296;4040047-5;D;14_tmb.jpg,http://www.ti.com/lit/ds/symlink/sn74hct08.pdf,296-14862-2-ND,SN74HCT08DR,Texas Instruments,IC GATE AND 4CH 2-INP 14SOIC,20  000 - Immediate,$0.09900,2  500,Tape & Reel (TR)  Alternate Packaging,74HCT,Active
https://media.digikey.com/Renders/~~Pkg.Case%20or%20Series/14-TSSOP_tmb.jpg,http://www.ti.com/lit/ds/symlink/sn74hct08.pdf,296-8385-2-ND,SN74HCT08PWR,Texas Instruments,IC GATE AND 4CH 2-INP 14TSSOP,6  000 - Immediate,$0.09900,2  000,Tape & Reel (TR)  Alternate Packaging,74HCT,Active
https://media.digikey.com/Renders/Texas%20Instr%20Renders/296;4040047-5;D;14_tmb.jpg,http://www.ti.com/lit/ds/symlink/sn74hct32.pdf,296-14868-2-ND,SN74HCT32DR,Texas Instruments,IC GATE OR 4CH 2-INP 14SOIC,5  000 - Immediate,$0.09900,2  500,Tape & Reel (TR)  Alternate Packaging,74HCT,Active
https://media.digikey.com/Renders/Texas%20Instr%20Renders/296;4040047-5;D;14_tmb.jpg,http://www.ti.com/lit/ds/symlink/sn74ls04.pdf,296-14875-2-ND,SN74LS04DR,Texas Instruments,IC INVERTER 6CH 6-INP 14SOIC,7  500 - Immediate,$0.25665,2  500,Tape & Reel (TR)  Alternate Packaging,74LS,Active
https://media.digikey.com/photos/Texas%20Instr%20Photos/296-14-SSOP_tmb.jpg,http://www.ti.com/lit/ds/symlink/sn74ls06.pdf,296-3624-2-ND,SN74LS06DBR,Texas Instruments,IC INVERTER OPEN COL 6CH 14SSOP,2  000 - Immediate,$0.38500,2  000,Tape & Reel (TR)  Alternate Packaging,74LS,Active
https://media.digikey.com/Renders/Texas%20Instr%20Renders/14-DIP_tmb.jpg,http://www.ti.com/lit/ds/symlink/sn74ls21.pdf,296-3672-5-ND,SN74LS21N,Texas Instruments,IC GATE AND 2CH 4-INP 14DIP,1  480 - Immediate,$0.73000,1,Tube  Alternate Packaging,74LS,Active
https://media.digikey.com/Renders/Texas%20Instr%20Renders/14-DIP_tmb.jpg,http://www.ti.com/lit/ds/symlink/sn74ls266.pdf,296-3681-5-ND,SN74LS266N,Texas Instruments,IC GATE XOR 4CH 2-INP 14DIP,885 - Immediate,$1.15000,1,Tube  Alternate Packaging,74LS,Active
https://media.digikey.com/Renders/Texas%20Instr%20Renders/14SOIC_tmb.jpg,http://www.ti.com/lit/ds/symlink/sn74ls27.pdf,296-28878-2-ND,SN74LS27NSR,Texas Instruments,IC GATE NOR 3CH 3-INP 14SOP,0  Standard Lead Time 6 Weeks,$0.46900,2  000,Tape & Reel (TR)  Alternate Packaging,74LS,Active
https://media.digikey.com/Renders/Texas%20Instr%20Renders/14SOIC_tmb.jpg,http://www.ti.com/lit/ds/symlink/sn7438.pdf,296-26515-2-ND,SN74LS38NSR,Texas Instruments,IC GATE NAND 4CH 2-INP 14SOP,8  000 - Immediate,$0.38220,2  000,Tape & Reel (TR)  Alternate Packaging,74LS,Active
https://media.digikey.com/Renders/~~Pkg.Case%20or%20Series/14-TSSOP_tmb.jpg,http://www.ti.com/lit/ds/symlink/sn74lv04a.pdf,296-3757-2-ND,SN74LV04APWR,Texas Instruments,IC INVERTER 6CH 6-INP 14TSSOP,14  000 - Immediate,$0.10395,2  000,Tape & Reel (TR)  Alternate Packaging,74LV,Active
https://media.digikey.com/Renders/~~Pkg.Case%20or%20Series/14-TSSOP_tmb.jpg,http://www.ti.com/lit/ds/symlink/sn74lv06a.pdf,296-26528-5-ND,SN74LV06APW,Texas Instruments,IC INVERTER 6CH 6-INP 14TSSOP,3  091 - Immediate,$0.49000,1,Tube  Alternate Packaging,74LV,Active
https://media.digikey.com/Renders/Texas%20Instr%20Renders/296;4040047-5;D;14_tmb.jpg,http://www.ti.com/lit/ds/symlink/sn74lv14a.pdf,296-1678-2-ND,SN74LV14ADR,Texas Instruments,IC INVERTER SCHMITT 6CH 14SOIC,0  Standard Lead Time 6 Weeks,$0.10395,2  500,Tape & Reel (TR)  Alternate Packaging,74LV,Active
https://media.digikey.com/Renders/~~Pkg.Case%20or%20Series/14-TSSOP_tmb.jpg,http://www.ti.com/lit/ds/symlink/sn74lv21a.pdf,296-3800-2-ND,SN74LV21APWR,Texas Instruments,IC GATE AND 2CH 4-INP 14TSSOP,4  000 - Immediate,$0.30015,2  000,Tape & Reel (TR)  Alternate Packaging,74LV,Active
https://media.digikey.com/Renders/Texas%20Instr%20Renders/296;4040047-5;D;14_tmb.jpg,http://www.ti.com/lit/ds/symlink/sn74lvc08a.pdf,296-1697-2-ND,SN74LVC08ADR,Texas Instruments,IC GATE AND 4CH 2-INP 14SOIC,2  500 - Immediate,$0.11550,2  500,Tape & Reel (TR)  Alternate Packaging,74LVC,Active
https://media.digikey.com/Renders/~~Pkg.Case%20or%20Series/14-TSSOP_tmb.jpg,http://www.ti.com/lit/ds/symlink/sn74lvc14a.pdf,296-1224-2-ND,SN74LVC14APWR,Texas Instruments,IC INVERTER SCHMITT 6CH 14TSSOP,34  000 - Immediate,$0.11550,2  000,Tape & Reel (TR)  Alternate Packaging,74LVC,Active
https://media.digikey.com/Renders/~~Pkg.Case%20or%20Series/14-TSSOP_tmb.jpg,http://www.ti.com/lit/ds/symlink/sn74lvc14a-q1.pdf,296-28969-2-ND,SN74LVC14AQPWRQ1,Texas Instruments,IC INVERTER SCHMITT 6CH 14TSSOP,0  Standard Lead Time 6 Weeks,$0.19685,2  000,Tape & Reel (TR)  Alternate Packaging,Automotive   AEC-Q100   74LVC,Active
https://media.digikey.com/Renders/Texas%20Instr%20Renders/SOT-23-5%20PKG_tmb.jpg,http://www.ti.com/lit/ds/symlink/sn74lvc1g00.pdf,296-9845-2-ND,SN74LVC1G00DBVR,Texas Instruments,IC GATE NAND 1CH 2-INP SOT23-5,18  000 - Immediate,$0.09180,3  000,Tape & Reel (TR)  Alternate Packaging,74LVC,Active
https://media.digikey.com/Renders/Texas%20Instr%20Renders/SOT-23-5%20PKG_tmb.jpg,http://www.ti.com/lit/ds/symlink/sn74lvc1g08.pdf,296-11601-2-ND,SN74LVC1G08DBVR,Texas Instruments,IC GATE AND 1CH 2-INP SOT23-5,180  000 - Immediate,$0.09180,3  000,Tape & Reel (TR)  Alternate Packaging,74LVC,Active
https://media.digikey.com/Renders/Texas%20Instr%20Renders/SOT-23-5%20PKG_tmb.jpg,http://www.ti.com/lit/ds/symlink/sn74lvc1g14.pdf,296-11607-2-ND,SN74LVC1G14DBVR,Texas Instruments,IC INVERTER SCHMITT 1CH SOT23-5,141  000 - Immediate,$0.09180,3  000,Tape & Reel (TR)  Alternate Packaging,74LVC,Active
https://media.digikey.com/Renders/Texas%20Instr%20Renders/SC70_5-pins_tmb.jpg,http://www.ti.com/lit/ds/symlink/sn74lvc1gu04.pdf,296-8488-2-ND,SN74LVC1GU04DCKR,Texas Instruments,IC INVERTER 1CH 1-INP SC70-5,21  000 - Immediate,$0.09900,3  000,Tape & Reel (TR)  Alternate Packaging,74LVC,Active
https://media.digikey.com/Renders/Texas%20Instr%20Renders/8-LSSOP_tmb.jpg,http://www.ti.com/lit/ds/symlink/sn74lvc2g00.pdf,296-13257-2-ND,SN74LVC2G00DCTR,Texas Instruments,IC GATE NAND 2CH 2-INP SM8,36  000 - Immediate,$0.25230,3  000,Tape & Reel (TR)  Alternate Packaging,74LVC,Active
https://media.digikey.com/Renders/Texas%20Instr%20Renders/US8_8_VSSOP_4200503_F_tmb.jpg,http://www.ti.com/lit/ds/symlink/sn74lvc2g00.pdf,296-13258-2-ND,SN74LVC2G00DCUR,Texas Instruments,IC GATE NAND 2CH 2-INP US8,9  000 - Immediate,$0.18755,3  000,Tape & Reel (TR)  Alternate Packaging,74LVC,Active
https://media.digikey.com/Renders/Texas%20Instr%20Renders/8-LSSOP_tmb.jpg,http://www.ti.com/lit/ds/symlink/sn74lvc2g02.pdf,296-13259-2-ND,SN74LVC2G02DCTR,Texas Instruments,IC GATE NOR 2CH 2-INP SM8,6  000 - Immediate,$0.25665,3  000,Tape & Reel (TR)  Alternate Packaging,74LVC,Active
https://media.digikey.com/Renders/Texas%20Instr%20Renders/8-LSSOP_tmb.jpg,http://www.ti.com/lit/ds/symlink/sn74lvc2g32.pdf,296-13267-2-ND,SN74LVC2G32DCTR,Texas Instruments,IC GATE OR 2CH 2-INP SM8,9  000 - Immediate,$0.25230,3  000,Tape & Reel (TR)  Alternate Packaging,74LVC,Active
https://media.digikey.com/Renders/~~Pkg.Case%20or%20Series/14-TSSOP_tmb.jpg,http://www.ti.com/lit/ds/symlink/sn74lvc32a.pdf,296-1236-2-ND,SN74LVC32APWR,Texas Instruments,IC GATE OR 4CH 2-INP 14TSSOP,12  000 - Immediate,$0.11550,2  000,Tape & Reel (TR)  Alternate Packaging,74LVC,Active
https://media.digikey.com/Renders/Texas%20Instr%20Renders/296;4040047-5;D;14_tmb.jpg,http://www.ti.com/lit/ds/symlink/sn74lvc32a.pdf,296-1235-2-ND,SN74LVC32ADR,Texas Instruments,IC GATE OR 4CH 2-INP 14SOIC,10  000 - Immediate,$0.11550,2  500,Tape & Reel (TR)  Alternate Packaging,74LVC,Active
https://media.digikey.com/Renders/~~Pkg.Case%20or%20Series/14-TSSOP_tmb.jpg,http://www.ti.com/lit/ds/symlink/sn74lvc32a.pdf,296-1236-2-ND,SN74LVC32APWR,Texas Instruments,IC GATE OR 4CH 2-INP 14TSSOP,12  000 - Immediate,$0.11550,2  000,Tape & Reel (TR)  Alternate Packaging,74LVC,Active
https://media.digikey.com/Renders/~~Pkg.Case%20or%20Series/14-SOIC_tmb.jpg,https://toshiba.semicon-storage.com/info/docget.jsp?did=6954&prodName=TC74HC00AF,TC74HC00AFELFTR-ND,TC74HC00AFELF,Toshiba Semiconductor and Storage,IC GATE NAND 4CH 2-INP 14SOP,2  000 - Immediate,$0.18755,-,Tape & Reel (TR)  Alternate Packaging,TC74HC,Not For New Designs
https://media.digikey.com/Renders/~~Pkg.Case%20or%20Series/14-SOIC_tmb.jpg,https://toshiba.semicon-storage.com/info/docget.jsp?did=7022&prodName=TC74HC02AF,TC74HC02AFELFTR-ND,TC74HC02AFELF,Toshiba Semiconductor and Storage,IC GATE NOR 4CH 2-INP 14SOP,2  000 - Immediate,$0.18755,-,Tape & Reel (TR)  Alternate Packaging,TC74HC,Not For New Designs
https://media.digikey.com/Renders/Toshiba%20Renders/6-TSSOP%20(5%20Lead)  %20SC-88A  %20SOT-353_tmb.jpg,http://toshiba.semicon-storage.com/info/docget.jsp?did=20188&prodName=TC7S04F,TC7S04FULFTR-ND,TC7S04FU  LF,Toshiba Semiconductor and Storage,IC INVERTER 1CH 1-INP USV,18  000 - Immediate,$0.08000,3  000,Tape & Reel (TR)  Alternate Packaging,TC7S,Active
https://media.digikey.com/Renders/Toshiba%20Renders/6-TSSOP%20(5%20Lead)  %20SC-88A  %20SOT-353_tmb.jpg,https://toshiba.semicon-storage.com/info/docget.jsp?did=29870&prodName=TC7SH08FU,TC7SH08FULJ(CTTR-ND,TC7SH08FU  LJ(CT,Toshiba Semiconductor and Storage,IC GATE AND 1CH 2-INP USV,0  Standard Lead Time 16 Weeks,$0.05750,3  000,Tape & Reel (TR)  Alternate Packaging,TC7SH,Active
https://media.digikey.com/Renders/Toshiba%20Renders/8-VFSOP_tmb.jpg,http://toshiba.semicon-storage.com/info/docget.jsp?did=20206&prodName=TC7W04FU,TC7W04FKLFTR-ND,TC7W04FK  LF,Toshiba Semiconductor and Storage,IC INVERTER 3CH 3-INP US8,6  000 - Immediate,$0.11385,3  000,Tape & Reel (TR)  Alternate Packaging,TC7W,Active
https://media.digikey.com/Renders/Toshiba%20Renders/8-VFSOP_tmb.jpg,https://media.digikey.com/pdf/Data%20Sheets/Toshiba%20PDFs/TC7WH04FU  FK.pdf,TC7WH04FKLJ(CTTR-ND,TC7WH04FK  LJ(CT,Toshiba Semiconductor and Storage,IC INVERTER 3CH 3-INP US8,0  Standard Lead Time 8 Weeks,$0.08460,3  000,Tape & Reel (TR)  Alternate Packaging,TC7WH,Active
