https://media.digikey.com/Renders/NXP%20Semi%20Renders/14-SOIC-SOT108-1_tmb.jpg,https://assets.nexperia.com/documents/data-sheet/74HC_HCT125.pdf,1727-2779-2-ND,74HC125D  653,Nexperia USA Inc.,IC BUFFER NON-INVERT 6V 14SO,5  000 - Immediate,$0.08880,2  500,Tape & Reel (TR)  Alternate Packaging,74HC,Active
https://media.digikey.com/Renders/~~Pkg.Case%20or%20Series/16%20SOIC_tmb.jpg,https://assets.nexperia.com/documents/data-sheet/HEF4050B.pdf,1727-6410-2-ND,HEF4050BT  653,Nexperia USA Inc.,IC BUFFER NON-INVERT 15V 16SO,5  000 - Immediate,$0.14462,2  500,Tape & Reel (TR)  Alternate Packaging,4000B,Active
https://media.digikey.com/Photos/Texas%20Instr%20Photos/296;4040062;NS;20_tmb.jpg,https://media.digikey.com/pdf/Data%20Sheets/Texas%20Instruments%20PDFs/SN54_74HC245.pdf,296-8278-2-ND,SN74HC245NSR,Texas Instruments,IC TRANSCVR NON-INVERT 6V 20SO,4  000 - Immediate,$0.18445,2  000,Tape & Reel (TR)  Alternate Packaging,74HC,Active
https://media.digikey.com/photos/Fairchild%20Semi%20Photos/261-US8_tmb.jpg,https://www.fairchildsemi.com/datasheets/NC/NC7WZ125.pdf,NC7WZ125K8XTR-ND,NC7WZ125K8X,ON Semiconductor,IC BUFFER NON-INVERT 5.5V US8,12  000 - Immediate,$0.14539,3  000,Tape & Reel (TR)  Alternate Packaging,7WZ,Active
https://media.digikey.com/Renders/Texas%20Instr%20Renders/296;4093553-4;DCK;6_tmb.jpg,http://www.ti.com/lit/ds/symlink/sn74lvc2g17.pdf,296-26622-2-ND,SN74LVC2G17DCKT,Texas Instruments,IC BUF NON-INVERT 5.5V SC70-6,3  750 - Immediate,$0.61492,250,Tape & Reel (TR)  Alternate Packaging,74LVC,Active
https://media.digikey.com/Renders/~~Pkg.Case%20or%20Series/24-Dip_tmb.jpg,https://media.digikey.com/pdf/Data%20Sheets/Texas%20Instruments%20PDFs/74ac11240.pdf,74AC11240NT-ND,74AC11240NT,Texas Instruments,IC BUFFER INVERT 5.5V 24DIP,0,Obsolete,-,Tube,74AC,Obsolete
https://media.digikey.com/Renders/~~Pkg.Case%20or%20Series/20-SOIC%200.295_tmb.jpg,https://media.digikey.com/pdf/Data%20Sheets/Fairchild%20PDFs/74F240  %20241  %20244.pdf,74F244SC-ND,74F244SC,ON Semiconductor,IC BUF NON-INVERT 5.5V 20SOIC,0,Obsolete,-,Tube,74F,Obsolete
https://media.digikey.com/Renders/~~Pkg.Case%20or%20Series/20-SOIC%200.295_tmb.jpg,https://media.digikey.com/pdf/Data%20Sheets/Texas%20Instruments%20PDFs/SN54_74HC245.pdf,296-1197-2-ND,SN74HC245DWR,Texas Instruments,IC TRANSCVR NON-INVERT 6V 20SOIC,4  000 - Immediate,$0.18445,2  000,Tape & Reel (TR)  Alternate Packaging,74HC,Active
https://media.digikey.com/Renders/~~Pkg.Case%20or%20Series/20-SOIC%200.295_tmb.jpg,http://www.ti.com/lit/ds/symlink/sn74hc541.pdf,296-1202-2-ND,SN74HC541DWR,Texas Instruments,IC BUFFER NON-INVERT 6V 20SOIC,20  000 - Immediate,$0.22165,2  000,Tape & Reel (TR)  Alternate Packaging,74HC,Active
https://media.digikey.com/Renders/~~Pkg.Case%20or%20Series/DIP16_SOT38-1%20Pkg_tmb.jpg,http://www.ti.com/lit/ds/symlink/cd4050b.pdf,296-2056-5-ND,CD4050BE,Texas Instruments,IC BUFFER NON-INVERT 18 V 16DIP,17  053 - Immediate,$0.53000,1,Tube  Alternate Packaging,4000B,Active
https://media.digikey.com/Renders/~~Pkg.Case%20or%20Series/DIP16_SOT38-1%20Pkg_tmb.jpg,http://www.ti.com/lit/ds/symlink/cd4503b.pdf,296-2071-5-ND,CD4503BE,Texas Instruments,IC BUFFER NON-INVERT 18 V 16DIP,1  374 - Immediate,$0.56000,1,Tube  Alternate Packaging,4000B,Active
https://media.digikey.com/Renders/~~Pkg.Case%20or%20Series/24-Dip_tmb.jpg,http://www.ti.com/lit/ds/symlink/sn74f657.pdf,SN74F657NT-ND,SN74F657NT,Texas Instruments,IC TXRX NON-INVERT 5.5V 24DIP,0,Obsolete,-,Tube,74F,Obsolete
https://media.digikey.com/Renders/Texas%20Instr%20Renders/14-DIP_tmb.jpg,http://www.ti.com/lit/ds/symlink/sn74als1035.pdf,296-5009-5-ND,SN74ALS1035N,Texas Instruments,IC BUF NON-INVERT 5.5V 14DIP,2  479 - Immediate,$2.19000,1,Tube,74ALS,Active
https://media.digikey.com/Renders/Texas%20Instr%20Renders/14SOIC_tmb.jpg,https://media.digikey.com/pdf/Data%20Sheets/Texas%20Instruments%20PDFs/SN(54  74)ALS243A.pdf,296-13149-2-ND,SN74ALS243ANSR,Texas Instruments,IC TXRX NON-INVERT 5.5V 14SOP,0,Obsolete,-,Tape & Reel (TR),74ALS,Obsolete
https://media.digikey.com/photos/Texas%20Instr%20Photos/296-20-DIP_tmb.jpg,http://www.ti.com/lit/ds/symlink/sn74als620a.pdf,SN74ALS621A-1N-ND,SN74ALS621A-1N,Texas Instruments,IC TXRX NON-INVERT 5.5V 20DIP,2  320 - Factory Stock,$4.13983,120  Non-Stock,Tube,74ALS,Active
https://media.digikey.com/photos/Texas%20Instr%20Photos/296-20-DIP_tmb.jpg,http://www.ti.com/lit/ds/symlink/sn74als638a.pdf,296-33758-5-ND,SN74ALS638A-1N,Texas Instruments,IC TRANSCVR INVERT 5.5V 20DIP,51 - Immediate,$9.40000,-,Tube,74ALS,Obsolete
https://media.digikey.com/Photos/Texas%20Instr%20Photos/296;4040062;NS;20_tmb.jpg,http://www.ti.com/lit/ds/symlink/sn74als641a.pdf,296-37413-2-ND,SN74ALS641ANSR,Texas Instruments,IC TRANSCVR INVERT 5.5V 20SO,0  Standard Lead Time 6 Weeks,$2.34745,2  000,Tape & Reel (TR)  Alternate Packaging,74ALS,Active
https://media.digikey.com/photos/Texas%20Instr%20Photos/296-20-DIP_tmb.jpg,http://www.ti.com/lit/ds/symlink/sn74as641.pdf,296-5072-5-ND,SN74ALS642A-1N,Texas Instruments,IC TRANSCVR INVERT 5.5V 20DIP,116 - Immediate,$6.03000,1,Tube  Alternate Packaging,74ALS,Active
https://media.digikey.com/photos/Texas%20Instr%20Photos/296-20-DIP_tmb.jpg,http://www.ti.com/lit/ds/symlink/sn74as645.pdf,296-5076-5-ND,SN74ALS645AN,Texas Instruments,IC TXRX NON-INVERT 5.5V 20DIP,56 - Immediate,$2.28000,1,Tube,74ALS,Active
https://media.digikey.com/Renders/~~Pkg.Case%20or%20Series/24-Dip_tmb.jpg,http://www.ti.com/lit/ds/symlink/sn74als648a.pdf,296-33814-5-ND,SN74AS646NT,Texas Instruments,IC TXRX NON-INVERT 5.5V 24DIP,0,Obsolete,-,Tube,74AS,Obsolete
https://media.digikey.com/photos/Texas%20Instr%20Photos/296-20-DIP_tmb.jpg,http://www.ti.com/lit/ds/symlink/sn74bct240.pdf,296-33833-5-ND,SN74BCT240N,Texas Instruments,IC BUFFER INVERT 5.5V 20DIP,12 - Immediate,$4.80000,1  Non-Stock,Tube,74BCT,Active
https://media.digikey.com/Photos/Texas%20Instr%20Photos/296;4040062;NS;20_tmb.jpg,http://www.ti.com/lit/ds/symlink/sn74bct244.pdf,296-38791-2-ND,SN74BCT244NSR,Texas Instruments,IC BUFFER NON-INVERT 5.5V 20SO,0  Standard Lead Time 6 Weeks,$2.42326,2  000,Tape & Reel (TR)  Alternate Packaging,74BCT,Active
https://media.digikey.com/photos/Texas%20Instr%20Photos/296-20-DIP_tmb.jpg,http://www.ti.com/lit/ds/symlink/sn74f244.pdf,296-1553-5-ND,SN74F244N,Texas Instruments,IC BUF NON-INVERT 5.5V 20DIP,648 - Immediate,$0.93000,1,Tube  Alternate Packaging,74F,Active
https://media.digikey.com/Photos/Texas%20Instr%20Photos/296;4040062;NS;20_tmb.jpg,http://www.ti.com/lit/ds/symlink/sn74hc244.pdf,296-8274-2-ND,SN74HC244NSR,Texas Instruments,IC BUFFER NON-INVERT 6V 20SO,2  000 - Immediate,$0.18445,2  000,Tape & Reel (TR)  Alternate Packaging,74HC,Active
https://media.digikey.com/Renders/~~Pkg.Case%20or%20Series/DIP16_SOT38-1%20Pkg_tmb.jpg,http://www.ti.com/lit/ds/symlink/sn74hc367.pdf,296-8306-5-ND,SN74HC367N,Texas Instruments,IC BUFFER NON-INVERT 6V 16DIP,2  584 - Immediate,$0.60000,1,Tube,74HC,Active
https://media.digikey.com/Photos/Texas%20Instr%20Photos/296;4040062;NS;20_tmb.jpg,http://www.ti.com/lit/ds/symlink/sn74hc540.pdf,296-29977-2-ND,SN74HC540NSR,Texas Instruments,IC BUFFER INVERT 6V 20SO,2  000 - Immediate,$0.22165,2  000,Tape & Reel (TR)  Alternate Packaging,74HC,Active
https://media.digikey.com/Renders/Texas%20Instr%20Renders/14SOIC_tmb.jpg,http://www.ti.com/lit/ds/symlink/sn74ls07.pdf,296-3628-2-ND,SN74LS07NSR,Texas Instruments,IC BUF NON-INVERT 5.25V 14SOP,4  000 - Immediate,$0.41580,2  000,Tape & Reel (TR)  Alternate Packaging,74LS,Active
https://media.digikey.com/Renders/Texas%20Instr%20Renders/14SOIC_tmb.jpg,http://www.ti.com/lit/ds/symlink/sn74ls126a.pdf,296-3642-2-ND,SN74LS125ANSR,Texas Instruments,IC BUF NON-INVERT 5.25V 14SOP,0  Standard Lead Time 6 Weeks,$0.32480,2  000,Tape & Reel (TR)  Alternate Packaging,74LS,Active
https://media.digikey.com/Renders/Texas%20Instr%20Renders/14-DIP_tmb.jpg,http://www.ti.com/lit/ds/symlink/sn74ls243.pdf,296-11619-5-ND,SN74LS243N,Texas Instruments,IC TXRX NON-INVERT 5.25V 14DIP,91 - Immediate,$3.02000,1,Tube  Alternate Packaging,74LS,Active
https://media.digikey.com/photos/Texas%20Instr%20Photos/296-20-DIP_tmb.jpg,http://www.ti.com/lit/ds/symlink/sn74ls241.pdf,296-1653-5-ND,SN74LS244N,Texas Instruments,IC BUF NON-INVERT 5.25V 20DIP,13  616 - Immediate,$0.90000,1,Tube  Alternate Packaging,74LS,Active
https://media.digikey.com/photos/Texas%20Instr%20Photos/296-20-DIP_tmb.jpg,http://www.ti.com/lit/ds/symlink/sn74ls245.pdf,296-1655-5-ND,SN74LS245N,Texas Instruments,IC TXRX NON-INVERT 5.25V 20DIP,8  432 - Immediate,$0.88000,1,Tube,74LS,Active
https://media.digikey.com/Photos/Texas%20Instr%20Photos/296;4040062;NS;16_tmb.jpg,http://www.ti.com/lit/ds/symlink/sn74ls365a.pdf,296-38803-2-ND,SN74LS367ANSR,Texas Instruments,IC BUFFER NON-INVERT 5.25V 16SO,0  Standard Lead Time 6 Weeks,$0.50400,2  000,Tape & Reel (TR)  Alternate Packaging,74LS,Active
https://media.digikey.com/Photos/Texas%20Instr%20Photos/296;4040062;NS;20_tmb.jpg,http://www.ti.com/lit/ds/symlink/sn74ls641.pdf,296-28514-2-ND,SN74LS641NSR,Texas Instruments,IC TXRX NON-INVERT 5.25V 20SO,0  Standard Lead Time 6 Weeks,$1.51487,2  000,Tape & Reel (TR)  Alternate Packaging,74LS,Active
https://media.digikey.com/Renders/Texas%20Instr%20Renders/14SOIC_tmb.jpg,http://www.ti.com/lit/ds/symlink/sn74abt125.pdf,296-29285-2-ND,SN74ABT125NSR,Texas Instruments,IC BUFFER NON-INVERT 5.5V 14SOP,0  Standard Lead Time 6 Weeks,$0.32625,2  000,Tape & Reel (TR)  Alternate Packaging,74ABT,Active
https://media.digikey.com/Renders/~~Pkg.Case%20or%20Series/48-TSSOP_tmb.jpg,https://media.digikey.com/pdf/Data%20Sheets/Fairchild%20PDFs/74ABT16244.pdf,74ABT16244CMTD-ND,74ABT16244CMTD,ON Semiconductor,IC BUF NON-INVERT 5.5V 48TSSOP,0,Obsolete,-,Tube,74ABT,Obsolete
https://media.digikey.com/Renders/~~Pkg.Case%20or%20Series/48-TSSOP_tmb.jpg,https://media.digikey.com/pdf/Data%20Sheets/Fairchild%20PDFs/74ABT16245.pdf,74ABT16245CMTD-ND,74ABT16245CMTD,ON Semiconductor,IC TXRX NON-INVERT 5.5V 48TSSOP,0,Obsolete,-,Tube,74ABT,Obsolete
https://media.digikey.com/Renders/~~Pkg.Case%20or%20Series/48-TSSOP_tmb.jpg,https://media.digikey.com/pdf/Data%20Sheets/Fairchild%20PDFs/74ABT16541.pdf,74ABT16541CMTD-ND,74ABT16541CMTD,ON Semiconductor,IC BUF NON-INVERT 5.5V 48TSSOP,0,Obsolete,-,Tube,74ABT,Obsolete
https://media.digikey.com/Renders/~~Pkg.Case%20or%20Series/56TFSOP_tmb.jpg,https://media.digikey.com/pdf/Data%20Sheets/Fairchild%20PDFs/74ABT16646.pdf,74ABT16646CMTD-ND,74ABT16646CMTD,ON Semiconductor,IC TXRX NON-INVERT 5.5V 56TSSOP,0,Obsolete,-,Tube,74ABT,Obsolete
https://media.digikey.com/Renders/~~Pkg.Case%20or%20Series/20-SOIC%200.295_tmb.jpg,https://assets.nexperia.com/documents/data-sheet/74ABT244.pdf,1727-3084-2-ND,74ABT244D  623,Nexperia USA Inc.,IC BUFFER NON-INVERT 5.5V 20SO,0  Standard Lead Time 12 Weeks,$0.22475,2  000,Tape & Reel (TR)  Alternate Packaging,74ABT,Active
https://media.digikey.com/Photos/Nexperia/1727;SOT361-1;PW;20_tmb.jpg,https://assets.nexperia.com/documents/data-sheet/74ABT244.pdf,1727-4051-2-ND,74ABT244PW  118,Nexperia USA Inc.,IC BUF NON-INVERT 5.5V 20TSSOP,0  Standard Lead Time 8 Weeks,$0.20925,2  500,Tape & Reel (TR)  Alternate Packaging,74ABT,Active
https://media.digikey.com/Renders/~~Pkg.Case%20or%20Series/20-SSOP_SOT266-1_tmb.jpg,https://assets.nexperia.com/documents/data-sheet/74ABT245.pdf,1727-6091-ND,74ABT245DB  112,Nexperia USA Inc.,IC TXRX NON-INVERT 5.5V 20SSOP,583 - Immediate,$0.59000,1,Tube  Alternate Packaging,74ABT,Active
https://media.digikey.com/Photos/Nexperia/1727;SOT361-1;PW;20_tmb.jpg,https://assets.nexperia.com/documents/data-sheet/74ABT245.pdf,1727-2608-2-ND,74ABT245PW  118,Nexperia USA Inc.,IC TXRX NON-INVERT 5.5V 20TSSOP,0  Standard Lead Time 8 Weeks,$0.20925,2  500,Tape & Reel (TR)  Alternate Packaging,74ABT,Active
https://media.digikey.com/Photos/Texas%20Instr%20Photos/296;4040062;NS;24_tmb.jpg,https://media.digikey.com/pdf/Data%20Sheets/Texas%20Instruments%20PDFs/74ac11244.pdf,74AC11244NSR-ND,74AC11244NSR,Texas Instruments,IC BUFFER NON-INVERT 5.5V 24SO,0,Obsolete,-,Tape & Reel (TR),74AC,Obsolete
https://media.digikey.com/Renders/~~Pkg.Case%20or%20Series/20-TSSOP_tmb.jpg,https://www.fairchildsemi.com/datasheets/74/74AC244.pdf,74AC244MTC-ND,74AC244MTC,ON Semiconductor,IC BUFFER NON-INVERT 6V 20TSSOP,885 - Immediate  1  825 - Factory Stock,$0.64000,1,Tube,74AC,Active
https://media.digikey.com/Renders/~~Pkg.Case%20or%20Series/20-SOIC%200.295_tmb.jpg,https://www.fairchildsemi.com/datasheets/74/74AC244.pdf,74AC244SCXTR-ND,74AC244SCX,ON Semiconductor,IC BUFFER NON-INVERT 6V 20SOIC,0,Active,1  000,Tape & Reel (TR)  Alternate Packaging,74AC,Active
https://media.digikey.com/photos/Texas%20Instr%20Photos/296-20-DIP_tmb.jpg,http://www.ti.com/lit/ds/symlink/cd74act540.pdf,296-4248-5-ND,CD74AC541E,Texas Instruments,IC BUF NON-INVERT 5.5V 20DIP,5  025 - Immediate,$0.83000,1,Tube  Alternate Packaging,74AC,Active
https://media.digikey.com/Renders/~~Pkg.Case%20or%20Series/20-SOIC%200.295_tmb.jpg,https://www.fairchildsemi.com/datasheets/74/74AC541.pdf,74AC541SC-ND,74AC541SC,ON Semiconductor,IC BUFFER NON-INVERT 6V 20SOIC,0,Active,1,Tube,74AC,Active
https://media.digikey.com/Renders/~~Pkg.Case%20or%20Series/24-SOIC_tmb.jpg,https://media.digikey.com/pdf/Data%20Sheets/Fairchild%20PDFs/74AC648.pdf,74AC648SC-ND,74AC648SC,ON Semiconductor,IC TRANSCVR NON-INVERT 6V 24SOIC,0,Obsolete,-,Tube,74AC,Obsolete
https://media.digikey.com/Renders/~~Pkg.Case%20or%20Series/24-SOIC_tmb.jpg,http://www.ti.com/lit/ds/symlink/74act11244.pdf,296-1001-2-ND,74ACT11244DWR,Texas Instruments,IC BUF NON-INVERT 5.5V 24SOIC,0  Standard Lead Time 6 Weeks,$1.44571,2  000,Tape & Reel (TR)  Alternate Packaging,74ACT,Active
https://media.digikey.com/Renders/~~Pkg.Case%20or%20Series/48-BSSOP_tmb.jpg,http://www.ti.com/lit/ds/symlink/sn74act16245-ep.pdf,296-18124-2-ND,SN74ACT16245QDLREP,Texas Instruments,IC TXRX NON-INVERT 5.5V 48SSOP,0  Standard Lead Time 6 Weeks,$2.24000,1  000,Tape & Reel (TR)  Alternate Packaging,74ACT,Active
https://media.digikey.com/Renders/~~Pkg.Case%20or%20Series/20-SOIC%200.295_tmb.jpg,http://www.onsemi.com/pub/Collateral/74AC240-D.pdf,74ACT240SC-ND,74ACT240SC,ON Semiconductor,IC BUFFER INVERT 5.5V 20SOIC,1  080 - Immediate  20  520 - Factory Stock,$0.92000,1,Tube,74ACT,Active
https://media.digikey.com/Renders/~~Pkg.Case%20or%20Series/20-TSSOP%20(0.173  %204.40mm%20Width)_tmb.jpg,http://www.ti.com/lit/ds/symlink/sn74act244.pdf,296-1071-2-ND,SN74ACT244PWR,Texas Instruments,IC BUF NON-INVERT 5.5V 20TSSOP,4  000 - Immediate,$0.33205,2  000,Tape & Reel (TR)  Alternate Packaging,74ACT,Active
https://media.digikey.com/photos/Fairchild%20Semi%20Photos/261-20-TSSOP_tmb.jpg,https://www.fairchildsemi.com/datasheets/74/74AC244.pdf,74ACT244MTCXTR-ND,74ACT244MTCX,ON Semiconductor,IC BUF NON-INVERT 5.5V 20TSSOP,0,Active,2  500,Tape & Reel (TR)  Alternate Packaging,74ACT,Active
https://media.digikey.com/Renders/~~Pkg.Case%20or%20Series/20-SOIC%200.295_tmb.jpg,https://www.fairchildsemi.com/datasheets/74/74AC244.pdf,74ACT244SC-ND,74ACT244SC,ON Semiconductor,IC BUF NON-INVERT 5.5V 20SOIC,0,Active,1,Tube,74ACT,Active
https://media.digikey.com/Renders/~~Pkg.Case%20or%20Series/20-SOIC%200.295_tmb.jpg,http://www.ti.com/lit/ds/symlink/cd74ac245.pdf,296-14497-2-ND,CD74ACT245M96,Texas Instruments,IC TXRX NON-INVERT 5.5V 20SOIC,2  000 - Immediate,$0.35140,2  000,Tape & Reel (TR)  Alternate Packaging,74ACT,Active
https://media.digikey.com/Renders/~~Pkg.Case%20or%20Series/20-SOIC%200.295_tmb.jpg,https://www.fairchildsemi.com/datasheets/74/74AC245.pdf,74ACT245SCXTR-ND,74ACT245SCX,ON Semiconductor,IC TXRX NON-INVERT 5.5V 20SOIC,0,Active,1  000,Tape & Reel (TR)  Alternate Packaging,74ACT,Active
https://media.digikey.com/Renders/~~Pkg.Case%20or%20Series/20-SOIC%200.295_tmb.jpg,https://www.fairchildsemi.com/datasheets/74/74ACT541.pdf,74ACT541SC-ND,74ACT541SC,ON Semiconductor,IC BUF NON-INVERT 5.5V 20SOIC,93 - Immediate,$0.83000,1,Tube,74ACT,Active
https://media.digikey.com/Renders/~~Pkg.Case%20or%20Series/20-SOIC%200.295_tmb.jpg,https://media.digikey.com/pdf/Data%20Sheets/Fairchild%20PDFs/74ACQ  ACTQ244%20Rev1999.pdf,74ACTQ244SC-ND,74ACTQ244SC,ON Semiconductor,IC BUF NON-INVERT 5.5V 20SOIC,0,Obsolete,-,Tube,74ACTQ,Obsolete
https://media.digikey.com/Renders/~~Pkg.Case%20or%20Series/20-SOIC_SOT163-1_tmb.jpg,https://media.digikey.com/pdf/Data%20Sheets/Fairchild%20PDFs/74ACQ  ACQT245%20Rev2005.pdf,74ACTQ245SJ-ND,74ACTQ245SJ,ON Semiconductor,IC TXRX NON-INVERT 5.5V 20SOP,0,Obsolete,-,Tube,74ACTQ,Obsolete
https://media.digikey.com/Renders/~~Pkg.Case%20or%20Series/20-SOIC%200.295_tmb.jpg,https://media.digikey.com/pdf/Data%20Sheets/Fairchild%20PDFs/74ACTQ541.pdf,74ACTQ541SC-ND,74ACTQ541SC,ON Semiconductor,IC BUF NON-INVERT 5.5V 20SOIC,0,Obsolete,-,Tube,74ACTQ,Obsolete
https://media.digikey.com/Renders/~~Pkg.Case%20or%20Series/14-TSSOP_tmb.jpg,http://www.ti.com/lit/ds/symlink/sn74ahc125.pdf,296-1083-2-ND,SN74AHC125PWR,Texas Instruments,IC BUF NON-INVERT 5.5V 14TSSOP,30  000 - Immediate,$0.12210,2  000,Tape & Reel (TR)  Alternate Packaging,74AHC,Active
https://media.digikey.com/Renders/Texas%20Instr%20Renders/SOT-23-5%20PKG_tmb.jpg,http://www.ti.com/lit/ds/symlink/sn74ahc1g125.pdf,296-8744-2-ND,SN74AHC1G125DBVR,Texas Instruments,IC BUF NON-INVERT 5.5V SOT23-5,45  000 - Immediate,$0.09180,3  000,Tape & Reel (TR)  Alternate Packaging,74AHC,Active
https://media.digikey.com/Renders/~~Pkg.Case%20or%20Series/20-TSSOP%20(0.173  %204.40mm%20Width)_tmb.jpg,http://www.ti.com/lit/ds/symlink/sn74ahc541.pdf,296-1103-2-ND,SN74AHC541PWR,Texas Instruments,IC BUF NON-INVERT 5.5V 20TSSOP,14  000 - Immediate,$0.20460,2  000,Tape & Reel (TR)  Alternate Packaging,74AHC,Active
https://media.digikey.com/Renders/Texas%20Instr%20Renders/20-SSOP_tmb.jpg,http://www.ti.com/lit/ds/symlink/sn74ahct240.pdf,296-4716-2-ND,SN74AHCT240DBR,Texas Instruments,IC BUFFER INVERT 5.5V 20SSOP,0  Standard Lead Time 6 Weeks,$0.18445,2  000,Tape & Reel (TR)  Alternate Packaging,74AHCT,Active
https://media.digikey.com/Photos/Nexperia/1727;SOT361-1;PW;20_tmb.jpg,https://assets.nexperia.com/documents/data-sheet/74AHC_AHCT244.pdf,1727-4002-2-ND,74AHCT244PW  118,Nexperia USA Inc.,IC BUF NON-INVERT 5.5V 20TSSOP,2  500 - Immediate,$0.13200,2  500,Tape & Reel (TR)  Alternate Packaging,74AHCT,Active
https://media.digikey.com/Renders/~~Pkg.Case%20or%20Series/20-TSSOP%20(0.173  %204.40mm%20Width)_tmb.jpg,http://www.ti.com/lit/ds/symlink/sn74ahct541.pdf,296-1120-2-ND,SN74AHCT541PWR,Texas Instruments,IC BUF NON-INVERT 5.5V 20TSSOP,30  000 - Immediate,$0.22940,2  000,Tape & Reel (TR)  Alternate Packaging,74AHCT,Active
https://media.digikey.com/Renders/~~Pkg.Case%20or%20Series/20-SOIC%200.295_tmb.jpg,http://www.ti.com/lit/ds/symlink/sn74als245a.pdf,296-1125-2-ND,SN74ALS245ADWR,Texas Instruments,IC TXRX NON-INVERT 5.5V 20SOIC,6  000 - Immediate,$0.45780,2  000,Tape & Reel (TR)  Alternate Packaging,74ALS,Active
https://media.digikey.com/Renders/~~Pkg.Case%20or%20Series/20-SOIC%200.295_tmb.jpg,http://www.ti.com/lit/ds/symlink/sn74als245a.pdf,296-1125-2-ND,SN74ALS245ADWR,Texas Instruments,IC TXRX NON-INVERT 5.5V 20SOIC,6  000 - Immediate,$0.45780,2  000,Tape & Reel (TR)  Alternate Packaging,74ALS,Active
https://media.digikey.com/Renders/~~Pkg.Case%20or%20Series/20-SOIC%200.295_tmb.jpg,http://www.ti.com/lit/ds/symlink/sn74as645.pdf,296-38789-2-ND,SN74ALS645A-1DWR,Texas Instruments,IC TXRX NON-INVERT 5.5V 20SOIC,0  Standard Lead Time 6 Weeks,$0.90855,2  000,Tape & Reel (TR)  Alternate Packaging,74ALS,Active
https://media.digikey.com/Renders/~~Pkg.Case%20or%20Series/20-SOIC%200.295_tmb.jpg,http://www.ti.com/lit/ds/symlink/sn74as645.pdf,296-37414-2-ND,SN74ALS645ADWR,Texas Instruments,IC TXRX NON-INVERT 5.5V 20SOIC,0  Standard Lead Time 6 Weeks,$0.90855,2  000,Tape & Reel (TR)  Alternate Packaging,74ALS,Active
https://media.digikey.com/Renders/Texas%20Instr%20Renders/296;4040047-5;D;14_tmb.jpg,http://www.ti.com/lit/ds/symlink/sn74alvc125.pdf,296-1510-2-ND,SN74ALVC125DR,Texas Instruments,IC BUF NON-INVERT 3.6V 14SOIC,2  500 - Immediate,$0.20925,2  500,Tape & Reel (TR)  Alternate Packaging,74ALVC,Active
https://media.digikey.com/Renders/~~Pkg.Case%20or%20Series/48-TSSOP_tmb.jpg,https://assets.nexperia.com/documents/data-sheet/74ALVC_ALVCH16245.pdf,1727-4059-2-ND,74ALVC16245DGG  118,Nexperia USA Inc.,IC TXRX NON-INVERT 3.6V 48TSSOP,4  000 - Immediate,$0.46200,2  000,Tape & Reel (TR)  Alternate Packaging,74ALVC,Active
https://media.digikey.com/Renders/~~Pkg.Case%20or%20Series/48-TSSOP_tmb.jpg,http://www.idt.com/document/74alvch16245-datasheet,800-1554-5-ND,74ALVCH16245PAG,IDT   Integrated Device Technology Inc,IC TXRX NON-INVERT 3.6V 48TSSOP,5  711 - Immediate,$1.09000,1,Tube  Alternate Packaging,74ALVCH,Active
https://media.digikey.com/Renders/Texas%20Instr%20Renders/SC70_5-pins_tmb.jpg,http://www.ti.com/lit/ds/symlink/sn74auc1g125.pdf,296-12658-2-ND,SN74AUC1G125DCKR,Texas Instruments,IC BUF NON-INVERT 2.7 V SC70-5,12  000 - Immediate,$0.09900,3  000,Tape & Reel (TR)  Alternate Packaging,74AUC,Active
https://media.digikey.com/Renders/Texas%20Instr%20Renders/296;4040047-5;D;14_tmb.jpg,http://www.ti.com/lit/ds/symlink/sn74f125.pdf,296-1179-2-ND,SN74F125DR,Texas Instruments,IC BUF NON-INVERT 5.5V 14SOIC,5  000 - Immediate,$0.19220,2  500,Tape & Reel (TR)  Alternate Packaging,74F,Active
https://media.digikey.com/Photos/Texas%20Instr%20Photos/296;4040062;NS;20_tmb.jpg,http://www.ti.com/lit/ds/symlink/sn74f240.pdf,296-29975-2-ND,SN74F240NSR,Texas Instruments,IC BUFFER INVERT 5.5V 20SO,0  Standard Lead Time 6 Weeks,$0.35960,2  000,Tape & Reel (TR)  Alternate Packaging,74F,Active
https://media.digikey.com/Renders/~~Pkg.Case%20or%20Series/48-BSSOP_tmb.jpg,http://www.idt.com/document/74fct16245t-datasheet,800-2158-ND,74FCT16245ATPVG,IDT   Integrated Device Technology Inc,IC TXRX NON-INVERT 5.5V 48SSOP,1  206 - Immediate,$1.05000,1,Tube  Alternate Packaging,74FCT,Active
https://media.digikey.com/Renders/NXP%20Semi%20Renders/14-SOIC-SOT108-1_tmb.jpg,https://media.digikey.com/pdf/Data%20Sheets/NXP%20PDFs/74HC(T)126.pdf,1727-6311-2-ND,74HC126D  653,Nexperia USA Inc.,IC BUFFER NON-INVERT 6V 14SO,5  000 - Immediate,$0.10707,2  500,Tape & Reel (TR)  Alternate Packaging,74HC,Active
https://media.digikey.com/Renders/~~Pkg.Case%20or%20Series/20-SOIC%200.295_tmb.jpg,http://www.ti.com/lit/ds/symlink/sn74hc240.pdf,296-14843-2-ND,SN74HC240DWR,Texas Instruments,IC BUFFER INVERT 6V 20SOIC,12  000 - Immediate,$0.18600,2  000,Tape & Reel (TR)  Alternate Packaging,74HC,Active
https://media.digikey.com/Renders/~~Pkg.Case%20or%20Series/20-SOIC%200.295_tmb.jpg,http://www.ti.com/lit/ds/symlink/sn74hc240.pdf,296-14843-2-ND,SN74HC240DWR,Texas Instruments,IC BUFFER INVERT 6V 20SOIC,12  000 - Immediate,$0.18600,2  000,Tape & Reel (TR)  Alternate Packaging,74HC,Active
https://media.digikey.com/Renders/~~Pkg.Case%20or%20Series/20-SOIC%200.295_tmb.jpg,https://assets.nexperia.com/documents/data-sheet/74HC_HCT244.pdf,1727-2791-2-ND,74HC244D  653,Nexperia USA Inc.,IC BUFFER NON-INVERT 6V 20SO,4  000 - Immediate,$0.17221,2  000,Tape & Reel (TR)  Alternate Packaging,74HC,Active
https://media.digikey.com/Renders/Texas%20Instr%20Renders/20-SSOP_tmb.jpg,https://media.digikey.com/pdf/Data%20Sheets/Texas%20Instruments%20PDFs/SN54_74HC245.pdf,296-8277-2-ND,SN74HC245DBR,Texas Instruments,IC TRANSCVR NON-INVERT 6V 20SSOP,6  000 - Immediate,$0.18445,2  000,Tape & Reel (TR)  Alternate Packaging,74HC,Active
https://media.digikey.com/Photos/Nexperia/1727;SOT361-1;PW;20_tmb.jpg,https://assets.nexperia.com/documents/data-sheet/74HC_HCT245.pdf,1727-4296-2-ND,74HC245PW  118,Nexperia USA Inc.,IC TXRX NON-INVERT 6V 20TSSOP,2  500 - Immediate,$0.14520,2  500,Tape & Reel (TR)  Alternate Packaging,74HC,Active
https://media.digikey.com/Renders/Texas%20Instr%20Renders/16-SOIC_tmb.jpg,http://www.ti.com/lit/ds/symlink/sn74hc365.pdf,296-8303-5-ND,SN74HC365D,Texas Instruments,IC BUFFER NON-INVERT 6V 16SOIC,1  711 - Immediate,$0.65000,1,Tube  Alternate Packaging,74HC,Active
https://media.digikey.com/Renders/~~Pkg.Case%20or%20Series/16%20SOIC_tmb.jpg,https://assets.nexperia.com/documents/data-sheet/74HC_HCT366.pdf,1727-2037-2-ND,74HC366D  653,Nexperia USA Inc.,IC BUFFER INVERT 6V 16SO,10  000 - Immediate,$0.21235,2  500,Tape & Reel (TR)  Alternate Packaging,74HC,Active
https://media.digikey.com/Renders/~~Pkg.Case%20or%20Series/16%20SOIC_tmb.jpg,https://assets.nexperia.com/documents/data-sheet/74HC4050.pdf,1727-6331-2-ND,74HC4050D  653,Nexperia USA Inc.,IC BUFFER NON-INVERT 6V 16SO,0  Standard Lead Time 8 Weeks,$0.16136,2  500,Tape & Reel (TR)  Alternate Packaging,74HC,Active
https://media.digikey.com/Photos/Texas%20Instr%20Photos/296;4040062;NS;20_tmb.jpg,http://www.ti.com/lit/ds/symlink/sn74hc640.pdf,296-38235-2-ND,SN74HC640NSR,Texas Instruments,IC TRANSCVR INVERT 6V 20SO,0  Standard Lead Time 6 Weeks,$0.69120,2  000,Tape & Reel (TR)  Alternate Packaging,74HC,Active
https://media.digikey.com/Renders/NXP%20Semi%20Renders/14-SOIC-SOT108-1_tmb.jpg,https://assets.nexperia.com/documents/data-sheet/74HC_HCT125.pdf,1727-2834-2-ND,74HCT125D  653,Nexperia USA Inc.,IC BUFFER NON-INVERT 5.5V 14SO,5  000 - Immediate,$0.11006,2  500,Tape & Reel (TR)  Alternate Packaging,74HCT,Active
https://media.digikey.com/Renders/Texas%20Instr%20Renders/14-DIP_tmb.jpg,http://www.ti.com/lit/ds/symlink/sn74hct125.pdf,296-8386-5-ND,SN74HCT125N,Texas Instruments,IC BUF NON-INVERT 5.5V 14DIP,5  529 - Immediate,$0.40000,1,Tube  Alternate Packaging,74HCT,Active
https://media.digikey.com/Renders/~~Pkg.Case%20or%20Series/20-SOIC%200.295_tmb.jpg,https://assets.nexperia.com/documents/data-sheet/74HC_HCT241_CNV.pdf,1727-4092-2-ND,74HCT241D  653,Nexperia USA Inc.,IC BUFFER NON-INVERT 5.5V 20SO,4  000 - Immediate,$0.25781,2  000,Tape & Reel (TR)  Alternate Packaging,74HCT,Active
https://media.digikey.com/Renders/~~Pkg.Case%20or%20Series/20-SOIC%200.295_tmb.jpg,http://www.ti.com/lit/ds/symlink/sn74hct244.pdf,296-1207-2-ND,SN74HCT244DWR,Texas Instruments,IC BUF NON-INVERT 5.5V 20SOIC,16  000 - Immediate,$0.18600,2  000,Tape & Reel (TR)  Alternate Packaging,74HCT,Active
https://media.digikey.com/Renders/~~Pkg.Case%20or%20Series/20-SOIC%200.295_tmb.jpg,http://www.onsemi.com/pub/Collateral/MM74HCT244-D.pdf,MM74HCT244WM-ND,MM74HCT244WM,ON Semiconductor,IC BUF NON-INVERT 5.5V 20SOIC,2  323 - Immediate  36  720 - Factory Stock,$0.65000,1,Tube,74HCT,Active
https://media.digikey.com/Renders/~~Pkg.Case%20or%20Series/20-SOIC%200.295_tmb.jpg,https://assets.nexperia.com/documents/data-sheet/74HC_HCT245.pdf,1727-2842-2-ND,74HCT245D  653,Nexperia USA Inc.,IC TRANSCVR NON-INVERT 5.5V 20SO,6  000 - Immediate,$0.18941,2  000,Tape & Reel (TR)  Alternate Packaging,74HCT,Active
https://media.digikey.com/Renders/~~Pkg.Case%20or%20Series/20-TSSOP%20(0.173  %204.40mm%20Width)_tmb.jpg,http://www.ti.com/lit/ds/symlink/sn74hct245.pdf,296-8404-2-ND,SN74HCT245PWR,Texas Instruments,IC TXRX NON-INVERT 5.5V 20TSSOP,20  000 - Immediate,$0.16895,2  000,Tape & Reel (TR)  Alternate Packaging,74HCT,Active
https://media.digikey.com/Renders/~~Pkg.Case%20or%20Series/20-SOIC%200.295_tmb.jpg,http://www.ti.com/lit/ds/symlink/sn74hct540.pdf,296-8418-5-ND,SN74HCT540DW,Texas Instruments,IC BUFFER INVERT 5.5V 20SOIC,1  248 - Immediate,$0.67000,1,Tube  Alternate Packaging,74HCT,Active
https://media.digikey.com/Renders/~~Pkg.Case%20or%20Series/20-SSOP_SOT266-1_tmb.jpg,https://media.digikey.com/pdf/Data%20Sheets/NXP%20PDFs/74HC(T)640.pdf,74HCT640DB  118-ND,74HCT640DB  118,NXP USA Inc.,IC TRANSCVR INVERT 5.5V 20SSOP,0,Obsolete,-,Tape & Reel (TR),74HCT,Obsolete
https://media.digikey.com/Renders/~~Pkg.Case%20or%20Series/24-SOIC_tmb.jpg,http://www.ti.com/lit/ds/symlink/sn74hct646.pdf,296-8425-5-ND,SN74HCT646DW,Texas Instruments,IC TXRX NON-INVERT 5.5V 24SOIC,113 - Immediate,$1.67000,1,Tube  Alternate Packaging,74HCT,Active
https://media.digikey.com/Renders/~~Pkg.Case%20or%20Series/48-TSSOP_tmb.jpg,https://www.fairchildsemi.com/datasheets/74/74LCX16245.pdf,74LCX16245MTDXTR-ND,74LCX16245MTDX,ON Semiconductor,IC TXRX NON-INVERT 3.6V 48TSSOP,2  000 - Immediate,$0.51870,1  000,Tape & Reel (TR)  Alternate Packaging,74LCX,Active
https://media.digikey.com/Renders/~~Pkg.Case%20or%20Series/20-TSSOP_tmb.jpg,https://media.digikey.com/pdf/Data%20Sheets/ST%20Microelectronics%20PDFS/74LCX245.pdf,497-6650-2-ND,74LCX245TTR,STMicroelectronics,IC TXRX NON-INVERT 3.6V 20TSSOP,0,Obsolete,-,Tape & Reel (TR),74LCX,Obsolete
https://media.digikey.com/Renders/~~Pkg.Case%20or%20Series/20-SOIC%200.295_tmb.jpg,https://www.fairchildsemi.com/datasheets/74/74LCX245.pdf,74LCX245WMXTR-ND,74LCX245WMX,ON Semiconductor,IC TXRX NON-INVERT 3.6V 20SOIC,2  000 - Immediate  15  000 - Factory Stock,$0.35776,1  000,Tape & Reel (TR)  Alternate Packaging,74LCX,Active
https://media.digikey.com/Renders/~~Pkg.Case%20or%20Series/20-SOIC%200.295_tmb.jpg,https://www.fairchildsemi.com/datasheets/74/74LCX540.pdf,74LCX540WMXTR-ND,74LCX540WMX,ON Semiconductor,IC BUFFER INVERT 3.6V 20SOIC,0,Last Time Buy,-,Tape & Reel (TR)  Alternate Packaging,74LCX,Last Time Buy
https://media.digikey.com/Renders/~~Pkg.Case%20or%20Series/20-TSSOP_tmb.jpg,https://www.fairchildsemi.com/datasheets/74/74LCX541.pdf,74LCX541MTC-ND,74LCX541MTC,ON Semiconductor,IC BUF NON-INVERT 3.6V 20TSSOP,0,Active,1,Tube  Alternate Packaging,74LCX,Active
https://media.digikey.com/Renders/~~Pkg.Case%20or%20Series/20-SOIC%200.295_tmb.jpg,https://www.fairchildsemi.com/datasheets/74/74LCX541.pdf,74LCX541WMXTR-ND,74LCX541WMX,ON Semiconductor,IC BUF NON-INVERT 3.6V 20SOIC,0,Active,1  000,Tape & Reel (TR)  Alternate Packaging,74LCX,Active
https://media.digikey.com/Renders/Texas%20Instr%20Renders/296;4040047-5;D;14_tmb.jpg,http://www.ti.com/lit/ds/symlink/sn74ls126a.pdf,296-1637-2-ND,SN74LS125ADR,Texas Instruments,IC BUF NON-INVERT 5.25V 14SOIC,2  500 - Immediate,$0.29435,2  500,Tape & Reel (TR)  Alternate Packaging,74LS,Active
https://media.digikey.com/Renders/Texas%20Instr%20Renders/296;4040047-5;D;14_tmb.jpg,http://www.ti.com/lit/ds/symlink/sn74ls126a.pdf,296-14882-2-ND,SN74LS126ADR,Texas Instruments,IC BUF NON-INVERT 5.25V 14SOIC,0  Standard Lead Time 6 Weeks,$0.29290,2  500,Tape & Reel (TR)  Alternate Packaging,74LS,Active
https://media.digikey.com/Photos/Texas%20Instr%20Photos/296;4040062;NS;20_tmb.jpg,http://www.ti.com/lit/ds/symlink/sn74ls241.pdf,296-28899-2-ND,SN74LS241NSR,Texas Instruments,IC BUFFER NON-INVERT 5.25V 20SO,0  Standard Lead Time 6 Weeks,$0.36400,2  000,Tape & Reel (TR)  Alternate Packaging,74LS,Active
https://media.digikey.com/Photos/Texas%20Instr%20Photos/296;4040062;NS;20_tmb.jpg,http://www.ti.com/lit/ds/symlink/sn74ls245.pdf,296-3677-2-ND,SN74LS245NSR,Texas Instruments,IC TXRX NON-INVERT 5.25V 20SO,0  Standard Lead Time 6 Weeks,$0.37520,2  000,Tape & Reel (TR)  Alternate Packaging,74LS,Active
https://media.digikey.com/Renders/~~Pkg.Case%20or%20Series/20-SOIC%200.295_tmb.jpg,http://www.ti.com/lit/ds/symlink/sn74ls641.pdf,296-29734-2-ND,SN74LS640DWR,Texas Instruments,IC TRANSCVR INVERT 5.25V 20SOIC,0  Standard Lead Time 10 Weeks,$0.83835,2  000,Tape & Reel (TR)  Alternate Packaging,74LS,Active
https://media.digikey.com/Renders/~~Pkg.Case%20or%20Series/24-SOIC_tmb.jpg,http://www.ti.com/lit/ds/symlink/sn74ls646.pdf,SN74LS648DW-ND,SN74LS648DW,Texas Instruments,IC TRANSCVR INVERT 5.25V 24SOIC,0,Obsolete,-,Tube,74LS,Obsolete
https://media.digikey.com/Renders/~~Pkg.Case%20or%20Series/14-TSSOP_tmb.jpg,http://www.ti.com/lit/ds/symlink/sn74lv125a.pdf,296-3776-2-ND,SN74LV125APWR,Texas Instruments,IC BUF NON-INVERT 5.5V 14TSSOP,20  000 - Immediate,$0.11880,2  000,Tape & Reel (TR)  Alternate Packaging,74LV,Active
https://media.digikey.com/renders/NXP%20Semi%20Renders/14-SSOP_SOT337-1%20Pkg_tmb.jpg,https://media.digikey.com/pdf/Data%20Sheets/NXP%20PDFs/74LV125.pdf,74LV125DB  112-ND,74LV125DB  112,NXP USA Inc.,IC BUF NON-INVERT 5.5V 14SSOP,0,Obsolete,-,Tube,74LV,Obsolete
https://media.digikey.com/Photos/Texas%20Instr%20Photos/296;4040062;NS;20_tmb.jpg,http://www.ti.com/lit/ds/symlink/sn74lv245a.pdf,296-13231-2-ND,SN74LV245ANSR,Texas Instruments,IC TRANSCVR NON-INVERT 5.5V 20SO,4  000 - Immediate,$0.16430,2  000,Tape & Reel (TR)  Alternate Packaging,74LV,Active
https://media.digikey.com/Photos/Nexperia/1727;SOT361-1;PW;20_tmb.jpg,https://assets.nexperia.com/documents/data-sheet/74LV245.pdf,1727-6662-2-ND,74LV245PW  118,Nexperia USA Inc.,IC TXRX NON-INVERT 5.5V 20TSSOP,2  500 - Immediate,$0.24722,2  500,Tape & Reel (TR)  Alternate Packaging,74LV,Active
https://media.digikey.com/Renders/NXP%20Semi%20Renders/14-SOIC-SOT108-1_tmb.jpg,https://assets.nexperia.com/documents/data-sheet/74LVC125A.pdf,1727-3091-2-ND,74LVC125AD  118,Nexperia USA Inc.,IC BUFFER NON-INVERT 3.6V 14SO,5  000 - Immediate,$0.10395,2  500,Tape & Reel (TR)  Alternate Packaging,74LVC,Active
https://media.digikey.com/Renders/~~Pkg.Case%20or%20Series/14-TSSOP_tmb.jpg,http://www.ti.com/lit/ds/symlink/sn74lvc125a.pdf,296-1222-2-ND,SN74LVC125APWR,Texas Instruments,IC BUF NON-INVERT 3.6V 14TSSOP,134  000 - Immediate,$0.11550,2  000,Tape & Reel (TR)  Alternate Packaging,74LVC,Active
https://media.digikey.com/photos/Texas%20Instr%20Photos/296-14-SSOP_tmb.jpg,http://www.ti.com/lit/ds/symlink/sn74lvc126a.pdf,296-8455-2-ND,SN74LVC126ADBR,Texas Instruments,IC BUF NON-INVERT 3.6V 14SSOP,0  Standard Lead Time 6 Weeks,$0.12705,2  000,Tape & Reel (TR)  Alternate Packaging,74LVC,Active
https://media.digikey.com/Renders/Texas%20Instr%20Renders/SOT-23-5%20PKG_tmb.jpg,http://www.ti.com/lit/ds/symlink/sn74lvc1g06.pdf,296-8483-2-ND,SN74LVC1G06DBVR,Texas Instruments,IC BUFFER INVERT 5.5V SOT23-5,12  000 - Immediate,$0.09180,3  000,Tape & Reel (TR)  Alternate Packaging,74LVC,Active
https://media.digikey.com/Renders/Texas%20Instr%20Renders/SC70_5-pins_tmb.jpg,http://www.ti.com/lit/ds/symlink/sn74lvc1g125.pdf,296-11604-2-ND,SN74LVC1G125DCKR,Texas Instruments,IC BUF NON-INVERT 5.5V SC70-5,222  000 - Immediate,$0.10065,3  000,Tape & Reel (TR)  Alternate Packaging,74LVC,Active
https://media.digikey.com/Renders/Texas%20Instr%20Renders/SC70_5-pins_tmb.jpg,http://www.ti.com/lit/ds/symlink/sn74lvc1g125.pdf,296-11604-2-ND,SN74LVC1G125DCKR,Texas Instruments,IC BUF NON-INVERT 5.5V SC70-5,222  000 - Immediate,$0.10065,3  000,Tape & Reel (TR)  Alternate Packaging,74LVC,Active
https://media.digikey.com/Renders/NXP%20Semi%20Renders/SOT753_tmb.jpg,https://assets.nexperia.com/documents/data-sheet/74LVC1G125.pdf,1727-3100-2-ND,74LVC1G125GV  125,Nexperia USA Inc.,IC BUFFER NON-INVERT 5.5V SC74A,0  Standard Lead Time 26 Weeks,$0.05106,3  000,Tape & Reel (TR)  Alternate Packaging,74LVC,Active
https://media.digikey.com/Renders/Nexperia/MFG_1727;-SOT353-1;-GW;-5(1)_tmb.jpg,https://assets.nexperia.com/documents/data-sheet/74LVC1G126.pdf,1727-6067-2-ND,74LVC1G126GW  125,Nexperia USA Inc.,IC BUF NON-INVERT 5.5V 5TSSOP,0,$0.04600,3  000,Tape & Reel (TR)  Alternate Packaging,74LVC,Active
https://media.digikey.com/Renders/NXP%20Semi%20Renders/SOT753_tmb.jpg,https://assets.nexperia.com/documents/data-sheet/74LVC1G17_Q100.pdf,1727-1020-2-ND,74LVC1G17GV-Q100  1,Nexperia USA Inc.,IC BUFFER NON-INVERT 5.5V 5TSOP,12  000 - Immediate,$0.05612,3  000,Tape & Reel (TR)  Alternate Packaging,Automotive   AEC-Q100   74LVC,Active
https://media.digikey.com/Renders/NXP%20Semi%20Renders/SOT753_tmb.jpg,https://assets.nexperia.com/documents/data-sheet/74LVC1G34.pdf,1727-6981-2-ND,74LVC1G34GV  125,Nexperia USA Inc.,IC BUFFER NON-INVERT 5.5V 5TSOP,3  000 - Immediate,$0.07400,3  000,Tape & Reel (TR)  Alternate Packaging,74LVC,Active
https://media.digikey.com/Renders/~~Pkg.Case%20or%20Series/20-TSSOP%20(0.173  %204.40mm%20Width)_tmb.jpg,http://www.ti.com/lit/ds/symlink/sn74lvc244a.pdf,296-1230-2-ND,SN74LVC244APWR,Texas Instruments,IC BUF NON-INVERT 3.6V 20TSSOP,40  000 - Immediate,$0.16120,2  000,Tape & Reel (TR)  Alternate Packaging,74LVC,Active
https://media.digikey.com/Renders/~~Pkg.Case%20or%20Series/20-TSSOP_tmb.jpg,https://media.digikey.com/pdf/Data%20Sheets/ST%20Microelectronics%20PDFS/74lvc244a.pdf,497-2919-2-ND,74LVC244ATTR,STMicroelectronics,IC BUF NON-INVERT 3.6V 20TSSOP,0,Obsolete,-,Tape & Reel (TR),74LVC,Obsolete
https://media.digikey.com/Renders/Texas%20Instr%20Renders/20-SSOP_tmb.jpg,http://www.ti.com/lit/ds/symlink/sn74lvc245a.pdf,296-1231-2-ND,SN74LVC245ADBR,Texas Instruments,IC TXRX NON-INVERT 3.6V 20SSOP,2  000 - Immediate,$0.17670,2  000,Tape & Reel (TR)  Alternate Packaging,74LVC,Active
https://media.digikey.com/Renders/~~Pkg.Case%20or%20Series/20-TSSOP%20(0.173  %204.40mm%20Width)_tmb.jpg,http://www.ti.com/lit/ds/symlink/sn74lvc245a.pdf,296-1233-2-ND,SN74LVC245APWR,Texas Instruments,IC TXRX NON-INVERT 3.6V 20TSSOP,16  000 - Immediate,$0.16120,2  000,Tape & Reel (TR)  Alternate Packaging,74LVC,Active
https://media.digikey.com/Renders/~~Pkg.Case%20or%20Series/SC-74  %20SOT-457_tmb.jpg,https://assets.nexperia.com/documents/data-sheet/74LVC2G07.pdf,1727-6087-2-ND,74LVC2G07GV  125,Nexperia USA Inc.,IC BUFFER NON-INVERT 5.5V 6TSOP,3  000 - Immediate,$0.05796,3  000,Tape & Reel (TR)  Alternate Packaging,74LVC,Active
https://media.digikey.com/renders/Texas%20Instr%20Renders/SOT-23-6%20PKG_tmb.jpg,http://www.ti.com/lit/ds/symlink/sn74lvc2g17.pdf,296-13012-2-ND,SN74LVC2G17DBVR,Texas Instruments,IC BUF NON-INVERT 5.5V SOT23-6,69  000 - Immediate,$0.18755,3  000,Tape & Reel (TR)  Alternate Packaging,74LVC,Active
https://media.digikey.com/Renders/Texas%20Instr%20Renders/296;4093553-4;DCK;6_tmb.jpg,http://www.ti.com/lit/ds/symlink/sn74lvc2g17.pdf,296-26622-2-ND,SN74LVC2G17DCKT,Texas Instruments,IC BUF NON-INVERT 5.5V SC70-6,3  750 - Immediate,$0.61492,250,Tape & Reel (TR)  Alternate Packaging,74LVC,Active
https://media.digikey.com/Renders/~~Pkg.Case%20or%20Series/8-TSSOP_8-MSOP_tmb.jpg,https://assets.nexperia.com/documents/data-sheet/74LVC2G240.pdf,1727-6678-2-ND,74LVC2G240DP  125,Nexperia USA Inc.,IC BUFFER INVERT 5.5V 8TSSOP,0  Standard Lead Time 13 Weeks,$0.18538,3  000,Tape & Reel (TR)  Alternate Packaging,74LVC,Active
https://media.digikey.com/Renders/Texas%20Instr%20Renders/8-LSSOP_tmb.jpg,http://www.ti.com/lit/ds/symlink/sn74lvc3g17.pdf,296-16915-2-ND,SN74LVC3G17DCTR,Texas Instruments,IC BUFFER NON-INVERT 5.5V SM8,12  000 - Immediate,$0.27115,3  000,Tape & Reel (TR)  Alternate Packaging,74LVC,Active
https://media.digikey.com/Renders/~~Pkg.Case%20or%20Series/8-TSSOP_8-MSOP_tmb.jpg,https://assets.nexperia.com/documents/data-sheet/74LVC3G34.pdf,1727-6685-2-ND,74LVC3G34DP  125,Nexperia USA Inc.,IC BUF NON-INVERT 5.5V 8TSSOP,3  000 - Immediate,$0.19375,3  000,Tape & Reel (TR)  Alternate Packaging,74LVC,Active
https://media.digikey.com/Renders/~~Pkg.Case%20or%20Series/48-TSSOP_tmb.jpg,https://media.digikey.com/pdf/Data%20Sheets/NXP%20PDFs/74LVC(H)162244A_Rev6_2017.pdf,568-4622-2-ND,74LVCH162244ADGG:5,NXP USA Inc.,IC BUF NON-INVERT 3.6V 48TSSOP,0,Obsolete,-,Tape & Reel (TR)  Alternate Packaging,74LVCH,Obsolete
https://media.digikey.com/Renders/Texas%20Instr%20Renders/48-TSSOP-DGG_tmb.jpg,http://www.ti.com/lit/ds/symlink/sn74lvch16245a.pdf,296-1244-2-ND,SN74LVCH16245ADGGR,Texas Instruments,IC TXRX NON-INVERT 3.6V 48TSSOP,4  000 - Immediate,$0.55020,2  000,Tape & Reel (TR)  Alternate Packaging,74LVCH,Active
https://media.digikey.com/Renders/~~Pkg.Case%20or%20Series/48-TSSOP_tmb.jpg,https://media.digikey.com/pdf/Data%20Sheets/NXP%20PDFs/74LVT162244B_Rev_Feb2017.pdf,74LVT162244BDGG:51-ND,74LVT162244BDGG:51,NXP USA Inc.,IC BUF NON-INVERT 3.6V 48TSSOP,0,Obsolete,-,Tape & Reel (TR)  Alternate Packaging,74LVT,Obsolete
https://media.digikey.com/Renders/NXP%20Semi%20Renders/48-SSOP_SOT370-1_tmb.jpg,https://assets.nexperia.com/documents/data-sheet/74LVT16240A.pdf,74LVT16240ADL  118-ND,74LVT16240ADL  118,Nexperia USA Inc.,IC BUF NON-INVERT 3.6V 48SSOP,0,$0.58650,-,Tape & Reel (TR)  Alternate Packaging,74LVT,Not For New Designs
https://media.digikey.com/Renders/~~Pkg.Case%20or%20Series/48-TSSOP_tmb.jpg,https://assets.nexperia.com/documents/data-sheet/74LVT_LVTH16245B.pdf,1727-3118-2-ND,74LVT16245BDGG  118,Nexperia USA Inc.,IC TXRX NON-INVERT 3.6V 48TSSOP,8  000 - Immediate,$0.36470,2  000,Tape & Reel (TR)  Alternate Packaging,74LVT,Active
https://media.digikey.com/Renders/NXP%20Semi%20Renders/48-SSOP_SOT370-1_tmb.jpg,https://assets.nexperia.com/documents/data-sheet/74LVT_LVTH16245B.pdf,1727-6003-2-ND,74LVT16245BDL  118,Nexperia USA Inc.,IC TXRX NON-INVERT 3.6V 48SSOP,0  Standard Lead Time 13 Weeks,$0.58650,1  000,Tape & Reel (TR)  Alternate Packaging,74LVT,Active
https://media.digikey.com/photos/Fairchild%20Semi%20Photos/261-20-TSSOP_tmb.jpg,http://www.onsemi.com/pub/Collateral/74LVTH244-D.pdf,74LVT244MTC-ND,74LVT244MTC,ON Semiconductor,IC BUF NON-INVERT 3.6V 20TSSOP,1  135 - Immediate  23  725 - Factory Stock,$0.74000,1,Tube  Alternate Packaging,74LVT,Active
https://media.digikey.com/Renders/NXP%20Semi%20Renders/14-SOIC-SOT108-1_tmb.jpg,https://assets.nexperia.com/documents/data-sheet/74LVT_LVTH125.pdf,1727-6706-2-ND,74LVTH125D  118,Nexperia USA Inc.,IC BUFFER NON-INVERT 3.6V 14SO,0  Standard Lead Time 8 Weeks,$0.15345,2  500,Tape & Reel (TR)  Alternate Packaging,74LVTH,Active
https://media.digikey.com/Renders/~~Pkg.Case%20or%20Series/14-TSSOP_tmb.jpg,https://www.fairchildsemi.com/datasheets/74/74LVTH125.pdf,74LVTH125MTCXTR-ND,74LVTH125MTCX,ON Semiconductor,IC BUF NON-INVERT 3.6V 14TSSOP,5  000 - Immediate,$0.19685,2  500,Tape & Reel (TR)  Alternate Packaging,74LVTH,Active
https://media.digikey.com/Renders/~~Pkg.Case%20or%20Series/56TFSOP_tmb.jpg,https://media.digikey.com/pdf/Data%20Sheets/Fairchild%20PDFs/74LVT(H)16952.pdf,74LVTH16952MTDX-ND,74LVTH16952MTDX,ON Semiconductor,IC TXRX NON-INVERT 3.6V 56TSSOP,0,Obsolete,-,Tape & Reel (TR),74LVTH,Obsolete
https://media.digikey.com/Renders/~~Pkg.Case%20or%20Series/20-SOIC%200.295_tmb.jpg,http://www.ti.com/lit/ds/symlink/sn74lvth244a.pdf,296-1270-2-ND,SN74LVTH244ADWR,Texas Instruments,IC BUF NON-INVERT 3.6V 20SOIC,2  000 - Immediate,$0.35280,2  000,Tape & Reel (TR)  Alternate Packaging,74LVTH,Active
https://media.digikey.com/Renders/~~Pkg.Case%20or%20Series/20-SOIC%200.295_tmb.jpg,http://www.onsemi.com/pub/Collateral/74LVX245-D.pdf,74LVX245MXTR-ND,74LVX245MX,ON Semiconductor,IC TXRX NON-INVERT 3.6V 20SOIC,17  000 - Factory Stock,$0.35648,1  000,Tape & Reel (TR)  Alternate Packaging,74LVX,Active
https://media.digikey.com/Renders/~~Pkg.Case%20or%20Series/24-SOIC_tmb.jpg,http://www.onsemi.com/pub/Collateral/MC74LVX4245-D.PDF,MC74LVX4245DWGOS-ND,MC74LVX4245DWG,ON Semiconductor,IC TXRX NON-INVERT 5.5V 24SOIC,1  230 - Immediate,$1.63000,1,Tube  Alternate Packaging,74LVX,Active
https://media.digikey.com/Renders/~~Pkg.Case%20or%20Series/24-TSSOP_SOT355-1_tmb.jpg,http://www.onsemi.com/pub/Collateral/74LVX4245-D.pdf,74LVX4245MTCXTR-ND,74LVX4245MTCX,ON Semiconductor,IC TXRX NON-INVERT 5.5V 24TSSOP,7  500 - Immediate,$0.35420,2  500,Tape & Reel (TR)  Alternate Packaging,74LVX,Active
https://media.digikey.com/Renders/STMicro%20Renders/SOT23-5_tmb.jpg,https://media.digikey.com/pdf/Data%20Sheets/ST%20Microelectronics%20PDFS/74V1G125.pdf,497-1268-2-ND,74V1G125STR,STMicroelectronics,IC BUF NON-INVERT 5.5V SOT23-5,0,Obsolete,-,Tape & Reel (TR),74V,Obsolete
https://media.digikey.com/Renders/~~Pkg.Case%20or%20Series/20-TSSOP%20(0.173  %204.40mm%20Width)_tmb.jpg,https://www.fairchildsemi.com/datasheets/74/74VCX245.pdf,74VCX245MTCXTR-ND,74VCX245MTCX,ON Semiconductor,IC TXRX NON-INVERT 3.6V 20TSSOP,20  000 - Factory Stock,$0.28855,2  500,Tape & Reel (TR)  Alternate Packaging,74VCX,Active
https://media.digikey.com/Renders/~~Pkg.Case%20or%20Series/20-TSSOP_tmb.jpg,https://www.fairchildsemi.com/datasheets/74/74VHC244.pdf,74VHC244MTCXTR-ND,74VHC244MTCX,ON Semiconductor,IC BUF NON-INVERT 5.5V 20TSSOP,35  000 - Immediate,$0.17980,2  500,Tape & Reel (TR)  Alternate Packaging,74VHC,Active
https://media.digikey.com/Renders/~~Pkg.Case%20or%20Series/20-SOIC_SOT163-1_tmb.jpg,https://www.fairchildsemi.com/datasheets/74/74VHC244.pdf,74VHC244SJXTR-ND,74VHC244SJX,ON Semiconductor,IC BUFFER NON-INVERT 5.5V 20SOP,0  Standard Lead Time 9 Weeks,$0.35070,2  000,Tape & Reel (TR)  Alternate Packaging,74VHC,Active
https://media.digikey.com/Renders/~~Pkg.Case%20or%20Series/20-TSSOP_tmb.jpg,https://www.fairchildsemi.com/datasheets/74/74VHC245.pdf,74VHC245MTCFS-ND,74VHC245MTC,ON Semiconductor,IC TXRX NON-INVERT 5.5V 20TSSOP,690 - Immediate  21  900 - Factory Stock,$0.58000,1,Tube,74VHC,Active
https://media.digikey.com/Renders/~~Pkg.Case%20or%20Series/20-TSSOP_tmb.jpg,https://www.fairchildsemi.com/datasheets/74/74VHC541.pdf,74VHC541MTCXTR-ND,74VHC541MTCX,ON Semiconductor,IC BUF NON-INVERT 5.5V 20TSSOP,2  500 - Immediate  5  000 - Factory Stock,$0.19654,2  500,Tape & Reel (TR)  Alternate Packaging,74VHC,Active
https://media.digikey.com/Renders/~~Pkg.Case%20or%20Series/20-SOIC_SOT163-1_tmb.jpg,https://www.fairchildsemi.com/datasheets/74/74VHCT244A.pdf,74VHCT244ASJXTR-ND,74VHCT244ASJX,ON Semiconductor,IC BUFFER NON-INVERT 5.5V 20SOP,6  000 - Factory Stock,$0.47180,2  000,Tape & Reel (TR)  Alternate Packaging,74VHCT,Active
https://media.digikey.com/Renders/~~Pkg.Case%20or%20Series/20-TSSOP_tmb.jpg,http://www.onsemi.com/pub/Collateral/74VHCT541A-D.pdf,74VHCT541AMTCXFSTR-ND,74VHCT541AMTCX,ON Semiconductor,IC BUF NON-INVERT 5.5V 20TSSOP,0  Standard Lead Time 9 Weeks,$0.43708,2  500,Tape & Reel (TR)  Alternate Packaging,74VHCT,Active
https://media.digikey.com/Photos/Nexperia/1727;SOT361-1;PW;20_tmb.jpg,https://assets.nexperia.com/documents/data-sheet/74VHC_VHCT541.pdf,1727-4366-2-ND,74VHCT541PW  118,Nexperia USA Inc.,IC BUF NON-INVERT 5.5V 20TSSOP,0  Standard Lead Time 8 Weeks,$0.19762,2  500,Tape & Reel (TR)  Alternate Packaging,74VHCT,Active
https://media.digikey.com/Renders/Texas%20Instr%20Renders/14-DIP_tmb.jpg,http://www.ti.com/lit/ds/symlink/cd4041ub.pdf,296-2164-5-ND,CD4041UBE,Texas Instruments,IC BUFFER NON-INVERT 18 V 14DIP,1  834 - Immediate,$1.29000,1,Tube  Alternate Packaging,4000B,Active
https://media.digikey.com/Renders/Texas%20Instr%20Renders/16-SOIC_(7.5mmwidth)_tmb.jpg,http://www.ti.com/lit/ds/symlink/cd4050b.pdf,296-32895-5-ND,CD4050BDW,Texas Instruments,IC BUFFER NON-INVERT 18 V 16SOIC,1  118 - Immediate,$0.55000,1,Tube  Alternate Packaging,4000B,Active
https://media.digikey.com/Renders/Texas%20Instr%20Renders/16-TSSOP_tmb.jpg,http://www.ti.com/lit/ds/symlink/cd4050b.pdf,296-31504-2-ND,CD4050BPWR,Texas Instruments,IC BUF NON-INVERT 18 V 16TSSOP,2  000 - Immediate,$0.15345,2  000,Tape & Reel (TR)  Alternate Packaging,4000B,Active
https://media.digikey.com/Renders/~~Pkg.Case%20or%20Series/DIP16_SOT38-1%20Pkg_tmb.jpg,http://www.ti.com/lit/ds/symlink/cd4502b.pdf,296-2166-5-ND,CD4502BE,Texas Instruments,IC BUFFER INVERT 18 V 16DIP,2  874 - Immediate,$0.56000,1,Tube  Alternate Packaging,4000B,Active
https://media.digikey.com/Renders/~~Pkg.Case%20or%20Series/20-TSSOP%20(0.173  %204.40mm%20Width)_tmb.jpg,http://www.ti.com/lit/ds/symlink/cd74hc540.pdf,296-41228-2-ND,CD74HC541PWR,Texas Instruments,IC BUFFER NON-INVERT 6V 20TSSOP,0  Standard Lead Time 6 Weeks,$0.30015,2  000,Tape & Reel (TR)  Alternate Packaging,74HC,Active
https://media.digikey.com/Renders/~~Pkg.Case%20or%20Series/20-SSOP_SOT266-1_tmb.jpg,https://media.digikey.com/pdf/Data%20Sheets/Fairchild%20PDFs/DM74ALS244A.pdf,DM74ALS244AMSA-ND,DM74ALS244AMSA,ON Semiconductor,IC BUF NON-INVERT 5.5V 20SSOP,0,Obsolete,-,Tube,74ALS,Obsolete
https://media.digikey.com/Renders/~~Pkg.Case%20or%20Series/20-SOIC_SOT163-1_tmb.jpg,https://media.digikey.com/pdf/Data%20Sheets/Fairchild%20PDFs/DM74ALS244A.pdf,DM74ALS244ASJ-ND,DM74ALS244ASJ,ON Semiconductor,IC BUFFER NON-INVERT 5.5V 20SOP,0,Obsolete,-,Tube,74ALS,Obsolete
https://media.digikey.com/Renders/~~Pkg.Case%20or%20Series/20-SOIC%200.295_tmb.jpg,https://media.digikey.com/pdf/Data%20Sheets/Fairchild%20PDFs/DM74ALS244A.pdf,DM74ALS244AWM-ND,DM74ALS244AWM,ON Semiconductor,IC BUF NON-INVERT 5.5V 20SOIC,0,Obsolete,-,Tube,74ALS,Obsolete
https://media.digikey.com/Renders/~~Pkg.Case%20or%20Series/16%20SOIC_tmb.jpg,http://www.st.com/content/ccc/resource/technical/document/datasheet/9d/25/94/1f/64/69/42/27/CD00002641.pdf/files/CD00002641.pdf/jcr:content/translations/en.CD00002641.pdf,497-1128-2-ND,HCF4050M013TR,STMicroelectronics,IC BUFFER NON-INVERT 20 V 16SO,0,Obsolete,-,Tape & Reel (TR),4000,Obsolete
https://media.digikey.com/Renders/~~Pkg.Case%20or%20Series/48-TSSOP_tmb.jpg,http://www.idt.com/document/74fct162245t-datasheet,800-1584-2-ND,74FCT162245CTPAG8,IDT   Integrated Device Technology Inc,IC TXRX NON-INVERT 5.5V 48TSSOP,4  000 - Immediate,$0.42000,2  000,Tape & Reel (TR)  Alternate Packaging,74FCT,Active
https://media.digikey.com/Renders/~~Pkg.Case%20or%20Series/48-BSSOP_tmb.jpg,http://www.idt.com/document/74lvc16244a-datasheet,800-2513-5-ND,74LVC16244APVG,IDT   Integrated Device Technology Inc,IC BUF NON-INVERT 3.6V 48SSOP,0  Standard Lead Time 10 Weeks,$0.98000,1,Tube  Alternate Packaging,74LVC,Active
https://media.digikey.com/Renders/~~Pkg.Case%20or%20Series/20-TSSOP_tmb.jpg,http://www.onsemi.com/pub/Collateral/MC74HCT245A-D.PDF,MC74HCT245ADTR2GOSTR-ND,MC74HCT245ADTR2G,ON Semiconductor,IC TXRX NON-INVERT 5.5V 20TSSOP,0  Standard Lead Time 20 Weeks,$0.20476,2  500,Tape & Reel (TR)  Alternate Packaging,74HCT,Active
https://media.digikey.com/Renders/~~Pkg.Case%20or%20Series/20-SOIC%200.295_tmb.jpg,http://www.onsemi.com/pub/Collateral/MC74VHCT245A-D.PDF,MC74VHCT245ADWRGOSTR-ND,MC74VHCT245ADWRG,ON Semiconductor,IC TXRX NON-INVERT 5.5V 20SOIC,0  Standard Lead Time 20 Weeks,$0.26272,1  000,Tape & Reel (TR)  Alternate Packaging,74VHCT,Active
https://media.digikey.com/Renders/~~Pkg.Case%20or%20Series/20-SOIC_SOT163-1_tmb.jpg,https://www.fairchildsemi.com/datasheets/MM/MM74HC244.pdf,MM74HC244SJXTR-ND,MM74HC244SJX,ON Semiconductor,IC BUFFER NON-INVERT 6V 20SOP,18  000 - Factory Stock,$0.43372,2  000,Tape & Reel (TR)  Alternate Packaging,74HC,Active
https://media.digikey.com/Renders/~~Pkg.Case%20or%20Series/20-SOIC%200.295_tmb.jpg,https://www.fairchildsemi.com/datasheets/MM/MM74HC245A.pdf,MM74HC245AWM-ND,MM74HC245AWM,ON Semiconductor,IC TRANSCVR NON-INVERT 6V 20SOIC,997 - Immediate,$0.87000,1,Tube,74HC,Active
https://media.digikey.com/Renders/~~Pkg.Case%20or%20Series/20-SOIC%200.295_tmb.jpg,https://www.fairchildsemi.com/datasheets/MM/MM74HC540.pdf,MM74HC540WM-ND,MM74HC540WM,ON Semiconductor,IC BUFFER INVERT 6V 20SOIC,273 - Immediate  66  960 - Factory Stock,$0.79000,1,Tube,74HC,Active
https://media.digikey.com/Renders/Fairchild%20Semi%20Renders/SOT-23-5_tmb.jpg,https://www.fairchildsemi.com/datasheets/NC/NC7SZ125.pdf,NC7SZ125M5XTR-ND,NC7SZ125M5X,ON Semiconductor,IC BUF NON-INVERT 5.5V SOT23-5,111  000 - Immediate,$0.08920,3  000,Tape & Reel (TR)  Alternate Packaging,7SZ,Active
https://media.digikey.com/Renders/Fairchild%20Semi%20Renders/SOT-23-5_tmb.jpg,https://www.fairchildsemi.com/datasheets/NC/NC7SZ126.pdf,NC7SZ126M5XTR-ND,NC7SZ126M5X,ON Semiconductor,IC BUF NON-INVERT 5.5V SOT23-5,36  000 - Immediate,$0.08700,3  000,Tape & Reel (TR)  Alternate Packaging,7SZ,Active
https://media.digikey.com/Renders/~~Pkg.Case%20or%20Series/SOT-363%20PKG_tmb.jpg,https://www.fairchildsemi.com/datasheets/NC/NC7WZ17.pdf,NC7WZ17P6XTR-ND,NC7WZ17P6X,ON Semiconductor,IC BUF NON-INVERT 5.5V SC70-6,117  000 - Immediate,$0.08720,3  000,Tape & Reel (TR)  Alternate Packaging,7WZ,Active
https://media.digikey.com/Renders/On%20Semi%20Renders/7SZ_SOT%E2%88%92353_419A%E2%88%9202_tmb.jpg,http://www.onsemi.com/pub/Collateral/NL17SZ126-D.PDF,NL17SZ126DFT2GOSTR-ND,NL17SZ126DFT2G,ON Semiconductor,IC BUFFER NON-INVERT 5.5V SC88A,45  000 - Immediate,$0.05244,3  000,Tape & Reel (TR)  Alternate Packaging,17SZ,Active
https://media.digikey.com/Renders/~~Pkg.Case%20or%20Series/20-SOIC%200.295_tmb.jpg,http://www.ti.com/lit/ds/symlink/sn64bct757.pdf,296-37410-2-ND,SN64BCT757DWR,Texas Instruments,IC BUF NON-INVERT 5.5V 20SOIC,0  Standard Lead Time 6 Weeks,$3.23589,2  000,Tape & Reel (TR)  Alternate Packaging,64BCT,Active
https://media.digikey.com/Renders/Texas%20Instr%20Renders/296;4040047-5;D;14_tmb.jpg,http://www.ti.com/lit/ds/symlink/sn7407.pdf,296-1018-2-ND,SN7407DR,Texas Instruments,IC BUF NON-INVERT 5.25V 14SOIC,10  000 - Immediate,$0.35960,2  500,Tape & Reel (TR)  Alternate Packaging,7400,Active
https://media.digikey.com/Renders/~~Pkg.Case%20or%20Series/14-TSSOP_tmb.jpg,http://www.ti.com/lit/ds/symlink/sn74abt125.pdf,296-3877-2-ND,SN74ABT125PWR,Texas Instruments,IC BUF NON-INVERT 5.5V 14TSSOP,4  000 - Immediate,$0.29725,2  000,Tape & Reel (TR)  Alternate Packaging,74ABT,Active
https://media.digikey.com/Renders/Texas%20Instr%20Renders/48-TSSOP-DGG_tmb.jpg,http://www.ti.com/lit/ds/symlink/sn74abt16244a.pdf,296-1023-2-ND,SN74ABT16244ADGGR,Texas Instruments,IC BUF NON-INVERT 5.5V 48TSSOP,2  000 - Immediate,$0.57960,2  000,Tape & Reel (TR)  Alternate Packaging,74ABT,Active
https://media.digikey.com/Renders/~~Pkg.Case%20or%20Series/56TFSOP_tmb.jpg,http://www.ti.com/lit/ds/symlink/sn74abt16952.pdf,296-3935-2-ND,SN74ABT16952DGGR,Texas Instruments,IC TXRX NON-INVERT 5.5V 56TSSOP,0  Standard Lead Time 6 Weeks,$2.20248,2  000,Tape & Reel (TR)  Alternate Packaging,74ABT,Active
https://media.digikey.com/Renders/~~Pkg.Case%20or%20Series/20-SOIC%200.295_tmb.jpg,http://www.ti.com/lit/ds/symlink/sn74ac244.pdf,296-1057-2-ND,SN74AC244DWR,Texas Instruments,IC BUFFER NON-INVERT 6V 20SOIC,0  Standard Lead Time 6 Weeks,$0.38640,2  000,Tape & Reel (TR)  Alternate Packaging,74AC,Active
https://media.digikey.com/Renders/~~Pkg.Case%20or%20Series/20-SOIC%200.295_tmb.jpg,http://www.ti.com/lit/ds/symlink/sn74act244.pdf,296-1070-2-ND,SN74ACT244DWR,Texas Instruments,IC BUF NON-INVERT 5.5V 20SOIC,0  Standard Lead Time 6 Weeks,$0.35670,2  000,Tape & Reel (TR)  Alternate Packaging,74ACT,Active
https://media.digikey.com/Renders/~~Pkg.Case%20or%20Series/20-SOIC%200.295_tmb.jpg,http://www.ti.com/lit/ds/symlink/sn74act245.pdf,296-1072-5-ND,SN74ACT245DW,Texas Instruments,IC TXRX NON-INVERT 5.5V 20SOIC,1  207 - Immediate,$0.95000,1,Tube  Alternate Packaging,74ACT,Active
https://media.digikey.com/Renders/~~Pkg.Case%20or%20Series/20-TSSOP%20(0.173  %204.40mm%20Width)_tmb.jpg,http://www.ti.com/lit/ds/symlink/sn74ahc245.pdf,296-1098-2-ND,SN74AHC245PWR,Texas Instruments,IC TXRX NON-INVERT 5.5V 20TSSOP,0  Standard Lead Time 6 Weeks,$0.16430,2  000,Tape & Reel (TR)  Alternate Packaging,74AHC,Active
https://media.digikey.com/Renders/~~Pkg.Case%20or%20Series/48-BSSOP_tmb.jpg,http://www.ti.com/lit/ds/symlink/sn74ahct16245.pdf,296-26417-2-ND,SN74AHCT16245DLR,Texas Instruments,IC TXRX NON-INVERT 5.5V 48SSOP,0  Standard Lead Time 6 Weeks,$1.03675,1  000,Tape & Reel (TR)  Alternate Packaging,74AHCT,Active
https://media.digikey.com/Renders/Texas%20Instr%20Renders/SOT-23-5%20PKG_tmb.jpg,http://www.ti.com/lit/ds/symlink/sn74ahct1g125.pdf,296-4708-2-ND,SN74AHCT1G125DBVR,Texas Instruments,IC BUF NON-INVERT 5.5V SOT23-5,57  000 - Immediate,$0.09180,3  000,Tape & Reel (TR)  Alternate Packaging,74AHCT,Active
https://media.digikey.com/Renders/Texas%20Instr%20Renders/296;4040047-5;D;14_tmb.jpg,http://www.ti.com/lit/ds/symlink/sn74als1034.pdf,296-5007-5-ND,SN74ALS1034D,Texas Instruments,IC BUF NON-INVERT 5.5V 14SOIC,229 - Immediate,$3.15000,1,Tube  Alternate Packaging,74ALS,Active
https://media.digikey.com/Renders/Texas%20Instr%20Renders/14SOIC_tmb.jpg,http://www.ti.com/lit/ds/symlink/sn74als1034.pdf,296-28491-2-ND,SN74ALS1034NSR,Texas Instruments,IC BUFFER NON-INVERT 5.5V 14SOP,10  000 - Factory Stock,$1.44571,2  000,Tape & Reel (TR)  Alternate Packaging,74ALS,Active
https://media.digikey.com/Photos/Texas%20Instr%20Photos/296;4040062;NS;20_tmb.jpg,http://www.ti.com/lit/ds/symlink/sn74als240a.pdf,296-28896-2-ND,SN74ALS240A-1NSR,Texas Instruments,IC BUFFER INVERT 5.5V 20SO,0  Standard Lead Time 6 Weeks,$0.52360,2  000,Tape & Reel (TR)  Alternate Packaging,74ALS,Active
https://media.digikey.com/Photos/Texas%20Instr%20Photos/296;4040062;NS;20_tmb.jpg,http://www.ti.com/lit/ds/symlink/sn74als240a.pdf,296-28843-2-ND,SN74ALS240ANSR,Texas Instruments,IC BUFFER INVERT 5.5V 20SO,0  Standard Lead Time 6 Weeks,$0.52360,2  000,Tape & Reel (TR)  Alternate Packaging,74ALS,Active
https://media.digikey.com/Renders/~~Pkg.Case%20or%20Series/20-SOIC%200.295_tmb.jpg,http://www.ti.com/lit/ds/symlink/sn74als245a.pdf,296-1125-2-ND,SN74ALS245ADWR,Texas Instruments,IC TXRX NON-INVERT 5.5V 20SOIC,6  000 - Immediate,$0.45780,2  000,Tape & Reel (TR)  Alternate Packaging,74ALS,Active
https://media.digikey.com/Photos/Texas%20Instr%20Photos/296;4040062;NS;20_tmb.jpg,http://www.ti.com/lit/ds/symlink/sn74als540-1.pdf,296-13153-2-ND,SN74ALS541NSR,Texas Instruments,IC BUFFER NON-INVERT 5.5V 20SO,0  Standard Lead Time 6 Weeks,$0.75735,2  000,Tape & Reel (TR)  Alternate Packaging,74ALS,Active
https://media.digikey.com/photos/Texas%20Instr%20Photos/296-20-DIP_tmb.jpg,http://www.ti.com/lit/ds/symlink/sn74als245a.pdf,296-6346-5-ND,SN74AS245N,Texas Instruments,IC TXRX NON-INVERT 5.5V 20DIP,3  246 - Immediate,$4.12000,1,Tube,74AS,Active
https://media.digikey.com/photos/Texas%20Instr%20Photos/296-20-DIP_tmb.jpg,http://www.ti.com/lit/ds/symlink/sn74bct2244.pdf,SN74BCT2244N-ND,SN74BCT2244N,Texas Instruments,IC BUF NON-INVERT 5.5V 20DIP,0  Standard Lead Time 6 Weeks,$3.63479,140  Non-Stock,Tube,74BCT,Active
https://media.digikey.com/Renders/~~Pkg.Case%20or%20Series/20-SOIC%200.295_tmb.jpg,http://www.ti.com/lit/ds/symlink/sn74bct245.pdf,296-1154-5-ND,SN74BCT245DW,Texas Instruments,IC TXRX NON-INVERT 5.5V 20SOIC,438 - Immediate,$4.83000,1,Tube  Alternate Packaging,74BCT,Active
https://media.digikey.com/photos/Texas%20Instr%20Photos/296-20-DIP_tmb.jpg,http://www.ti.com/lit/ds/symlink/sn74bct245.pdf,296-1528-5-ND,SN74BCT245N,Texas Instruments,IC TXRX NON-INVERT 5.5V 20DIP,353 - Immediate,$4.83000,1,Tube  Alternate Packaging,74BCT,Active
https://media.digikey.com/Photos/Texas%20Instr%20Photos/296;4040062;NS;20_tmb.jpg,http://www.ti.com/lit/ds/symlink/sn74hc241.pdf,296-28898-2-ND,SN74HC241NSR,Texas Instruments,IC BUFFER NON-INVERT 6V 20SO,0  Standard Lead Time 6 Weeks,$0.18600,2  000,Tape & Reel (TR)  Alternate Packaging,74HC,Active
https://media.digikey.com/Renders/~~Pkg.Case%20or%20Series/20-SOIC%200.295_tmb.jpg,http://www.ti.com/lit/ds/symlink/sn74hc244.pdf,296-1196-2-ND,SN74HC244DWR,Texas Instruments,IC BUFFER NON-INVERT 6V 20SOIC,12  000 - Immediate,$0.18445,2  000,Tape & Reel (TR)  Alternate Packaging,74HC,Active
https://media.digikey.com/Renders/Texas%20Instr%20Renders/20-SSOP_tmb.jpg,https://media.digikey.com/pdf/Data%20Sheets/Texas%20Instruments%20PDFs/SN54_74HC245.pdf,296-8277-2-ND,SN74HC245DBR,Texas Instruments,IC TRANSCVR NON-INVERT 6V 20SSOP,6  000 - Immediate,$0.18445,2  000,Tape & Reel (TR)  Alternate Packaging,74HC,Active
https://media.digikey.com/Renders/~~Pkg.Case%20or%20Series/20-SOIC%200.295_tmb.jpg,https://media.digikey.com/pdf/Data%20Sheets/Texas%20Instruments%20PDFs/SN54_74HC245.pdf,296-1197-2-ND,SN74HC245DWR,Texas Instruments,IC TRANSCVR NON-INVERT 6V 20SOIC,4  000 - Immediate,$0.18445,2  000,Tape & Reel (TR)  Alternate Packaging,74HC,Active
https://media.digikey.com/Renders/~~Pkg.Case%20or%20Series/20-TSSOP%20(0.173  %204.40mm%20Width)_tmb.jpg,https://media.digikey.com/pdf/Data%20Sheets/Texas%20Instruments%20PDFs/SN54_74HC245.pdf,296-8279-2-ND,SN74HC245PWR,Texas Instruments,IC TXRX NON-INVERT 6V 20TSSOP,6  000 - Immediate,$0.16430,2  000,Tape & Reel (TR)  Alternate Packaging,74HC,Active
https://media.digikey.com/Renders/~~Pkg.Case%20or%20Series/20-SOIC%200.295_tmb.jpg,http://www.ti.com/lit/ds/symlink/sn74hc541.pdf,296-1202-2-ND,SN74HC541DWR,Texas Instruments,IC BUFFER NON-INVERT 6V 20SOIC,20  000 - Immediate,$0.22165,2  000,Tape & Reel (TR)  Alternate Packaging,74HC,Active
https://media.digikey.com/Photos/Texas%20Instr%20Photos/296;4040062;NS;20_tmb.jpg,http://www.ti.com/lit/ds/symlink/sn74hc541.pdf,296-13218-2-ND,SN74HC541NSR,Texas Instruments,IC BUFFER NON-INVERT 6V 20SO,2  000 - Immediate,$0.22165,2  000,Tape & Reel (TR)  Alternate Packaging,74HC,Active
https://media.digikey.com/Renders/Texas%20Instr%20Renders/296;4040047-5;D;14_tmb.jpg,http://www.ti.com/lit/ds/symlink/sn74hct125.pdf,296-1206-2-ND,SN74HCT125DR,Texas Instruments,IC BUF NON-INVERT 5.5V 14SOIC,5  000 - Immediate,$0.12540,2  500,Tape & Reel (TR)  Alternate Packaging,74HCT,Active
https://media.digikey.com/Renders/~~Pkg.Case%20or%20Series/20-SOIC%200.295_tmb.jpg,http://www.ti.com/lit/ds/symlink/sn74hct245.pdf,296-1208-2-ND,SN74HCT245DWR,Texas Instruments,IC TXRX NON-INVERT 5.5V 20SOIC,10  000 - Immediate,$0.26390,2  000,Tape & Reel (TR)  Alternate Packaging,74HCT,Active
https://media.digikey.com/Renders/~~Pkg.Case%20or%20Series/20-SOIC%200.295_tmb.jpg,http://www.ti.com/lit/ds/symlink/sn74hct541.pdf,296-14870-2-ND,SN74HCT541DWR,Texas Instruments,IC BUF NON-INVERT 5.5V 20SOIC,8  000 - Immediate,$0.22475,2  000,Tape & Reel (TR)  Alternate Packaging,74HCT,Active
https://media.digikey.com/Photos/Texas%20Instr%20Photos/296;4040062;NS;20_tmb.jpg,http://www.ti.com/lit/ds/symlink/sn74hct541.pdf,296-28663-2-ND,SN74HCT541NSR,Texas Instruments,IC BUFFER NON-INVERT 5.5V 20SO,2  000 - Immediate,$0.22475,2  000,Tape & Reel (TR)  Alternate Packaging,74HCT,Active
https://media.digikey.com/Renders/~~Pkg.Case%20or%20Series/20-TSSOP%20(0.173  %204.40mm%20Width)_tmb.jpg,http://www.ti.com/lit/ds/symlink/sn74hct541.pdf,296-26499-2-ND,SN74HCT541PWR,Texas Instruments,IC BUF NON-INVERT 5.5V 20TSSOP,12  000 - Immediate,$0.20305,2  000,Tape & Reel (TR)  Alternate Packaging,74HCT,Active
https://media.digikey.com/Renders/Texas%20Instr%20Renders/14-DIP_tmb.jpg,http://www.ti.com/lit/ds/symlink/sn74ls126a.pdf,296-3643-5-ND,SN74LS126AN,Texas Instruments,IC BUF NON-INVERT 5.25V 14DIP,2  978 - Immediate,$0.83000,1,Tube  Alternate Packaging,74LS,Active
https://media.digikey.com/photos/Texas%20Instr%20Photos/296-20-DIP_tmb.jpg,http://www.ti.com/lit/ds/symlink/sn74ls241.pdf,296-1651-5-ND,SN74LS240N,Texas Instruments,IC BUFFER INVERT 5.25V 20DIP,8  382 - Immediate,$0.83000,1,Tube  Alternate Packaging,74LS,Active
https://media.digikey.com/Photos/Texas%20Instr%20Photos/296;4040062;NS;20_tmb.jpg,http://www.ti.com/lit/ds/symlink/sn74ls241.pdf,296-26508-2-ND,SN74LS240NSR,Texas Instruments,IC BUFFER INVERT 5.25V 20SO,4  000 - Immediate,$0.35420,2  000,Tape & Reel (TR)  Alternate Packaging,74LS,Active
https://media.digikey.com/Photos/Texas%20Instr%20Photos/296;4040062;NS;20_tmb.jpg,http://www.ti.com/lit/ds/symlink/sn74ls241.pdf,296-28899-2-ND,SN74LS241NSR,Texas Instruments,IC BUFFER NON-INVERT 5.25V 20SO,0  Standard Lead Time 6 Weeks,$0.36400,2  000,Tape & Reel (TR)  Alternate Packaging,74LS,Active
https://media.digikey.com/Renders/~~Pkg.Case%20or%20Series/20-SOIC%200.295_tmb.jpg,http://www.ti.com/lit/ds/symlink/sn74ls241.pdf,296-1213-2-ND,SN74LS244DWR,Texas Instruments,IC BUF NON-INVERT 5.25V 20SOIC,4  000 - Immediate,$0.38220,2  000,Tape & Reel (TR)  Alternate Packaging,74LS,Active
https://media.digikey.com/Photos/Texas%20Instr%20Photos/296;4040062;NS;20_tmb.jpg,http://www.ti.com/lit/ds/symlink/sn74ls244.pdf,296-3676-2-ND,SN74LS244NSR,Texas Instruments,IC BUFFER NON-INVERT 5.25V 20SO,2  000 - Immediate,$0.38220,2  000,Tape & Reel (TR)  Alternate Packaging,74LS,Active
https://media.digikey.com/photos/Texas%20Instr%20Photos/296-20-DIP_tmb.jpg,http://www.ti.com/lit/ds/symlink/sn74ls540.pdf,296-3715-5-ND,SN74LS540N,Texas Instruments,IC BUFFER INVERT 5.25V 20DIP,3  392 - Immediate,$1.64000,1,Tube  Alternate Packaging,74LS,Active
https://media.digikey.com/Photos/Texas%20Instr%20Photos/296;4040062;NS;20_tmb.jpg,http://www.ti.com/lit/ds/symlink/sn74ls540.pdf,296-26517-2-ND,SN74LS541NSR,Texas Instruments,IC BUFFER NON-INVERT 5.25V 20SO,2  000 - Immediate,$0.52220,2  000,Tape & Reel (TR)  Alternate Packaging,74LS,Active
https://media.digikey.com/Renders/Texas%20Instr%20Renders/SOT-23-5%20PKG_tmb.jpg,http://www.ti.com/lit/ds/symlink/sn74lv1t125.pdf,296-37172-2-ND,SN74LV1T125DBVR,Texas Instruments,IC BUF NON-INVERT 5.5V SOT23-5,21  000 - Immediate,$0.12870,3  000,Tape & Reel (TR)  Alternate Packaging,74LV,Active
https://media.digikey.com/Renders/~~Pkg.Case%20or%20Series/20-TSSOP%20(0.173  %204.40mm%20Width)_tmb.jpg,http://www.ti.com/lit/ds/symlink/sn74lv540a.pdf,296-26559-2-ND,SN74LV540APWR,Texas Instruments,IC BUFFER INVERT 5.5V 20TSSOP,0  Standard Lead Time 11 Weeks,$0.35960,2  000,Tape & Reel (TR)  Alternate Packaging,74LV,Active
https://media.digikey.com/Renders/~~Pkg.Case%20or%20Series/20-TSSOP%20(0.173  %204.40mm%20Width)_tmb.jpg,http://www.ti.com/lit/ds/symlink/sn74lv541a.pdf,296-13700-2-ND,SN74LV541APWR,Texas Instruments,IC BUF NON-INVERT 5.5V 20TSSOP,14  000 - Immediate,$0.36820,2  000,Tape & Reel (TR)  Alternate Packaging,74LV,Active
https://media.digikey.com/Renders/~~Pkg.Case%20or%20Series/14-TSSOP_tmb.jpg,http://www.ti.com/lit/ds/symlink/sn74lvc125a.pdf,296-1222-2-ND,SN74LVC125APWR,Texas Instruments,IC BUF NON-INVERT 3.6V 14TSSOP,134  000 - Immediate,$0.11550,2  000,Tape & Reel (TR)  Alternate Packaging,74LVC,Active
https://media.digikey.com/Renders/Texas%20Instr%20Renders/48-TSSOP-DGG_tmb.jpg,http://www.ti.com/lit/ds/symlink/sn74lvc16244a.pdf,296-1226-2-ND,SN74LVC16244ADGGR,Texas Instruments,IC BUF NON-INVERT 3.6V 48TSSOP,0  Standard Lead Time 6 Weeks,$0.55440,2  000,Tape & Reel (TR)  Alternate Packaging,74LVC,Active
https://media.digikey.com/Renders/Texas%20Instr%20Renders/54-BGA-Micro-Jr-GRD_tmb.jpg,http://www.ti.com/lit/ds/symlink/sn74lvc16244a.pdf,296-16882-2-ND,SN74LVC16244AZRDR,Texas Instruments,IC BUFFER NON-INVERT 3.6V 54BGA,0  Standard Lead Time 6 Weeks,$0.86130,1  000,Tape & Reel (TR)  Alternate Packaging,74LVC,Active
https://media.digikey.com/Renders/Texas%20Instr%20Renders/48-TSSOP-DGG_tmb.jpg,http://www.ti.com/lit/ds/symlink/sn74lvc16245a.pdf,296-1228-2-ND,SN74LVC16245ADGGR,Texas Instruments,IC TXRX NON-INVERT 3.6V 48TSSOP,8  000 - Immediate,$0.60620,2  000,Tape & Reel (TR)  Alternate Packaging,74LVC,Active
https://media.digikey.com/Renders/Texas%20Instr%20Renders/SOT-23-5%20PKG_tmb.jpg,http://www.ti.com/lit/ds/symlink/sn74lvc1g07.pdf,296-8485-2-ND,SN74LVC1G07DBVR,Texas Instruments,IC BUF NON-INVERT 5.5V SOT23-5,66  000 - Immediate,$0.09180,3  000,Tape & Reel (TR)  Alternate Packaging,74LVC,Active
https://media.digikey.com/Renders/Texas%20Instr%20Renders/SC70_5-pins_tmb.jpg,http://www.ti.com/lit/ds/symlink/sn74lvc1g07.pdf,296-8486-2-ND,SN74LVC1G07DCKR,Texas Instruments,IC BUF NON-INVERT 5.5V SC70-5,198  000 - Immediate,$0.09180,3  000,Tape & Reel (TR)  Alternate Packaging,74LVC,Active
https://media.digikey.com/Renders/Texas%20Instr%20Renders/SOT-23-5%20PKG_tmb.jpg,http://www.ti.com/lit/ds/symlink/sn74lvc1g240.pdf,296-11609-2-ND,SN74LVC1G240DBVR,Texas Instruments,IC BUFFER INVERT 5.5V SOT23-5,36  000 - Immediate,$0.09900,3  000,Tape & Reel (TR)  Alternate Packaging,74LVC,Active
https://media.digikey.com/Renders/~~Pkg.Case%20or%20Series/20-TSSOP%20(0.173  %204.40mm%20Width)_tmb.jpg,http://www.ti.com/lit/ds/symlink/sn74lvc245a.pdf,296-1233-2-ND,SN74LVC245APWR,Texas Instruments,IC TXRX NON-INVERT 3.6V 20TSSOP,16  000 - Immediate,$0.16120,2  000,Tape & Reel (TR)  Alternate Packaging,74LVC,Active
https://media.digikey.com/Renders/Texas%20Instr%20Renders/296;4093553-4;DCK;6_tmb.jpg,http://www.ti.com/lit/ds/symlink/sn74lvc2g17.pdf,296-13013-2-ND,SN74LVC2G17DCKR,Texas Instruments,IC BUF NON-INVERT 5.5V SC70-6,63  000 - Immediate,$0.18755,3  000,Tape & Reel (TR)  Alternate Packaging,74LVC,Active
https://media.digikey.com/Renders/Texas%20Instr%20Renders/8-LSSOP_tmb.jpg,http://www.ti.com/lit/ds/symlink/sn74lvc3g17.pdf,296-16915-2-ND,SN74LVC3G17DCTR,Texas Instruments,IC BUFFER NON-INVERT 5.5V SM8,12  000 - Immediate,$0.27115,3  000,Tape & Reel (TR)  Alternate Packaging,74LVC,Active
https://media.digikey.com/photos/Texas%20Instr%20Photos/296-56-SSOP_tmb.jpg,http://www.ti.com/lit/ds/symlink/sn74lvth16952.pdf,296-14931-2-ND,SN74LVTH16952DLR,Texas Instruments,IC TXRX NON-INVERT 3.6V 56SSOP,0  Standard Lead Time 7 Weeks,$1.43500,1  000,Tape & Reel (TR)  Alternate Packaging,74LVTH,Active
https://media.digikey.com/Renders/~~Pkg.Case%20or%20Series/20-SOIC%200.295_tmb.jpg,http://www.ti.com/lit/ds/symlink/sn74lvth244a.pdf,296-1270-2-ND,SN74LVTH244ADWR,Texas Instruments,IC BUF NON-INVERT 3.6V 20SOIC,2  000 - Immediate,$0.35280,2  000,Tape & Reel (TR)  Alternate Packaging,74LVTH,Active
https://media.digikey.com/Renders/Texas%20Instr%20Renders/20-SSOP_tmb.jpg,http://www.ti.com/lit/ds/symlink/sn74lvth245a.pdf,296-8710-2-ND,SN74LVTH245ADBR,Texas Instruments,IC TXRX NON-INVERT 3.6V 20SSOP,2  000 - Immediate,$0.35000,2  000,Tape & Reel (TR)  Alternate Packaging,74LVTH,Active
https://media.digikey.com/Renders/~~Pkg.Case%20or%20Series/20-TSSOP%20(0.173  %204.40mm%20Width)_tmb.jpg,http://www.ti.com/lit/ds/symlink/sn74lvth245a.pdf,296-48966-2-ND,SN74LVTH245APWRG4,Texas Instruments,IC TXRX NON-INVERT 3.6V 20TSSOP,2  000 - Immediate,$0.32190,2  000,Tape & Reel (TR)  Alternate Packaging,74LVTH,Active
https://media.digikey.com/Renders/STMicro%20Renders/96-LFBGA%20(13.5x5.5)_tmb.jpg,http://www.ti.com/lit/ds/symlink/sn74lvth32245.pdf,296-23291-2-ND,SN74LVTH32245ZKER,Texas Instruments,IC TXRX NON-INVERT 3.6V 96PBGA,0  Standard Lead Time 6 Weeks,$3.33340,1  000,Tape & Reel (TR)  Alternate Packaging,74LVTH,Active
https://media.digikey.com/Renders/~~Pkg.Case%20or%20Series/24-SSOP_tmb.jpg,http://www.ti.com/lit/ds/symlink/sn74lvth543.pdf,296-8730-2-ND,SN74LVTH543DBR,Texas Instruments,IC TXRX NON-INVERT 3.6V 24SSOP,4  000 - Factory Stock,$0.76815,2  000,Tape & Reel (TR)  Alternate Packaging,74LVTH,Active
https://media.digikey.com/Renders/Toshiba%20Renders/16-SOIC_tmb.jpg,https://toshiba.semicon-storage.com/info/docget.jsp?did=18381&prodName=TC4050BF,TC4050BF(ELNF)TR-ND,TC4050BF(EL  N  F),Toshiba Semiconductor and Storage,IC BUFFER NON-INVERT 18 V 16SOP,0,Active,-,Tape & Reel (TR)  Alternate Packaging,TC,Active
https://media.digikey.com/Renders/~~Pkg.Case%20or%20Series/20-SOIC%200.295_tmb.jpg,https://toshiba.semicon-storage.com/info/docget.jsp?did=20790&prodName=TC74LCX244F,TC74LCX244F(ELKFTR-ND,TC74LCX244F(EL  K  F,Toshiba Semiconductor and Storage,IC BUFFER NON-INVERT 3.6V 20SOP,2  000 - Immediate,$0.23925,-,Tape & Reel (TR)  Alternate Packaging,TC74LCX,Not For New Designs
https://media.digikey.com/Renders/Toshiba%20Renders/8-SOP_tmb.jpg,https://media.digikey.com/pdf/Data%20Sheets/Toshiba%20PDFs/TC7WT125.pdf,TC7WT125FUTE12LFTR-ND,TC7WT125FUTE12LF,Toshiba Semiconductor and Storage,IC BUFFER NON-INVERT 5.5V SM8,6  000 - Immediate,$0.17050,3  000,Tape & Reel (TR)  Alternate Packaging,TC7WT,Active
