https://media.digikey.com/Renders/Littelfuse%20Renders/18;DO204AC(DO-15);;2_tmb.jpg,http://www.littelfuse.com/~/media/electronics/datasheets/tvs_diodes/littelfuse_tvs_diode_p6ke_datasheet.pdf.pdf,P6KE6.8ALFTR-ND,P6KE6.8A,Littelfuse Inc.,TVS DIODE 5.8V 10.5V DO204AC,8  000 - Immediate,$0.10395,4  000,Tape & Reel (TR)  Alternate Packaging,P6KE,Active
https://media.digikey.com/Renders/Littelfuse%20Renders/DO-214AA  %20SMB;%202%20leads_tmb.jpg,http://www.littelfuse.com/~/media/electronics/datasheets/tvs_diodes/littelfuse_tvs_diode_smbj_datasheet.pdf.pdf,SMBJ5.0ALFTR-ND,SMBJ5.0A,Littelfuse Inc.,TVS DIODE 5V 9.2V DO214AA,33  000 - Immediate,$0.11227,3  000,Tape & Reel (TR)  Alternate Packaging,SMBJ,Active
https://media.digikey.com/Renders/Vishay%20Genreral%20Semi%20Renders/1-5KA%20Axial_tmb.jpg,http://www.vishay.com/docs/88301/15ke.pdf,1.5KE250A-E3/51GI-ND,1.5KE250A-E3/51,Vishay Semiconductor Diodes Division,TVS DIODE 214V 344V 1.5KE,4  735 - Immediate,$1.72000,1,Bulk,TransZorb®,Active
https://media.digikey.com/Renders/Littelfuse%20Renders/18;DO201-Bidirectional;;2_tmb.jpg,http://www.littelfuse.com/~/media/electronics/datasheets/tvs_diodes/littelfuse_tvs_diode_1_5ke_datasheet.pdf.pdf,1.5KE82CALFTR-ND,1.5KE82CA,Littelfuse Inc.,TVS DIODE 70.1V 113V DO201,1  200 - Immediate,$0.26376,1  200,Tape & Reel (TR)  Alternate Packaging,1.5KE,Active
https://media.digikey.com/Renders/Micro%20Commercial%20Renders/DO-214AA%20SMB_tmb.jpg,http://www.mccsemi.com/up_pdf/SMBJP6KE6.8(C)A-SMBJP6KE550(C)A(DO-214AA).pdf,SMBJP6KE10A-TPMSTR-ND,SMBJP6KE10A-TP,Micro Commercial Co,TVS DIODE 8.55V 14.5V DO214AA,3  000 - Immediate,$0.11261,3  000,Tape & Reel (TR)  Alternate Packaging,SMBJ,Active
https://media.digikey.com/Photos/Fairchild%20Semi%20Photos/P6KE47CA_tmb.jpg,https://www.fairchildsemi.com/datasheets/P6/P6KE100A.pdf,P6KE12CAFSTR-ND,P6KE12CA,ON Semiconductor,TVS DIODE 10.2V 16.7V DO15,8  000 - Immediate  16  000 - Factory Stock,$0.20344,4  000,Tape & Reel (TR)  Alternate Packaging,-,Active
https://media.digikey.com/Renders/Micro%20Commercial%20Renders/DO-214AA%20SMB_tmb.jpg,http://www.mccsemi.com/up_pdf/SMBJP6KE6.8(C)A-SMBJP6KE550(C)A(DO-214AA).pdf,SMBJP6KE13A-TPMSTR-ND,SMBJP6KE13A-TP,Micro Commercial Co,TVS DIODE 11.1V 18.2V DO214AA,3  000 - Immediate,$0.11261,3  000,Tape & Reel (TR)  Alternate Packaging,SMBJ,Active
https://media.digikey.com/Renders/Littelfuse%20Renders/18;DO204AC(DO-15);;2_tmb.jpg,http://www.littelfuse.com/~/media/electronics/datasheets/tvs_diodes/littelfuse_tvs_diode_p6ke_datasheet.pdf.pdf,P6KE15ALFTR-ND,P6KE15A,Littelfuse Inc.,TVS DIODE 12.8V 21.2V DO204AC,8  000 - Immediate,$0.13860,4  000,Tape & Reel (TR)  Alternate Packaging,P6KE,Active
https://media.digikey.com/Photos/STMicro%20Photos/P6KE  TRANSIL-SERIES_tmb.jpg,http://www.st.com/content/ccc/resource/technical/document/datasheet/1a/3b/f2/a9/96/72/49/ca/CD00000720.pdf/files/CD00000720.pdf/jcr:content/translations/en.CD00000720.pdf,497-11385-3-ND,P6KE18A,STMicroelectronics,TVS DIODE 15.3V 32.5V DO15,5  000 - Immediate,$0.17475,1  000,Tape & Box (TB)  Alternate Packaging,P6KE   TRANSIL™,Active
https://media.digikey.com/Renders/Littelfuse%20Renders/18;DO204AC(DO-15);;2_tmb.jpg,http://www.littelfuse.com/~/media/electronics/datasheets/tvs_diodes/littelfuse_tvs_diode_p6ke_datasheet.pdf.pdf,P6KE200ALFTR-ND,P6KE200A,Littelfuse Inc.,TVS DIODE 171V 274V DO204AC,16  000 - Immediate,$0.10395,4  000,Tape & Reel (TR)  Alternate Packaging,P6KE,Active
https://media.digikey.com/Renders/Micro%20Commercial%20Renders/353;DO15;;2_tmb.jpg,http://www.mccsemi.com/up_pdf/P6KE6.8(A)-P6KE540(A)(DO-15).pdf,P6KE200CA-TPMSTR-ND,P6KE200CA-TP,Micro Commercial Co,TVS DIODE 171V 274V DO15,16  000 - Immediate,$0.12128,4  000,Tape & Reel (TR)  Alternate Packaging,-,Active
https://media.digikey.com/Renders/Littelfuse%20Renders/18;DO204AC(DO-15);;2_tmb.jpg,http://www.littelfuse.com/~/media/electronics/datasheets/tvs_diodes/littelfuse_tvs_diode_p6ke_datasheet.pdf.pdf,P6KE20ALFTR-ND,P6KE20A,Littelfuse Inc.,TVS DIODE 17.1V 27.7V DO204AC,4  000 - Immediate,$0.13860,4  000,Tape & Reel (TR)  Alternate Packaging,P6KE,Active
https://media.digikey.com/Photos/STMicro%20Photos/P6KE  TRANSIL-SERIES_tmb.jpg,http://www.st.com/content/ccc/resource/technical/document/datasheet/1a/3b/f2/a9/96/72/49/ca/CD00000720.pdf/files/CD00000720.pdf/jcr:content/translations/en.CD00000720.pdf,497-14732-3-ND,P6KE24A,STMicroelectronics,TVS DIODE 20V 42.8V DO15,2  000 - Immediate,$0.18653,1  000,Tape & Box (TB)  Alternate Packaging,P6KE   TRANSIL™,Active
https://media.digikey.com/Photos/STMicro%20Photos/P6KE  TRANSIL-SERIES_tmb.jpg,http://www.st.com/content/ccc/resource/technical/document/datasheet/1a/3b/f2/a9/96/72/49/ca/CD00000720.pdf/files/CD00000720.pdf/jcr:content/translations/en.CD00000720.pdf,497-4286-2-ND,P6KE250ARL,STMicroelectronics,TVS DIODE 213V 442V DO15,6  000 - Immediate,$0.17661,6  000,Tape & Reel (TR)  Alternate Packaging,P6KE   TRANSIL™,Active
https://media.digikey.com/Renders/Micro%20Commercial%20Renders/DO-214AA%20SMB_tmb.jpg,http://www.mccsemi.com/up_pdf/SMBJP6KE6.8(C)A-SMBJP6KE550(C)A(DO-214AA).pdf,SMBJP6KE350A-TPMSTR-ND,SMBJP6KE350A-TP,Micro Commercial Co,TVS DIODE 300V 482V DO214AA,3  000 - Immediate,$0.11261,3  000,Tape & Reel (TR)  Alternate Packaging,SMBJ,Active
https://media.digikey.com/Renders/Micro%20Commercial%20Renders/DO-214AA%20SMB_tmb.jpg,http://www.mccsemi.com/up_pdf/SMBJP6KE6.8(C)A-SMBJP6KE550(C)A(DO-214AA).pdf,SMBJP6KE400A-TPMSTR-ND,SMBJP6KE400A-TP,Micro Commercial Co,TVS DIODE 342V 548V DO214AA,9  000 - Immediate,$0.20832,3  000,Tape & Reel (TR)  Alternate Packaging,SMBJ,Active
https://media.digikey.com/Renders/Micro%20Commercial%20Renders/DO-214AA%20SMB_tmb.jpg,http://www.mccsemi.com/up_pdf/SMBJP6KE6.8(C)A-SMBJP6KE550(C)A(DO-214AA).pdf,SMBJP6KE8.2A-TPMSTR-ND,SMBJP6KE8.2A-TP,Micro Commercial Co,TVS DIODE 7.02V 12.1V DO214AA,3  000 - Immediate,$0.11261,3  000,Tape & Reel (TR)  Alternate Packaging,SMBJ,Active
https://media.digikey.com/Renders/~~Pkg.Case%20or%20Series/SC-74  %20SOT-457_tmb.jpg,http://www.nxp.com/documents/data_sheet/PRTR5V0U2D.pdf,568-7446-2-ND,PRTR5V0U2D  115,NXP USA Inc.,TVS DIODE 5.5V 6TSOP,0,Obsolete,-,Tape & Reel (TR),Automotive   AEC-Q101,Obsolete
https://media.digikey.com/Renders/~~Pkg.Case%20or%20Series/SC-74  %20SOT-457_tmb.jpg,https://assets.nexperia.com/documents/data-sheet/PRTR5V0U4D.pdf,1727-3890-2-ND,PRTR5V0U4D  125,Nexperia USA Inc.,TVS DIODE 6TSOP,75  000 - Immediate,$0.14553,3  000,Tape & Reel (TR)  Alternate Packaging,Automotive   AEC-Q101,Active
https://media.digikey.com/Renders/Diodes%20Renders/DO-214AA_SMB_tmb.jpg,https://www.diodes.com/assets/Datasheets/ds19002.pdf,SMBJ12A-FDITR-ND,SMBJ12A-13-F,Diodes Incorporated,TVS DIODE 12V 19.9V SMB,33  000 - Immediate,$0.09900,3  000,Tape & Reel (TR)  Alternate Packaging,SMBJ,Active
https://media.digikey.com/Renders/Littelfuse%20Renders/DO-214AA  %20SMB;%202%20leads_tmb.jpg,http://www.littelfuse.com/~/media/electronics/datasheets/tvs_diodes/littelfuse_tvs_diode_smbj_datasheet.pdf.pdf,SMBJ15ALFTR-ND,SMBJ15A,Littelfuse Inc.,TVS DIODE 15V 24.4V DO214AA,33  000 - Immediate,$0.10206,3  000,Tape & Reel (TR)  Alternate Packaging,SMBJ,Active
https://media.digikey.com/Renders/Diodes%20Renders/DO-214AA_SMB_tmb.jpg,https://www.diodes.com/assets/Datasheets/ds19002.pdf,SMBJ170A-FDITR-ND,SMBJ170A-13-F,Diodes Incorporated,TVS DIODE 170V 275V SMB,48  000 - Immediate,$0.09900,3  000,Tape & Reel (TR)  Alternate Packaging,SMBJ,Active
https://media.digikey.com/Renders/Littelfuse%20Renders/DO-214AA  %20SMB;%202%20leads_tmb.jpg,http://www.littelfuse.com/~/media/electronics/datasheets/tvs_diodes/littelfuse_tvs_diode_smbj_datasheet.pdf.pdf,SMBJ18ALFTR-ND,SMBJ18A,Littelfuse Inc.,TVS DIODE 18V 29.2V DO214AA,3  000 - Immediate,$0.13098,3  000,Tape & Reel (TR)  Alternate Packaging,SMBJ,Active
https://media.digikey.com/Renders/Littelfuse%20Renders/DO-214AA  %20SMB;%202%20leads_tmb.jpg,http://www.littelfuse.com/~/media/electronics/datasheets/tvs_diodes/littelfuse_tvs_diode_smbj_datasheet.pdf.pdf,SMBJ20ALFTR-ND,SMBJ20A,Littelfuse Inc.,TVS DIODE 20V 32.4V DO214AA,3  000 - Immediate,$0.12162,3  000,Tape & Reel (TR)  Alternate Packaging,SMBJ,Active
https://media.digikey.com/Renders/Littelfuse%20Renders/DO-214AA  %20SMB;%202%20leads_tmb.jpg,http://www.littelfuse.com/~/media/electronics/datasheets/tvs_diodes/littelfuse_tvs_diode_smbj_datasheet.pdf.pdf,SMBJ20CALFTR-ND,SMBJ20CA,Littelfuse Inc.,TVS DIODE 20V 32.4V DO214AA,6  000 - Immediate,$0.14407,3  000,Tape & Reel (TR)  Alternate Packaging,SMBJ,Active
https://media.digikey.com/Renders/Littelfuse%20Renders/DO-214AA  %20SMB;%202%20leads_tmb.jpg,http://www.littelfuse.com/~/media/electronics/datasheets/tvs_diodes/littelfuse_tvs_diode_smbj_datasheet.pdf.pdf,SMBJ24ALFTR-ND,SMBJ24A,Littelfuse Inc.,TVS DIODE 24V 38.9V DO214AA,12  000 - Immediate,$0.11414,3  000,Tape & Reel (TR)  Alternate Packaging,SMBJ,Active
https://media.digikey.com/Renders/Littelfuse%20Renders/DO-214AA  %20SMB;%202%20leads_tmb.jpg,http://www.littelfuse.com/data/en/data_sheets/p6smbj_revised.pdf,P6SMBJ27ALFTR-ND,P6SMBJ27A,Littelfuse Inc.,TVS DIODE 23.1V 37.5V DO214AA,0,Obsolete,-,Tape & Reel (TR),P6SMBJ,Obsolete
https://media.digikey.com/photos/Fairchild%20Semi%20Photos/261-DO-214AA_tmb.jpg,https://www.fairchildsemi.com/datasheets/SM/SMBJ100A.pdf,SMBJ45AFSTR-ND,SMBJ45A,ON Semiconductor,TVS DIODE 45V 72.7V DO214AA,3  000 - Immediate  6  000 - Factory Stock,$0.10464,3  000,Tape & Reel (TR)  Alternate Packaging,SMBJ,Active
https://media.digikey.com/Renders/Littelfuse%20Renders/DO-214AA  %20SMB;%202%20leads_tmb.jpg,http://www.littelfuse.com/~/media/electronics/datasheets/tvs_diodes/littelfuse_tvs_diode_smbj_datasheet.pdf.pdf,SMBJ48CALFTR-ND,SMBJ48CA,Littelfuse Inc.,TVS DIODE 48V 77.4V DO214AA,36  000 - Immediate,$0.14407,3  000,Tape & Reel (TR)  Alternate Packaging,SMBJ,Active
https://media.digikey.com/Photos/Bourns%20Photos/MFG_SMxJ-Q_tmb.jpg,http://www.bourns.com/docs/Product-Datasheets/SMBJ.pdf,SMBJ5.0CABTR-ND,SMBJ5.0CA,Bourns Inc.,TVS DIODE 5V 9.2V SMB,42  000 - Immediate,$0.11460,3  000,Tape & Reel (TR)  Alternate Packaging,SMBJ,Active
https://media.digikey.com/Renders/Littelfuse%20Renders/DO-214AA  %20SMB;%202%20leads_tmb.jpg,http://www.littelfuse.com/~/media/electronics/datasheets/tvs_diodes/littelfuse_tvs_diode_smbj_datasheet.pdf.pdf,SMBJ6.5ALFTR-ND,SMBJ6.5A,Littelfuse Inc.,TVS DIODE 6.5V 11.2V DO214AA,3  000 - Immediate,$0.13098,3  000,Tape & Reel (TR)  Alternate Packaging,SMBJ,Active
https://media.digikey.com/Renders/Littelfuse%20Renders/DO-214AA  %20SMB;%202%20leads_tmb.jpg,http://www.littelfuse.com/~/media/electronics/datasheets/tvs_diodes/littelfuse_tvs_diode_smbj_datasheet.pdf.pdf,SMBJ8.0ALFTR-ND,SMBJ8.0A,Littelfuse Inc.,TVS DIODE 8V 13.6V DO214AA,9  000 - Immediate,$0.13098,3  000,Tape & Reel (TR)  Alternate Packaging,SMBJ,Active
https://media.digikey.com/Renders/Diodes%20Renders/DO-214AA_SMB_tmb.jpg,https://www.diodes.com/assets/Datasheets/ds19002.pdf,SMBJ8.5A-13-FDITR-ND,SMBJ8.5A-13-F,Diodes Incorporated,TVS DIODE 8.5V 14.4V SMB,18  000 - Immediate,$0.09900,3  000,Tape & Reel (TR)  Alternate Packaging,SMBJ,Active
https://media.digikey.com/Renders/Littelfuse%20Renders/DO-214AA  %20SMB;%202%20leads_tmb.jpg,http://www.littelfuse.com/~/media/electronics/datasheets/tvs_diodes/littelfuse_tvs_diode_smbj_datasheet.pdf.pdf,SMBJ9.0ALFTR-ND,SMBJ9.0A,Littelfuse Inc.,TVS DIODE 9V 15.4V DO214AA,3  000 - Immediate,$0.15468,3  000,Tape & Reel (TR)  Alternate Packaging,SMBJ,Active
https://media.digikey.com/Renders/~~Pkg.Case%20or%20Series/SOT-363%20PKG_tmb.jpg,https://www.semtech.com/uploads/documents/smf05c.pdf,SMF05CTR-ND,SMF05C.TCT,Semtech Corporation,TVS DIODE 5V 12.5V SC70-6,87  000 - Immediate,$0.31973,3  000,Tape & Reel (TR)  Alternate Packaging,SMF,Active
https://media.digikey.com/Renders/Diodes%20Renders/SOT143_tmb.jpg,https://media.digikey.com/pdf/Data%20Sheets/Vishay%20Semiconductors/GCDA15C-1.pdf,751-1442-2-ND,GCDA15C-1-GS08,Vishay Semiconductor Diodes Division,TVS DIODE 15V 30V SOT143,0,Obsolete,-,Tape & Reel (TR),-,Obsolete
https://media.digikey.com/Renders/~~Pkg.Case%20or%20Series/20-SOIC%200.295_tmb.jpg,https://media.digikey.com/pdf/Data%20Sheets/ST%20Microelectronics%20PDFS/ITAxxB3.pdf,497-12490-5-ND,ITA25B3,STMicroelectronics,TVS DIODE 24V 36V 20SOIC,0,Obsolete,-,Tube,ITA   TRANSIL™,Obsolete
https://media.digikey.com/Renders/~~Pkg.Case%20or%20Series/8-SOIC_tmb.jpg,http://www.littelfuse.com/~/media/electronics/datasheets/tvs_diode_arrays/littelfuse_tvs_diode_array_lc03_3_3_datasheet.pdf.pdf,F4205TR-ND,LC03-3.3BTG,Littelfuse Inc.,TVS DIODE 3.3V 17V 8SOIC,15  000 - Immediate,$0.94972,2  500,Tape & Reel (TR)  Alternate Packaging,LC03-3.3   SPA®,Active
https://media.digikey.com/photos/STMicro%20Photos/497-DO-214AB_tmb.jpg,http://www.st.com/content/ccc/resource/technical/document/datasheet/b0/6e/bc/89/3c/f1/41/b5/CD00283815.pdf/files/CD00283815.pdf/_jcr_content/translations/en.CD00283815.pdf,497-4998-2-ND,LNBTVS6-221S,STMicroelectronics,TVS DIODE 20V 32V SMC,0,$0.60152,2  500,Tape & Reel (TR)  Alternate Packaging,LNBTVS   TRANSIL™,Active
https://media.digikey.com/Renders/On%20Semi%20Renders/SOT-23-3_527AG_tmb.jpg,http://www.onsemi.com/pub/Collateral/MMBZ5V6ALT1-D.PDF,MMBZ33VALT1GOSTR-ND,MMBZ33VALT1G,ON Semiconductor,TVS DIODE 26V 46V SOT23-3,66  000 - Immediate,$0.03963,3  000,Tape & Reel (TR)  Alternate Packaging,-,Active
https://media.digikey.com/Renders/On%20Semi%20Renders/SOT-23-3_527AG_tmb.jpg,http://www.onsemi.com/pub/Collateral/MMBZ5V6ALT1-D.PDF,MMBZ5V6ALT1GOSTR-ND,MMBZ5V6ALT1G,ON Semiconductor,TVS DIODE 3V 8V SOT23-3,108  000 - Immediate,$0.04340,3  000,Tape & Reel (TR)  Alternate Packaging,Automotive   AEC-Q101,Active
https://media.digikey.com/photos/On%20Semi%20Photos/MR2835SKG_tmb.JPG,https://media.digikey.com/pdf/Data%20Sheets/ON%20Semiconductor%20PDFs/MR2835SK-D.pdf,MR2835SKOSTR-ND,MR2835SK,ON Semiconductor,TVS DIODE 23V TOP CAN,0,Obsolete,-,Tape & Reel (TR),-,Obsolete
https://media.digikey.com/Renders/~~Pkg.Case%20or%20Series/TSOT-23-6  %20TSOT-6_tmb.jpg,http://www.onsemi.com/pub/Collateral/NUP2201MR6-D.PDF,NUP2201MR6T1GOSTR-ND,NUP2201MR6T1G,ON Semiconductor,TVS DIODE 5V 20V 6TSOP,0  Standard Lead Time 15 Weeks,$0.19286,3  000,Tape & Reel (TR)  Alternate Packaging,-,Active
https://media.digikey.com/Renders/On%20Semi%20Renders/SC-70-6  SC-88  SOT-363_419B%E2%88%9202_tmb.jpg,http://www.onsemi.com/pub/Collateral/NUP2202W1-D.PDF,NUP2202W1T2GOSTR-ND,NUP2202W1T2G,ON Semiconductor,TVS DIODE 5V 20V SC88,0  Standard Lead Time 10 Weeks,$0.23173,3  000,Tape & Reel (TR)  Alternate Packaging,-,Active
https://media.digikey.com/Renders/On%20Semi%20Renders/SC-70-6  SC-88  SOT-363_419B%E2%88%9202_tmb.jpg,http://www.onsemi.com/pub/Collateral/NUP4202W1-D.PDF,NUP4202W1T2GOSTR-ND,NUP4202W1T2G,ON Semiconductor,TVS DIODE 5V 14.5V SC88,0  Standard Lead Time 10 Weeks,$0.24955,3  000,Tape & Reel (TR)  Alternate Packaging,-,Active
https://media.digikey.com/Renders/On%20Semi%20Renders/SOT-553-5_463B_tmb.jpg,http://www.onsemi.com/pub/Collateral/NZQA5V6AXV5%20SERIES-D.PDF,NZQA5V6AXV5T1GOSTR-ND,NZQA5V6AXV5T1G,ON Semiconductor,TVS DIODE 3V 13V SOT553,8  000 - Immediate,$0.12942,4  000,Tape & Reel (TR)  Alternate Packaging,Automotive   AEC-Q101,Active
https://media.digikey.com/Photos/Diodes%20Photos/MFG_D-FLAT_tmb.jpg,https://www.diodes.com/assets/Datasheets/P4SMAJ50ADF_P4SMAJ85ADF.pdf,P4SMAJ36ADF-13DITR-ND,P4SMAJ36ADF-13,Diodes Incorporated,TVS DIODE 36V 58.1V DFLAT,10  000 - Factory Stock,$0.09969,10  000,Tape & Reel (TR)  Alternate Packaging,-,Active
https://media.digikey.com/Renders/Micro%20Commercial%20Renders/DO-214AA%20SMB_tmb.jpg,http://www.mccsemi.com/up_pdf/SMBJP6KE6.8(C)A-SMBJP6KE550(C)A(DO-214AA).pdf,SMBJP6KE100A-TPMSTR-ND,SMBJP6KE100A-TP,Micro Commercial Co,TVS DIODE 85.5V 137V DO214AA,3  000 - Immediate,$0.11261,3  000,Tape & Reel (TR)  Alternate Packaging,SMBJ,Active
https://media.digikey.com/Renders/Micro%20Commercial%20Renders/353;DO15;;2_tmb.jpg,http://www.mccsemi.com/up_pdf/P6KE6.8(A)-P6KE600(A)(DO-15).pdf,P6KE100CA-TPMSTR-ND,P6KE100CA-TP,Micro Commercial Co,TVS DIODE 85.5V 137V DO15,4  000 - Immediate,$0.12128,4  000,Tape & Reel (TR)  Alternate Packaging,-,Active
https://media.digikey.com/Renders/Taiwan%20Semi%20Renders/Taiwansemi-DO-204AC_tmb.jpg,http://www.taiwansemi.com/products/datasheet/P6KE%20SERIES_M1602.pdf,P6KE150AA0GTB-ND,P6KE150A A0G,Taiwan Semiconductor Corporation,TVS DIODE 128V 207V DO204AC,1  500 - Immediate,$0.12737,1  500,Tape & Box (TB),P6KE,Active
https://media.digikey.com/Renders/Diodes%20Renders/DO-204AC  %20DO-15  %20Axial_tmb.jpg,https://www.diodes.com/assets/Datasheets/ds21502.pdf,P6KE15CADITR-ND,P6KE15CA-T,Diodes Incorporated,TVS DIODE 12.8V 21.2V DO15,8  000 - Immediate,$0.19786,4  000,Tape & Reel (TR)  Alternate Packaging,-,Active
https://media.digikey.com/Renders/Littelfuse%20Renders/18;DO204AC(DO-15);;2_tmb.jpg,http://www.littelfuse.com/~/media/electronics/datasheets/tvs_diodes/littelfuse_tvs_diode_p6ke_datasheet.pdf.pdf,P6KE16ALFTR-ND,P6KE16A,Littelfuse Inc.,TVS DIODE 13.6V 22.5V DO204AC,4  000 - Immediate,$0.13860,4  000,Tape & Reel (TR)  Alternate Packaging,P6KE,Active
https://media.digikey.com/Renders/Vishay%20Semi%20Renders/112;DO204AC  DO15;;2_tmb.jpg,http://www.vishay.com/docs/88369/p6ke.pdf,P6KE180A-E3/54GITR-ND,P6KE180A-E3/54,Vishay Semiconductor Diodes Division,TVS DIODE 154V 246V DO204AC,4  000 - Immediate,$0.14432,4  000,Tape & Reel (TR)  Alternate Packaging,TransZorb®,Active
https://media.digikey.com/Renders/Micro%20Commercial%20Renders/353;DO15;;2_tmb.jpg,http://www.mccsemi.com/up_pdf/P6KE6.8(A)-P6KE600(A)(DO-15).pdf,P6KE18CA-TPMSTR-ND,P6KE18CA-TP,Micro Commercial Co,TVS DIODE 15.3V 25.2V DO15,4  000 - Immediate,$0.12128,4  000,Tape & Reel (TR)  Alternate Packaging,-,Active
https://media.digikey.com/Renders/Littelfuse%20Renders/18;DO204AC(DO-15);;2_tmb.jpg,http://www.littelfuse.com/~/media/electronics/datasheets/tvs_diodes/littelfuse_tvs_diode_p6ke_datasheet.pdf.pdf,P6KE300ATR-ND,P6KE300A,Littelfuse Inc.,TVS DIODE 256V 414V DO204AC,4  000 - Immediate,$0.18391,4  000,Tape & Reel (TR)  Alternate Packaging,P6KE,Active
https://media.digikey.com/Renders/Littelfuse%20Renders/18;DO204AC(DO-15);;2_tmb.jpg,http://www.littelfuse.com/~/media/electronics/datasheets/tvs_diodes/littelfuse_tvs_diode_p6ke_datasheet.pdf.pdf,P6KE33ALFTR-ND,P6KE33A,Littelfuse Inc.,TVS DIODE 28.2V 45.7V DO204AC,4  000 - Immediate,$0.13860,4  000,Tape & Reel (TR)  Alternate Packaging,P6KE,Active
https://media.digikey.com/Photos/STMicro%20Photos/P6KE  TRANSIL-SERIES_tmb.jpg,http://www.st.com/content/ccc/resource/technical/document/datasheet/1a/3b/f2/a9/96/72/49/ca/CD00000720.pdf/files/CD00000720.pdf/jcr:content/translations/en.CD00000720.pdf,497-11388-3-ND,P6KE33CA,STMicroelectronics,TVS DIODE 28.2V 59V DO15,6  000 - Immediate,$0.19635,1  000,Tape & Box (TB)  Alternate Packaging,P6KE   TRANSIL™,Active
https://media.digikey.com/Renders/Taiwan%20Semi%20Renders/Taiwansemi-DO-204AC_tmb.jpg,http://www.taiwansemi.com/products/datasheet/P6KE%20SERIES_M1602.pdf,P6KE36AA0GTB-ND,P6KE36A A0G,Taiwan Semiconductor Corporation,TVS DIODE 30.8V 49.9V DO204AC,1  500 - Immediate,$0.11760,1  500,Tape & Box (TB),P6KE,Active
https://media.digikey.com/Renders/Littelfuse%20Renders/18;DO204AC(DO-15);;2_tmb.jpg,http://www.littelfuse.com/~/media/electronics/datasheets/tvs_diodes/littelfuse_tvs_diode_p6ke_datasheet.pdf.pdf,P6KE43ALFTR-ND,P6KE43A,Littelfuse Inc.,TVS DIODE 36.8V 59.3V DO204AC,4  000 - Immediate,$0.13860,4  000,Tape & Reel (TR)  Alternate Packaging,P6KE,Active
https://media.digikey.com/Renders/Vishay%20Semi%20Renders/112;DO204AC  DO15;;2_tmb.jpg,http://www.vishay.com/docs/88369/p6ke.pdf,P6KE43CA-E3/54GITR-ND,P6KE43CA-E3/54,Vishay Semiconductor Diodes Division,TVS DIODE 36.8V 59.3V DO204AC,0  Standard Lead Time 53 Weeks,$0.16568,4  000,Tape & Reel (TR)  Alternate Packaging,TransZorb®,Active
https://media.digikey.com/Renders/Micro%20Commercial%20Renders/DO-214AA%20SMB_tmb.jpg,http://www.mccsemi.com/up_pdf/SMBJP6KE6.8(C)A-SMBJP6KE550(C)A(DO-214AA).pdf,SMBJP6KE47A-TPMSTR-ND,SMBJP6KE47A-TP,Micro Commercial Co,TVS DIODE 40.2V 64.8V DO214AA,3  000 - Immediate,$0.11261,3  000,Tape & Reel (TR)  Alternate Packaging,SMBJ,Active
https://media.digikey.com/Renders/Micro%20Commercial%20Renders/DO-214AA%20SMB_tmb.jpg,http://www.mccsemi.com/up_pdf/SMBJP6KE6.8(C)A-SMBJP6KE550(C)A(DO-214AA).pdf,SMBJP6KE6.8CA-TPMSTR-ND,SMBJP6KE6.8CA-TP,Micro Commercial Co,TVS DIODE 5.8V 10.5V DO214AA,6  000 - Immediate,$0.11261,3  000,Tape & Reel (TR)  Alternate Packaging,SMBJ,Active
https://media.digikey.com/Renders/Micro%20Commercial%20Renders/DO-214AA%20SMB_tmb.jpg,http://www.mccsemi.com/up_pdf/SMBJP6KE6.8(C)A-SMBJP6KE550(C)A(DO-214AA).pdf,SMBJP6KE75A-TPMSTR-ND,SMBJP6KE75A-TP,Micro Commercial Co,TVS DIODE 64.1V 103V DO214AA,3  000 - Immediate,$0.11261,3  000,Tape & Reel (TR)  Alternate Packaging,SMBJ,Active
https://media.digikey.com/Renders/Bourns%20Renders/SMBJ_DO-214AAbi_tmb.jpg,http://www.bourns.com/docs/Product-Datasheets/P6SMB.pdf,P6SMB16ABBTR-ND,P6SMB16A,Bourns Inc.,TVS DIODE 13.6V 22.5V DO214AA,6  000 - Immediate,$0.10584,3  000,Tape & Reel (TR)  Alternate Packaging,-,Active
https://media.digikey.com/Renders/Bourns%20Renders/SMBJ_DO-214AAbi_tmb.jpg,http://www.bourns.com/docs/Product-Datasheets/P6SMB.pdf,P6SMB22ABBTR-ND,P6SMB22A,Bourns Inc.,TVS DIODE 18.8V 30.6V DO214AA,12  000 - Immediate,$0.10584,3  000,Tape & Reel (TR)  Alternate Packaging,-,Active
https://media.digikey.com/Renders/Littelfuse%20Renders/DO-214AA  %20SMB;%202%20leads_tmb.jpg,http://www.littelfuse.com/~/media/electronics/datasheets/tvs_diodes/littelfuse_tvs_diode_p6smb_datasheet.pdf.pdf,F2808TR-ND,P6SMB24A,Littelfuse Inc.,TVS DIODE 20.5V 33.2V DO214AA,3  000 - Immediate,$0.15468,3  000,Tape & Reel (TR)  Alternate Packaging,P6SMB,Active
https://media.digikey.com/Renders/Vishay%20Semi%20Renders/112;DO214AA  SMB;;2_tmb.jpg,http://www.vishay.com/docs/88370/p6smb.pdf,P6SMB33A-E3/52GITR-ND,P6SMB33A-E3/52,Vishay Semiconductor Diodes Division,TVS DIODE 28.2V 45.7V DO214AA,0  Standard Lead Time 41 Weeks,$0.15247,750,Tape & Reel (TR)  Alternate Packaging,P6SMB   TransZorb®,Active
https://media.digikey.com/Renders/Littelfuse%20Renders/DO-214AA  %20SMB;%202%20leads_tmb.jpg,http://www.littelfuse.com/~/media/electronics/datasheets/tvs_diodes/littelfuse_tvs_diode_p6smb_datasheet.pdf.pdf,P6SMB6.8CALFTR-ND,P6SMB6.8CA,Littelfuse Inc.,TVS DIODE 5.8V 10.5V DO214AA,9  000 - Immediate,$0.17050,3  000,Tape & Reel (TR)  Alternate Packaging,P6SMB,Active
https://media.digikey.com/Renders/Littelfuse%20Renders/DO-214AA  %20SMB;%202%20leads_tmb.jpg,http://www.littelfuse.com/~/media/electronics/datasheets/tvs_diodes/littelfuse_tvs_diode_p6smb_datasheet.pdf.pdf,P6SMB62ALFTR-ND,P6SMB62A,Littelfuse Inc.,TVS DIODE 53V 85V DO214AA,3  000 - Immediate,$0.15468,3  000,Tape & Reel (TR)  Alternate Packaging,P6SMB,Active
https://media.digikey.com/Renders/Littelfuse%20Renders/DO-214AA  %20SMB;%202%20leads_tmb.jpg,http://www.littelfuse.com/data/en/data_sheets/p6smbj_revised.pdf,P6SMBJ110CALFTR-ND,P6SMBJ110CA,Littelfuse Inc.,TVS DIODE 94V 152V DO214AA,0,Obsolete,-,Tape & Reel (TR),P6SMBJ,Obsolete
https://media.digikey.com/Renders/Littelfuse%20Renders/DO-214AA  %20SMB;%202%20leads_tmb.jpg,http://www.littelfuse.com/data/en/data_sheets/p6smbj_revised.pdf,P6SMBJ15CALFTR-ND,P6SMBJ15CA,Littelfuse Inc.,TVS DIODE 12.8V 21.2V DO214AA,0,Obsolete,-,Tape & Reel (TR),P6SMBJ,Obsolete
https://media.digikey.com/Renders/Littelfuse%20Renders/DO-214AA  %20SMB;%202%20leads_tmb.jpg,http://www.littelfuse.com/data/en/data_sheets/p6smbj_revised.pdf,P6SMBJ33CALFTR-ND,P6SMBJ33CA,Littelfuse Inc.,TVS DIODE 28.2V 45.7V DO214AA,0,Obsolete,-,Tape & Reel (TR),P6SMBJ,Obsolete
https://media.digikey.com/Renders/TE%20Connectivity/PESD0402-140_tmb.jpg,http://www.littelfuse.com/~/media/electronics/product_specifications/polymer_esd_suppressors/littelfuse_polymer_esd_suppressor_pesd0402_140_product_specification.pdf.pdf,PESD0402-140TR-ND,PESD0402-140,Littelfuse Inc.,TVS DIODE 14V 40V 0402,120  000 - Immediate,$0.13154,10  000,Tape & Reel (TR)  Alternate Packaging,-,Active
https://media.digikey.com/Renders/TE%20Connectivity/PESD0402-140_tmb.jpg,http://www.littelfuse.com/~/media/electronics/product_specifications/polymer_esd_suppressors/littelfuse_polymer_esd_suppressor_pesd0603_240_product_specification.pdf.pdf,PESD0603-240TR-ND,PESD0603-240,Littelfuse Inc.,TVS DIODE 24V 45V 0603,70  000 - Immediate,$0.14062,5  000,Tape & Reel (TR)  Alternate Packaging,-,Active
https://media.digikey.com/Renders/NXP%20Semi%20Renders/SC-76  SOD-323_tmb.jpg,https://assets.nexperia.com/documents/data-sheet/PESDXL1BA_SER.pdf,1727-3812-2-ND,PESD15VL1BA  115,Nexperia USA Inc.,TVS DIODE 15V 44V SOD323,9  000 - Immediate,$0.11642,3  000,Tape & Reel (TR)  Alternate Packaging,-,Active
https://media.digikey.com/Photos/Nexperia/MFG_SOT323_tmb.jpg,https://assets.nexperia.com/documents/data-sheet/PESD1CAN-U.pdf,1727-1306-2-ND,PESD1CAN-UX,Nexperia USA Inc.,TVS DIODE 24V 50V SOT323-3,45  000 - Immediate,$0.10568,3  000,Tape & Reel (TR)  Alternate Packaging,-,Active
https://media.digikey.com/Photos/Nexperia/MFG_SOT323_tmb.jpg,https://assets.nexperia.com/documents/data-sheet/PESD1CAN-U.pdf,1727-1306-2-ND,PESD1CAN-UX,Nexperia USA Inc.,TVS DIODE 24V 50V SOT323-3,45  000 - Immediate,$0.10568,3  000,Tape & Reel (TR)  Alternate Packaging,-,Active
https://media.digikey.com/Renders/NXP%20Semi%20Renders/SOD-523%20%281-1G1A  %20SC-79%29_tmb.jpg,https://assets.nexperia.com/documents/data-sheet/PESDXS1UB_SERIES.pdf,1727-3829-2-ND,PESD3V3S1UB  115,Nexperia USA Inc.,TVS DIODE 3.3V 20V SOD523,0,$0.08925,3  000,Tape & Reel (TR)  Alternate Packaging,-,Active
https://media.digikey.com/Renders/~~Pkg.Case%20or%20Series/SC-74  %20SOT-457_tmb.jpg,https://assets.nexperia.com/documents/data-sheet/PESDXS4UD_SER.pdf,1727-3927-2-ND,PESD3V3S4UD  115,Nexperia USA Inc.,TVS DIODE 3.3V 12V 6TSOP,27  000 - Immediate,$0.11712,3  000,Tape & Reel (TR)  Alternate Packaging,-,Active
https://media.digikey.com/Renders/NXP%20Semi%20Renders/SOD-882_tmb.jpg,https://assets.nexperia.com/documents/data-sheet/PESD3V3U1UA_UB_UL.pdf,1727-4154-2-ND,PESD3V3U1UL  315,Nexperia USA Inc.,TVS DIODE 3.3V DFN1006-2,20  000 - Immediate,$0.08355,10  000,Tape & Reel (TR)  Alternate Packaging,Automotive   AEC-Q101,Active
https://media.digikey.com/Renders/~~Pkg.Case%20or%20Series/SOT25_tmb.jpg,https://assets.nexperia.com/documents/data-sheet/PESDXL4UF_G_W.pdf,1727-3835-2-ND,PESD5V0L4UG  115,Nexperia USA Inc.,TVS DIODE 5V 13V 5TSSOP,0,$0.13860,3  000,Tape & Reel (TR)  Alternate Packaging,-,Active
https://media.digikey.com/Photos/Nexperia/MFG_SOT23_tmb.jpg,https://assets.nexperia.com/documents/data-sheet/PESD5V0S2BT.pdf,1727-3840-2-ND,PESD5V0S2BT  215,Nexperia USA Inc.,TVS DIODE 5V 14V SOT23,0  Standard Lead Time 26 Weeks,$0.13514,3  000,Tape & Reel (TR)  Alternate Packaging,-,Active
https://media.digikey.com/renders/NXP%20Semi%20Renders/6-XSON_SOT886%20Pkg_tmb.jpg,https://assets.nexperia.com/documents/data-sheet/PESD3V3S4UF_PESD5V0S4UF.pdf,1727-5803-2-ND,PESD5V0S4UF  115,Nexperia USA Inc.,TVS DIODE 5V 12V 6XSON SOT886,0  Standard Lead Time 8 Weeks,$0.10353,5  000,Tape & Reel (TR)  Alternate Packaging,Automotive   AEC-Q101,Active
https://media.digikey.com/Renders/Littelfuse%20Renders/0603%20Metric%201608_tmb.jpg,http://www.littelfuse.com/data/en/data_sheets/littelfuse_pulseguard-esd_pgb1.pdf,F2594TR-ND,PGB1010603MR,Littelfuse Inc.,TVS DIODE 24V 150V 0603,130  000 - Immediate,$0.25402,1  000,Tape & Reel (TR)  Alternate Packaging,PulseGuard® PGB,Active
https://media.digikey.com/Renders/Diodes%20Renders/SOT143_tmb.jpg,https://assets.nexperia.com/documents/data-sheet/PRTR5V0U2X.pdf,1727-3884-2-ND,PRTR5V0U2X  215,Nexperia USA Inc.,TVS DIODE 5.5V SOT143B,3  000 - Immediate,$0.18846,3  000,Tape & Reel (TR)  Alternate Packaging,-,Active
https://media.digikey.com/Renders/Diodes%20Renders/SOT143_tmb.jpg,https://assets.nexperia.com/documents/data-sheet/PRTR5V0U2X.pdf,1727-3884-2-ND,PRTR5V0U2X  215,Nexperia USA Inc.,TVS DIODE 5.5V SOT143B,3  000 - Immediate,$0.18846,3  000,Tape & Reel (TR)  Alternate Packaging,-,Active
https://media.digikey.com/Renders/~~Pkg.Case%20or%20Series/SOT-363%20PKG_tmb.jpg,https://media.digikey.com/pdf/Data%20Sheets/Nexperia/PRTR5V0U4Y.pdf,568-6542-2-ND,PRTR5V0U4Y  125,Nexperia USA Inc.,TVS DIODE 5.5V 6TSSOP,0,Obsolete,-,Tape & Reel (TR),-,Obsolete
https://media.digikey.com/Renders/NXP%20Semi%20Renders/SOD-128_tmb.jpg,https://assets.nexperia.com/documents/data-sheet/PTVSXP1UP_SER.pdf,1727-4445-2-ND,PTVS54VP1UP  115,Nexperia USA Inc.,TVS DIODE 54V 87.1V CFP5,0,$0.16926,3  000,Tape & Reel (TR)  Alternate Packaging,Automotive   AEC-Q101,Active
https://media.digikey.com/Renders/STMicro%20Renders/D2Pak%20TO-263_tmb.jpg,http://www.st.com/content/ccc/resource/technical/document/datasheet/group1/e6/91/f3/cc/41/6e/4f/10/CD00001320/files/CD00001320.pdf/jcr:content/translations/en.CD00001320.pdf,497-3714-2-ND,RBO40-40G-TR,STMicroelectronics,TVS DIODE 20V 40V D2PAK,4  000 - Immediate,$1.73460,1  000,Tape & Reel (TR)  Alternate Packaging,RBO,Active
https://media.digikey.com/Renders/Semtech%20Renders/SOT-23-6%20PKG_tmb.jpg,https://www.semtech.com/uploads/documents/rclamp0554s.pdf,RCLAMP0554STR-ND,RCLAMP0554S.TCT,Semtech Corporation,TVS DIODE 5V 15V SOT23-6,6  000 - Immediate,$0.49980,3  000,Tape & Reel (TR)  Alternate Packaging,RailClamp®,Active
https://media.digikey.com/Renders/Littelfuse%20Renders/18;DO204AC(DO-15);;2_tmb.jpg,http://www.littelfuse.com/~/media/electronics/datasheets/tvs_diodes/littelfuse_tvs_diode_sa_datasheet.pdf.pdf,SA5.0ALFTR-ND,SA5.0A,Littelfuse Inc.,TVS DIODE 5V 9.2V DO204AC,0  Standard Lead Time 13 Weeks,$0.15299,4  000,Tape & Reel (TR)  Alternate Packaging,SA,Active
https://media.digikey.com/Renders/~~Pkg.Case%20or%20Series/SOT-23-3%20PKG_tmb.jpg,https://www.semtech.com/uploads/documents/smxx.pdf,SM05TR-ND,SM05.TCT,Semtech Corporation,TVS DIODE 5V 9.8V SOT23-3,48  000 - Immediate,$0.22838,3  000,Tape & Reel (TR)  Alternate Packaging,-,Active
https://media.digikey.com/Renders/On%20Semi%20Renders/SOT-23-3_527AG_tmb.jpg,http://www.onsemi.com/pub/Collateral/SM05T1-D.PDF,SM05T1GOSTR-ND,SM05T1G,ON Semiconductor,TVS DIODE 5V 9.8V SOT23-3,66  000 - Immediate  10  866  000 - Factory Stock,$0.10950,3  000,Tape & Reel (TR)  Alternate Packaging,Automotive   AEC-Q101,Active
https://media.digikey.com/Renders/~~Pkg.Case%20or%20Series/SOT-23-3%20PKG_tmb.jpg,https://www.semtech.com/uploads/documents/smxx.pdf,SM12TR-ND,SM12.TCT,Semtech Corporation,TVS DIODE 12V 19V SOT23-3,0  Standard Lead Time 6 Weeks,$0.22838,3  000,Tape & Reel (TR)  Alternate Packaging,-,Active
https://media.digikey.com/Renders/~~Pkg.Case%20or%20Series/SOT-23-3%20PKG_tmb.jpg,https://www.semtech.com/uploads/documents/smxx.pdf,SM12TR-ND,SM12.TCT,Semtech Corporation,TVS DIODE 12V 19V SOT23-3,0  Standard Lead Time 6 Weeks,$0.22838,3  000,Tape & Reel (TR)  Alternate Packaging,-,Active
https://media.digikey.com/Renders/On%20Semi%20Renders/SOT-23-3_527AG_tmb.jpg,http://www.onsemi.com/pub/Collateral/SM05T1-D.PDF,SM15T1GOSTR-ND,SM15T1G,ON Semiconductor,TVS DIODE 15V 24V SOT23-3,3  000 - Immediate  414  000 - Factory Stock,$0.10206,3  000,Tape & Reel (TR)  Alternate Packaging,-,Active
https://media.digikey.com/photos/STMicro%20Photos/497-DO-214AB_tmb.jpg,http://www.st.com/content/ccc/resource/technical/document/datasheet/a5/63/bb/0d/f0/b8/44/65/CD00000724.pdf/files/CD00000724.pdf/jcr:content/translations/en.CD00000724.pdf,497-7870-2-ND,SM15T30A,STMicroelectronics,TVS DIODE 25.6V 53.5V SMC,5  000 - Immediate,$0.32277,2  500,Tape & Reel (TR)  Alternate Packaging,SM15T   TRANSIL™,Active
https://media.digikey.com/photos/STMicro%20Photos/497-DO-214AB_tmb.jpg,http://www.st.com/content/ccc/resource/technical/document/datasheet/a5/63/bb/0d/f0/b8/44/65/CD00000724.pdf/files/CD00000724.pdf/jcr:content/translations/en.CD00000724.pdf,497-3716-2-ND,SM15T39A,STMicroelectronics,TVS DIODE 33.3V 69.7V SMC,2  500 - Immediate,$0.31988,2  500,Tape & Reel (TR)  Alternate Packaging,SM15T   TRANSIL™,Active
https://media.digikey.com/Renders/Texas%20Instr%20Renders/X2SON_tmb.jpg,http://www.ti.com/lit/ds/symlink/tpd1e10b06.pdf,296-30406-2-ND,TPD1E10B06DPYR,Texas Instruments,TVS DIODE 5.5V 14V 2X1SON,370  000 - Immediate,$0.07056,10  000,Tape & Reel (TR)  Alternate Packaging,-,Active
https://media.digikey.com/Renders/Texas%20Instr%20Renders/DRL-5-SOT_tmb.jpg,http://www.ti.com/lit/ds/symlink/tpd2e001.pdf,296-21883-2-ND,TPD2E001DRLR,Texas Instruments,TVS DIODE 5.5V SOT5,108  000 - Immediate,$0.20832,4  000,Tape & Reel (TR)  Alternate Packaging,-,Active
https://media.digikey.com/Renders/Texas%20Instr%20Renders/DRL-5-SOT_tmb.jpg,http://www.ti.com/lit/ds/symlink/tpd4e002.pdf,296-21694-2-ND,TPD4E002DRLR,Texas Instruments,TVS DIODE 3V SOT5,36  000 - Immediate,$0.25883,4  000,Tape & Reel (TR)  Alternate Packaging,-,Active
https://media.digikey.com/Renders/Texas%20Instr%20Renders/296;4093553-4;DCK;6_tmb.jpg,http://www.ti.com/lit/ds/symlink/tpd4e1b06.pdf,296-39346-2-ND,TPD4E1B06DCKR,Texas Instruments,TVS DIODE 5.5V 14.5V SC70-6,33  000 - Immediate,$0.20832,3  000,Tape & Reel (TR)  Alternate Packaging,-,Active
https://media.digikey.com/Renders/Texas%20Instr%20Renders/TI%2012-WQFN%20RSF_tmb.jpg,http://www.ti.com/lit/ds/symlink/tpd6e001.pdf,296-21889-2-ND,TPD6E001RSFR,Texas Instruments,TVS DIODE 5V 12WQFN,0  Standard Lead Time 16 Weeks,$0.19530,2  000,Tape & Reel (TR)  Alternate Packaging,-,Active
https://media.digikey.com/Renders/Texas%20Instr%20Renders/8-WFDFN_tmb.jpg,http://www.ti.com/lit/ds/symlink/tpd8e003.pdf,296-27669-2-ND,TPD8E003DQDR,Texas Instruments,TVS DIODE 10V 8WSON,6  000 - Immediate,$0.19367,3  000,Tape & Reel (TR)  Alternate Packaging,-,Active
https://media.digikey.com/Renders/STMicro%20Renders/SOT-666_tmb.jpg,http://www.st.com/content/ccc/resource/technical/document/datasheet/06/1d/48/9c/6c/20/4a/b2/CD00050750.pdf/files/CD00050750.pdf/jcr:content/translations/en.CD00050750.pdf,497-5026-2-ND,USBLC6-2P6,STMicroelectronics,TVS DIODE 5.25V 17V SOT666,15  000 - Immediate,$0.20051,3  000,Tape & Reel (TR)  Alternate Packaging,USB,Active
null,http://www.bourns.com/docs/product-datasheets/5-0smdj.pdf,5.0SMDJ5.0ATR-ND,5.0SMDJ5.0A,Bourns Inc.,DIO TVS VWM 5.0V 5KW UNIDIR SMC,0  Standard Lead Time 14 Weeks,$0.73710,3  000,-,5.0SMDJ,Active
https://media.digikey.com/Renders/Vishay%20Genreral%20Semi%20Renders/1-5KA%20Axial_tmb.jpg,http://www.vishay.com/docs/88301/15ke.pdf,1.5KE100A-E3/54GITR-ND,1.5KE100A-E3/54,Vishay Semiconductor Diodes Division,TVS DIODE 85.5V 137V 1.5KE,1  400 - Immediate,$0.25519,1  400,Tape & Reel (TR)  Alternate Packaging,TransZorb®,Active
https://media.digikey.com/Renders/Littelfuse%20Renders/18;DO201-Bidirectional;;2_tmb.jpg,http://www.littelfuse.com/~/media/electronics/datasheets/tvs_diodes/littelfuse_tvs_diode_1_5ke_datasheet.pdf.pdf,1.5KE100CALFTR-ND,1.5KE100CA,Littelfuse Inc.,TVS DIODE 85.5V 137V DO201,1  200 - Immediate,$0.26376,1  200,Tape & Reel (TR)  Alternate Packaging,1.5KE,Active
https://media.digikey.com/Renders/Vishay%20Genreral%20Semi%20Renders/1.5KE24CA-E3-51_tmb.jpg,http://www.vishay.com/docs/88301/15ke.pdf,1.5KE120CA-E3/54GITR-ND,1.5KE120CA-E3/54,Vishay Semiconductor Diodes Division,TVS DIODE 102V 165V 1.5KE,1  400 - Immediate,$0.27754,1  400,Tape & Reel (TR)  Alternate Packaging,TransZorb®,Active
https://media.digikey.com/photos/Littelfuse%20Photos/MFG_LCE10A_tmb.jpg,http://www.littelfuse.com/~/media/electronics/datasheets/tvs_diodes/littelfuse_tvs_diode_1_5ke_datasheet.pdf.pdf,1.5KE12ALFTR-ND,1.5KE12A,Littelfuse Inc.,TVS DIODE 10.2V 16.7V DO201,1  200 - Immediate,$0.25347,1  200,Tape & Reel (TR)  Alternate Packaging,1.5KE,Active
https://media.digikey.com/Photos/Littelfuse%20Photos/DO-201AA  Axial-Bidirectional_tmb.jpg,http://www.littelfuse.com/~/media/electronics/datasheets/tvs_diodes/littelfuse_tvs_diode_tp1_5ke_datasheet.pdf.pdf,F7602TR-ND,TP1.5KE12CA,Littelfuse Inc.,TVS DIODE 10.2V 16.7V DO201,1  200 - Immediate,$0.33600,1  200,Tape & Reel (TR)  Alternate Packaging,Automotive   AEC-Q101   TP1.5KE,Active
https://media.digikey.com/photos/STMicro%20Photos/497-DO-201%20SERIES_tmb.jpg,http://www.st.com/content/ccc/resource/technical/document/datasheet/03/7a/4e/3b/96/c3/4e/37/CD00000663.pdf/files/CD00000663.pdf/jcr:content/translations/en.CD00000663.pdf,497-15632-3-ND,1.5KE130CA,STMicroelectronics,TVS DIODE 1500W DO201,2  400 - Immediate,$0.39900,-,Tape & Box (TB)  Alternate Packaging,1.5KE   TRANSIL™,Obsolete
https://media.digikey.com/photos/Littelfuse%20Photos/MFG_LCE10A_tmb.jpg,http://www.littelfuse.com/~/media/electronics/datasheets/tvs_diodes/littelfuse_tvs_diode_1_5ke_datasheet.pdf.pdf,1.5KE150ALFTR-ND,1.5KE150A,Littelfuse Inc.,TVS DIODE 128V 207V DO201,1  200 - Immediate,$0.25347,1  200,Tape & Reel (TR)  Alternate Packaging,1.5KE,Active
https://media.digikey.com/photos/Diodes%20Photos/31-DO-201_tmb.jpg,https://www.diodes.com/assets/Datasheets/ds21503.pdf,1.5KE150CADITR-ND,1.5KE150CA-T,Diodes Incorporated,TVS DIODE 128V 207V DO201,2  000 - Immediate  5  000 - Factory Stock,$0.34224,1  000,Tape & Reel (TR)  Alternate Packaging,-,Active
https://media.digikey.com/Renders/Littelfuse%20Renders/18;DO201-Bidirectional;;2_tmb.jpg,http://www.littelfuse.com/~/media/electronics/datasheets/tvs_diodes/littelfuse_tvs_diode_1_5ke_datasheet.pdf.pdf,1.5KE15ALFTR-ND,1.5KE15A,Littelfuse Inc.,TVS DIODE 12.8V 21.2V DO201,19  200 - Immediate,$0.25347,1  200,Tape & Reel (TR)  Alternate Packaging,1.5KE,Active
https://media.digikey.com/Renders/Vishay%20Genreral%20Semi%20Renders/1-5KA%20Axial_tmb.jpg,http://www.vishay.com/docs/88301/15ke.pdf,1.5KE16A-E3/54GITR-ND,1.5KE16A-E3/54,Vishay Semiconductor Diodes Division,TVS DIODE 13.6V 22.5V 1.5KE,2  800 - Immediate,$0.25519,1  400,Tape & Reel (TR)  Alternate Packaging,TransZorb®,Active
https://media.digikey.com/photos/Littelfuse%20Photos/MFG_LCE10A_tmb.jpg,http://www.littelfuse.com/~/media/electronics/datasheets/tvs_diodes/littelfuse_tvs_diode_1_5ke_datasheet.pdf.pdf,1.5KE180ATR-ND,1.5KE180A,Littelfuse Inc.,TVS DIODE 154V 246V DO201,0  Standard Lead Time 14 Weeks,$0.25347,1  200,Tape & Reel (TR)  Alternate Packaging,1.5KE,Active
https://media.digikey.com/photos/STMicro%20Photos/497-DO-201%20SERIES_tmb.jpg,http://www.st.com/content/ccc/resource/technical/document/datasheet/03/7a/4e/3b/96/c3/4e/37/CD00000663.pdf/files/CD00000663.pdf/jcr:content/translations/en.CD00000663.pdf,497-12024-3-ND,1.5KE180CA,STMicroelectronics,TVS DIODE 154V 317V DO201,3  600 - Immediate,$0.36540,600,Tape & Box (TB)  Alternate Packaging,1.5KE   TRANSIL™,Active
https://media.digikey.com/Renders/Micro%20Commercial%20Renders/DO-214AB-(SMC)_tmb.jpg,http://www.mccsemi.com/up_pdf/SMCJ1.5KE6.8(C)A-SMCJ1.5KE550(C)A(DO-214AB)-G.pdf,SMCJ1.5KE18A-TPMSTR-ND,SMCJ1.5KE18A-TP,Micro Commercial Co,TVS DIODE 15.3V 25.5V DO214AB,9  000 - Immediate,$0.22460,3  000,Tape & Reel (TR)  Alternate Packaging,-,Active
https://media.digikey.com/Renders/Vishay%20Genreral%20Semi%20Renders/1.5KE24CA-E3-51_tmb.jpg,http://www.vishay.com/docs/88301/15ke.pdf,1.5KE18CA-E3/54GITR-ND,1.5KE18CA-E3/54,Vishay Semiconductor Diodes Division,TVS DIODE 15.3V 25.2V 1.5KE,19  600 - Immediate,$0.27754,1  400,Tape & Reel (TR)  Alternate Packaging,TransZorb®,Active
https://media.digikey.com/Photos/Micro%20Commercial%20Photos/DO-201AE  %20AXIAL%20BIDIRECTIONAL_tmb.jpg,http://www.mccsemi.com/up_pdf/1.5KE6.8(C)(A)-1.5KE550(C)(A)(DO-201AE).pdf,1.5KE220CA-TPMSTR-ND,1.5KE220CA-TP,Micro Commercial Co,TVS DIODE 185V 328V DO201AE,1  200 - Immediate,$0.17850,1  200,Tape & Reel (TR)  Alternate Packaging,-,Active
https://media.digikey.com/Photos/Micro%20Commercial%20Photos/DO-201AE  -AXIAL-Unidirectional_tmb.jpg,http://www.mccsemi.com/up_pdf/1.5KE6.8(C)(A)-1.5KE550(C)(A)(DO-201AE).pdf,1.5KE24A-TPMSTR-ND,1.5KE24A-TP,Micro Commercial Co,TVS DIODE 20.5V 33.2V DO201AE,1  200 - Immediate,$0.17850,1  200,Tape & Reel (TR)  Alternate Packaging,-,Active
https://media.digikey.com/Renders/Littelfuse%20Renders/18;DO201-Bidirectional;;2_tmb.jpg,http://www.littelfuse.com/~/media/electronics/datasheets/tvs_diodes/littelfuse_tvs_diode_1_5ke_datasheet.pdf.pdf,1.5KE250CALFTR-ND,1.5KE250CA,Littelfuse Inc.,TVS DIODE 214V 344V DO201,7  200 - Immediate,$0.40992,1  200,Tape & Reel (TR)  Alternate Packaging,1.5KE,Active
https://media.digikey.com/Renders/Littelfuse%20Renders/18;DO201-Bidirectional;;2_tmb.jpg,http://www.littelfuse.com/~/media/electronics/datasheets/tvs_diodes/littelfuse_tvs_diode_1_5ke_datasheet.pdf.pdf,1.5KE300CALFTR-ND,1.5KE300CA,Littelfuse Inc.,TVS DIODE 256V 414V DO201,3  600 - Immediate,$0.40992,1  200,Tape & Reel (TR)  Alternate Packaging,1.5KE,Active
https://media.digikey.com/photos/STMicro%20Photos/497-DO-201%20SERIES_tmb.jpg,http://www.st.com/content/ccc/resource/technical/document/datasheet/03/7a/4e/3b/96/c3/4e/37/CD00000663.pdf/files/CD00000663.pdf/jcr:content/translations/en.CD00000663.pdf,497-6604-3-ND,1.5KE33A,STMicroelectronics,TVS DIODE 28.2V 59V DO201,1  200 - Immediate,$0.32130,600,Tape & Box (TB)  Alternate Packaging,1.5KE   TRANSIL™,Active
https://media.digikey.com/Photos/Micro%20Commercial%20Photos/DO-201AE  %20AXIAL%20BIDIRECTIONAL_tmb.jpg,http://www.mccsemi.com/up_pdf/1.5KE6.8(C)(A)-1.5KE550(C)(A)(DO-201AE).pdf,1.5KE350CA-TPMSTR-ND,1.5KE350CA-TP,Micro Commercial Co,TVS DIODE 300V 482V DO201AE,1  200 - Immediate,$0.25200,1  200,Tape & Reel (TR)  Alternate Packaging,-,Active
https://media.digikey.com/Renders/Vishay%20Genreral%20Semi%20Renders/1-5KA%20Axial_tmb.jpg,http://www.vishay.com/docs/88301/15ke.pdf,1.5KE36A-E3/54GITR-ND,1.5KE36A-E3/54,Vishay Semiconductor Diodes Division,TVS DIODE 30.8V 49.9V 1.5KE,1  400 - Immediate,$0.25519,1  400,Tape & Reel (TR)  Alternate Packaging,TransZorb®,Active
https://media.digikey.com/Photos/Micro%20Commercial%20Photos/DO-201AE  -AXIAL-Unidirectional_tmb.jpg,http://www.mccsemi.com/up_pdf/1.5KE6.8(C)(A)-1.5KE550(C)(A)(DO-201AE).pdf,1.5KE39A-TPMSTR-ND,1.5KE39A-TP,Micro Commercial Co,TVS DIODE 33.3V 53.9V DO201AE,1  200 - Immediate,$0.17850,1  200,Tape & Reel (TR)  Alternate Packaging,-,Active
https://media.digikey.com/Renders/Vishay%20Genreral%20Semi%20Renders/1.5KE24CA-E3-51_tmb.jpg,http://www.vishay.com/docs/88301/15ke.pdf,1.5KE39CA-E3/54GITR-ND,1.5KE39CA-E3/54,Vishay Semiconductor Diodes Division,TVS DIODE 33.3V 53.9V 1.5KE,4  200 - Immediate,$0.27754,1  400,Tape & Reel (TR)  Alternate Packaging,TransZorb®,Active
https://media.digikey.com/photos/Littelfuse%20Photos/MFG_LCE10A_tmb.jpg,http://www.littelfuse.com/~/media/electronics/datasheets/tvs_diodes/littelfuse_tvs_diode_1_5ke_datasheet.pdf.pdf,1.5KE400ALFTR-ND,1.5KE400A,Littelfuse Inc.,TVS DIODE 342V 548V DO201,68  400 - Immediate,$0.37128,1  200,Tape & Reel (TR)  Alternate Packaging,1.5KE,Active
https://media.digikey.com/Photos/Micro%20Commercial%20Photos/DO-201AE  %20AXIAL%20BIDIRECTIONAL_tmb.jpg,http://www.mccsemi.com/up_pdf/1.5KE6.8(C)(A)-1.5KE550(C)(A)(DO-201AE).pdf,1.5KE400CA-TPMSTR-ND,1.5KE400CA-TP,Micro Commercial Co,TVS DIODE 342V 548V DO201AE,1  200 - Immediate,$0.25200,1  200,Tape & Reel (TR)  Alternate Packaging,-,Active
https://media.digikey.com/Renders/Micro%20Commercial%20Renders/DO-214AB-(SMC)_tmb.jpg,http://www.mccsemi.com/up_pdf/SMCJ1.5KE6.8(C)A-SMCJ1.5KE550(C)A(DO-214AB)-G.pdf,SMCJ1.5KE43CA-TPMSTR-ND,SMCJ1.5KE43CA-TP,Micro Commercial Co,TVS DIODE 36.8V 59.3V DO214AB,6  000 - Immediate,$0.22460,3  000,Tape & Reel (TR)  Alternate Packaging,-,Active
https://media.digikey.com/Photos/Micro%20Commercial%20Photos/DO-201AE  %20AXIAL%20BIDIRECTIONAL_tmb.jpg,http://www.mccsemi.com/up_pdf/1.5KE6.8(C)(A)-1.5KE550(C)(A)(DO-201AE).pdf,1.5KE440CA-TPMSTR-ND,1.5KE440CA-TP,Micro Commercial Co,TVS DIODE 376V 602V DO201AE,2  400 - Immediate,$0.25200,1  200,Tape & Reel (TR)  Alternate Packaging,-,Active
https://media.digikey.com/Photos/Littelfuse%20Photos/DO-201AA-Unidirectional-Axial_tmb.jpg,http://www.littelfuse.com/~/media/electronics/datasheets/tvs_diodes/littelfuse_tvs_diode_tp1_5ke_datasheet.pdf.pdf,F7643TR-ND,TP1.5KE47A,Littelfuse Inc.,TVS DIODE 40.2V 64.8V DO201,1  200 - Immediate,$0.33600,1  200,Tape & Reel (TR)  Alternate Packaging,Automotive   AEC-Q101   TP1.5KE,Active
https://media.digikey.com/photos/Littelfuse%20Photos/MFG_LCE10A_tmb.jpg,http://www.littelfuse.com/~/media/electronics/datasheets/tvs_diodes/littelfuse_tvs_diode_1_5ke_datasheet.pdf.pdf,1.5KE56ALFTR-ND,1.5KE56A,Littelfuse Inc.,TVS DIODE 47.8V 77V DO201,1  200 - Immediate,$0.25347,1  200,Tape & Reel (TR)  Alternate Packaging,1.5KE,Active
https://media.digikey.com/Renders/Micro%20Commercial%20Renders/DO-214AB-(SMC)_tmb.jpg,http://www.mccsemi.com/up_pdf/SMCJ1.5KE6.8(C)A-SMCJ1.5KE550(C)A(DO-214AB)-G.pdf,SMCJ1.5KE6.8A-TPMSTR-ND,SMCJ1.5KE6.8A-TP,Micro Commercial Co,TVS DIODE 5.8V 10.5V DO214AB,3  000 - Immediate,$0.22460,3  000,Tape & Reel (TR)  Alternate Packaging,-,Active
https://media.digikey.com/photos/STMicro%20Photos/497-DO-201%20SERIES_tmb.jpg,http://www.st.com/content/ccc/resource/technical/document/datasheet/03/7a/4e/3b/96/c3/4e/37/CD00000663.pdf/files/CD00000663.pdf/jcr:content/translations/en.CD00000663.pdf,497-14152-3-ND,1.5KE68A,STMicroelectronics,TVS DIODE 58.1V 121V DO201,1  200 - Immediate,$0.43197,600,Tape & Box (TB)  Alternate Packaging,1.5KE   TRANSIL™,Active
https://media.digikey.com/Photos/Micro%20Commercial%20Photos/DO-201AE  -AXIAL-Unidirectional_tmb.jpg,http://www.mccsemi.com/up_pdf/1.5KE6.8(C)(A)-1.5KE550(C)(A)(DO-201AE).pdf,1.5KE8.2A-TPMSTR-ND,1.5KE8.2A-TP,Micro Commercial Co,TVS DIODE 7.02V 12.1V DO201AE,1  200 - Immediate,$0.17850,1  200,Tape & Reel (TR)  Alternate Packaging,-,Active
https://media.digikey.com/photos/Littelfuse%20Photos/MFG_LCE10A_tmb.jpg,http://www.littelfuse.com/~/media/electronics/datasheets/tvs_diodes/littelfuse_tvs_diode_1_5ke_datasheet.pdf.pdf,1.5KE82ALFTR-ND,1.5KE82A,Littelfuse Inc.,TVS DIODE 70.1V 113V DO201,4  800 - Immediate,$0.25347,1  200,Tape & Reel (TR)  Alternate Packaging,1.5KE,Active
https://media.digikey.com/photos/Littelfuse%20Photos/MFG_LCE10A_tmb.jpg,http://www.littelfuse.com/~/media/electronics/datasheets/tvs_diodes/littelfuse_tvs_diode_1_5ke_datasheet.pdf.pdf,1.5KE91ALFTR-ND,1.5KE91A,Littelfuse Inc.,TVS DIODE 77.8V 125V DO201,1  200 - Immediate,$0.25347,1  200,Tape & Reel (TR)  Alternate Packaging,1.5KE,Active
https://media.digikey.com/photos/Vishay%20Genreral%20Semi%20Photos/112-DO-214AB_tmb.jpg,http://www.vishay.com/docs/88303/15smc.pdf,1.5SMC18A-E3/57TGITR-ND,1.5SMC18A-E3/57T,Vishay Semiconductor Diodes Division,TVS DIODE 15.3V 25.2V DO214AB,850 - Immediate,$0.31762,850,Tape & Reel (TR)  Alternate Packaging,1.5SMC   TransZorb®,Active
https://media.digikey.com/photos/Littelfuse%20Photos/159-DO-214AB_tmb.jpg,http://www.littelfuse.com/~/media/electronics/datasheets/tvs_diodes/littelfuse_tvs_diode_1_5smc_datasheet.pdf.pdf,1.5SMC36ATR-ND,1.5SMC36A,Littelfuse Inc.,TVS DIODE 30.8V 49.9V DO214AB,3  000 - Immediate,$0.25322,3  000,Tape & Reel (TR)  Alternate Packaging,1.5SMC,Active
https://media.digikey.com/photos/On%20Semi%20Photos/488-DO-214AB_tmb.jpg,http://www.littelfuse.com/~/media/electronics/datasheets/tvs_diodes/littelfuse_tvs_diode_1_5smc6_8at3_d_datasheet.pdf.pdf,F11494TR-ND,SZ1.5SMC39AT3G,Littelfuse Inc.,TVS DIODE 33.3V 53.9V SMC,0  Standard Lead Time 34 Weeks,$0.44182,2  500,Tape & Reel (TR)  Alternate Packaging,Automotive   AEC-Q101,Active
https://media.digikey.com/photos/On%20Semi%20Photos/488-DO-214AB_tmb.jpg,http://www.littelfuse.com/~/media/electronics/datasheets/tvs_diodes/littelfuse_tvs_diode_1_5smc6_8at3_d_datasheet.pdf.pdf,F11499TR-ND,SZ1.5SMC6.8AT3G,Littelfuse Inc.,TVS DIODE 5.8V 10.5V SMC,0  Standard Lead Time 34 Weeks,$0.44182,2  500,Tape & Reel (TR)  Alternate Packaging,Automotive   AEC-Q101,Active
https://media.digikey.com/photos/On%20Semi%20Photos/488-DO-214AB_tmb.jpg,http://www.littelfuse.com/~/media/electronics/datasheets/tvs_diodes/littelfuse_tvs_diode_1_5smc6_8at3_d_datasheet.pdf.pdf,1.5SMC75AT3GOSTR-ND,1.5SMC75AT3G,Littelfuse Inc.,TVS DIODE 64.1V 103V SMC,0,Obsolete,-,Tape & Reel (TR),1.5SMC,Obsolete
https://media.digikey.com/Renders/~~Pkg.Case%20or%20Series/SOT-23-6%20PKG_tmb.jpg,http://www.st.com/content/ccc/resource/technical/document/datasheet/9a/e6/1c/4f/b6/9a/44/e6/CD00047494.pdf/files/CD00047494.pdf/jcr:content/translations/en.CD00047494.pdf,497-4492-2-ND,USBLC6-4SC6,STMicroelectronics,TVS DIODE 5.25V 17V SOT23-6,114  000 - Immediate,$0.17903,3  000,Tape & Reel (TR)  Alternate Packaging,USB,Active
https://media.digikey.com/Renders/Vishay%20Semi%20Renders/SOD523_tmb.jpg,https://www.vishay.com/docs/83367/vesdxx02v.pdf,VESD03-02V-G-08TR-ND,VESD03-02V-G-08,Vishay Semiconductor Diodes Division,TVS DIODE 3V 12V SOD523,39  000 - Immediate,$0.08505,3  000,Tape & Reel (TR)  Alternate Packaging,-,Active
https://media.digikey.com/Photos/Bourns%20Photos/MFG_5.0SMDJ_tmb.jpg,http://www.bourns.com/docs/product-datasheets/5-0smdj.pdf,5.0SMDJ7.0ATR-ND,5.0SMDJ7.0A,Bourns Inc.,DIO TVS VWM 7.0V 5KW UNIDIR SMC,0  Standard Lead Time 14 Weeks,$0.73710,3  000,-,5.0SMDJ,Active
https://media.digikey.com/photos/Diodes%20Photos/31-DO-201_tmb.jpg,https://www.diodes.com/assets/Datasheets/ds21503.pdf,1.5KE6V8ADITR-ND,1.5KE6V8A-T,Diodes Incorporated,TVS DIODE 5.8V 10.5V DO201,1  000 - Immediate  6  000 - Factory Stock,$0.31832,1  000,Tape & Reel (TR)  Alternate Packaging,-,Active
https://media.digikey.com/photos/Diodes%20Photos/31-DO-201_tmb.jpg,https://www.diodes.com/assets/Datasheets/ds21503.pdf,1.5KE51ADITR-ND,1.5KE51A-T,Diodes Incorporated,TVS DIODE 43.6V 70.1V DO201,1  000 - Immediate,$0.31832,1  000,Tape & Reel (TR)  Alternate Packaging,-,Active
https://media.digikey.com/Renders/On%20Semi%20Renders/DO-214AC  SMA_403D%E2%88%9202_tmb.jpg,http://www.littelfuse.com/~/media/electronics/datasheets/tvs_diodes/littelfuse_tvs_diode_1sma5_0at3_d_datasheet.pdf.pdf,F11522TR-ND,SZ1SMA36AT3G,Littelfuse Inc.,TVS DIODE 36V 58.1V SMA,0  Standard Lead Time 37 Weeks,$0.20258,5  000,Tape & Reel (TR)  Alternate Packaging,Automotive   AEC-Q101,Active
https://media.digikey.com/Renders/On%20Semi%20Renders/DO-214AA_SMB403C_tmb.jpg,http://www.littelfuse.com/~/media/electronics/datasheets/tvs_diodes/littelfuse_tvs_diode_1smb5_0at3_d_datasheet.pdf.pdf,F11553TR-ND,SZ1SMB22AT3G,Littelfuse Inc.,TVS DIODE 22V 35.5V SMB,0  Standard Lead Time 23 Weeks,$0.23202,2  500,Tape & Reel (TR)  Alternate Packaging,Automotive   AEC-Q101,Active
https://media.digikey.com/Renders/On%20Semi%20Renders/DO-214AA_SMB403C_tmb.jpg,http://www.littelfuse.com/~/media/electronics/datasheets/tvs_diodes/littelfuse_tvs_diode_1smb5_0at3_d_datasheet.pdf.pdf,1SMB70AT3GOSTR-ND,1SMB70AT3G,Littelfuse Inc.,TVS DIODE 70V 113V SMB,0,Obsolete,-,Tape & Reel (TR),-,Obsolete
https://media.digikey.com/photos/Fairchild%20Semi%20Photos/1V5KE%20Series_tmb.jpg,http://www.onsemi.com/pub/Collateral/1V5KE91CA-D.pdf,1V5KE400CAFSTR-ND,1V5KE400CA,ON Semiconductor,TVS DIODE 342V 548V DO201AE,0  Standard Lead Time 13 Weeks,$0.44430,1  250,Tape & Reel (TR)  Alternate Packaging,-,Active
https://media.digikey.com/Renders/~~Pkg.Case%20or%20Series/SC-74  %20SOT-457_tmb.jpg,https://assets.nexperia.com/documents/data-sheet/IP4234CZ6.pdf,1727-4717-2-ND,IP4234CZ6  125,Nexperia USA Inc.,TVS DIODE 5.5V 6TSOP,129  000 - Immediate,$0.14827,3  000,Tape & Reel (TR)  Alternate Packaging,-,Active
https://media.digikey.com/Renders/On%20Semi%20Renders/SOT-23-3_527AG_tmb.jpg,http://www.onsemi.com/pub/Collateral/NUP2105L-D.PDF,NUP2105LT1GOSTR-ND,NUP2105LT1G,ON Semiconductor,TVS DIODE 24V 44V SOT23-3,6  000 - Immediate,$0.12656,3  000,Tape & Reel (TR)  Alternate Packaging,-,Active
https://media.digikey.com/Renders/STMicro%20Renders/STM%208-SOIC_tmb.jpg,http://www.st.com/content/ccc/resource/technical/document/datasheet/3e/ec/b2/54/b2/76/47/90/CD00001361.pdf/files/CD00001361.pdf/jcr:content/translations/en.CD00001361.pdf,497-3281-2-ND,USB6B1RL,STMicroelectronics,TVS DIODE 5.25V 8SO,5  000 - Immediate,$0.56918,2  500,Tape & Reel (TR)  Alternate Packaging,USB,Active
https://media.digikey.com/photos/Littelfuse%20Photos/5KP%20AXIAL%20SERIES_tmb.jpg,http://www.littelfuse.com/~/media/electronics/datasheets/tvs_diodes/littelfuse_tvs_diode_5kp_datasheet.pdf.pdf,5KP180ALFTR-ND,5KP180A,Littelfuse Inc.,TVS DIODE 180V 292V P600,0  Standard Lead Time 19 Weeks,$1.44996,800,Tape & Reel (TR)  Alternate Packaging,5KP,Active
https://media.digikey.com/Photos/Micro%20Commercial%20Photos/15KP200CA-TP_tmb.jpg,http://www.mccsemi.com/up_pdf/5KP5.0(C)%20~5KP110(C)A%20(R-6).pdf,5KP30A-TPMSTR-ND,5KP30A-TP,Micro Commercial Co,TVS DIODE 30V 48.4V R-6,1  500 - Immediate,$1.10250,500,Tape & Reel (TR)  Alternate Packaging,-,Active
https://media.digikey.com/Photos/Micro%20Commercial%20Photos/15KP200CA-TP_tmb.jpg,http://www.mccsemi.com/up_pdf/15KP%20Series.pdf,15KP48A-TPTR-ND,15KP48A-TP,Micro Commercial Co,TVS DIODE 48V 77.7V R-6,0,Active,500,Tape & Reel (TR)  Alternate Packaging,-,Active
https://media.digikey.com/photos/Littelfuse%20Photos/5KP%20AXIAL%20SERIES_tmb.jpg,http://www.littelfuse.com/~/media/electronics/datasheets/tvs_diodes/littelfuse_tvs_diode_5kp_datasheet.pdf.pdf,5KP75CALFTR-ND,5KP75CA,Littelfuse Inc.,TVS DIODE 75V 121V P600,1  600 - Immediate,$2.43180,800,Tape & Reel (TR)  Alternate Packaging,5KP,Active
https://media.digikey.com/Photos/Micro%20Commercial%20Photos/15KP200CA-TP_tmb.jpg,http://www.mccsemi.com/up_pdf/15KP%20Series.pdf,15KP85CA-TPTR-ND,15KP85CA-TP,Micro Commercial Co,TVS DIODE 85V 137V R-6,0  Standard Lead Time 12 Weeks,$6.18450,500,Tape & Reel (TR)  Alternate Packaging,-,Active
https://media.digikey.com/Photos/Micro%20Commercial%20Photos/15KP200CA-TP_tmb.jpg,http://www.mccsemi.com/up_pdf/15KP%20Series.pdf,15KP85A-TPTR-ND,15KP85A-TP,Micro Commercial Co,TVS DIODE 85V 137V R-6,0,Active,500,Tape & Reel (TR)  Alternate Packaging,-,Active
https://media.digikey.com/photos/Littelfuse%20Photos/5KP%20AXIAL%20SERIES_tmb.jpg,http://www.littelfuse.com/products/tvs-diodes/leaded/~/media/electronics/datasheets/tvs_diodes/littelfuse_tvs_diode_15kpa_datasheet.pdf.pdf,15KPA24ATR-ND,15KPA24A,Littelfuse Inc.,TVS DIODE 24V 40.7V P600,0  Standard Lead Time 15 Weeks,$4.50450,800,Tape & Reel (TR)  Alternate Packaging,15KPA,Active
https://media.digikey.com/Renders/~~Pkg.Case%20or%20Series/SC-74  %20SOT-457_tmb.jpg,https://assets.nexperia.com/documents/data-sheet/BZA408B.pdf,1727-4945-2-ND,BZA408B  115,Nexperia USA Inc.,TVS DIODE 5V 6TSOP,0,$0.11261,3  000,Tape & Reel (TR)  Alternate Packaging,-,Active
https://media.digikey.com/Photos/Vishay%20Semiconductors/BY203-20STR_tmb.jpg,http://www.vishay.com/docs/85599/bzt03.pdf,BZT03C150-TAPGITB-ND,BZT03C150-TAP,Vishay Semiconductor Diodes Division,TVS DIODE 120V 204V SOD57,25  000 - Immediate,$0.22680,5  000,Tape & Box (TB)  Alternate Packaging,-,Active
https://media.digikey.com/Photos/Vishay%20Semiconductors/BY203-20STR_tmb.jpg,http://www.vishay.com/docs/85599/bzt03.pdf,BZT03C24-TRGITR-ND,BZT03C24-TR,Vishay Semiconductor Diodes Division,TVS DIODE 20V 33.8V SOD57,0  Standard Lead Time 40 Weeks,$0.22680,5  000,Tape & Reel (TR)  Alternate Packaging,-,Active
https://media.digikey.com/Photos/Vishay%20Semiconductors/BY203-20STR_tmb.jpg,http://www.vishay.com/docs/85599/bzt03.pdf,BZT03C39-TAPGITB-ND,BZT03C39-TAP,Vishay Semiconductor Diodes Division,TVS DIODE 33V 54.1V SOD57,0  Standard Lead Time 40 Weeks,$0.22680,5  000,Tape & Box (TB)  Alternate Packaging,-,Active
https://media.digikey.com/Photos/Vishay%20Semiconductors/BY203-20STR_tmb.jpg,http://www.vishay.com/docs/85599/bzt03.pdf,BZT03C91-TAP-ND,BZT03C91-TAP,Vishay Semiconductor Diodes Division,TVS DIODE 75V 126V SOD57,0  Standard Lead Time 40 Weeks,$0.22400,25  000  Non-Stock,Tape & Box (TB)  Alternate Packaging,-,Active
https://media.digikey.com/Renders/Taiwan%20Semi%20Renders/Taiwansemi-DO-204AC_tmb.jpg,http://www.taiwansemi.com/products/datasheet/BZW06%20SERIES_J1602.pdf,BZW06-171R0G-ND,BZW06-171 R0G,Taiwan Semiconductor Corporation,TVS DIODE 171V 353V DO204AC,0  Standard Lead Time 15 Weeks,$0.09925,7  000  Non-Stock,Tape & Reel (TR),BZW06,Active
https://media.digikey.com/Renders/STMicro%20Renders/497;DO15;;2_tmb.jpg,http://www.st.com/content/ccc/resource/technical/document/datasheet/group0/38/f1/5c/dd/17/70/4f/1f/CD00000694/files/CD00000694.pdf/jcr:content/translations/en.CD00000694.pdf,497-12472-3-ND,BZW06-5V8B,STMicroelectronics,TVS DIODE 5.8V 13.4V DO15,1  000 - Immediate,$0.22491,1  000,Tape & Box (TB)  Alternate Packaging,BZW06   TRANSIL™,Active
https://media.digikey.com/photos/STMicro%20Photos/497-R-6%20AXIAL%20SERIES_tmb.jpg,http://www.st.com/content/ccc/resource/technical/document/datasheet/group0/43/a0/00/2c/95/0b/42/95/CD00000695/files/CD00000695.pdf/jcr:content/translations/en.CD00000695.pdf,497-12042-3-ND,BZW50-39B,STMicroelectronics,TVS DIODE 39V 90V R-6,500 - Immediate,$2.14990,100,Tape & Box (TB)  Alternate Packaging,BZW50   TRANSIL™,Active
https://media.digikey.com/Renders/Diodes%20Renders/SOT143_tmb.jpg,http://www.bourns.com/docs/Product-Datasheets/CD143A-SR28_33.pdf,CD143A-SR2.8TR-ND,CD143A-SR2.8,Bourns Inc.,TVS DIODE 2.8V 5V SOT143,54  000 - Immediate,$0.40425,3  000,Tape & Reel (TR)  Alternate Packaging,-,Active
https://media.digikey.com/Renders/Bourns%20Renders/10-UFDFN_tmb.jpg,http://www.bourns.com/docs/Product-Datasheets/CDDFN10-0524P.pdf,CDDFN10-0524PTR-ND,CDDFN10-0524P,Bourns Inc.,TVS DIODE 5V 12V 10DFN,12  000 - Immediate,$0.51450,3  000,Tape & Reel (TR)  Alternate Packaging,-,Active
https://media.digikey.com/Renders/~~Pkg.Case%20or%20Series/SOT-23-3%20PKG_tmb.jpg,http://www.bourns.com/docs/Product-Datasheets/CDSOT23-SM712.pdf,CDSOT23-SM712TR-ND,CDSOT23-SM712,Bourns Inc.,TVS DIODE 7V/12V 14V/26V SOT23-3,135  000 - Immediate,$0.66150,3  000,Tape & Reel (TR)  Alternate Packaging,-,Active
https://media.digikey.com/Renders/~~Pkg.Case%20or%20Series/10-MSOP_tmb.jpg,http://www.onsemi.com/pub/Collateral/CM1213-D.PDF,CM1213-08MROSTR-ND,CM1213-08MR,ON Semiconductor,TVS DIODE 3.3V 8.8V 10MSOP,16  000 - Immediate,$0.48300,4  000,Tape & Reel (TR)  Alternate Packaging,-,Active
https://media.digikey.com/Renders/On%20Semi%20Renders/SOT-143-4_527AF_tmb.jpg,http://www.onsemi.com/pub/Collateral/CM1213A-D.PDF,CM1213A-02SROSTR-ND,CM1213A-02SR,ON Semiconductor,TVS DIODE 3.3V 10V SOT143-4,0  Standard Lead Time 6 Weeks,$0.15168,3  000,Tape & Reel (TR)  Alternate Packaging,Automotive   AEC-Q101,Active
https://media.digikey.com/Renders/~~Pkg.Case%20or%20Series/SOT-23-6%20PKG_tmb.jpg,http://www.onsemi.com/pub/Collateral/CM1231%20DATA%20SHEET.PDF,CM1231-02SOOSTR-ND,CM1231-02SO,ON Semiconductor,TVS DIODE 5V 9V SOT23-6,0  Standard Lead Time 20 Weeks,$0.19123,3  000,Tape & Reel (TR)  Alternate Packaging,XtremeESD™,Active
https://media.digikey.com/Renders/~~Pkg.Case%20or%20Series/SOT-23-6%20PKG_tmb.jpg,http://www.comchiptech.com/cms/UserFiles/CSRS065V0P%20RevF.pdf,641-1394-2-ND,CSRS065V0P,Comchip Technology,TVS DIODE 5V 9V SOT23-6,0,Obsolete,-,Tape & Reel (TR),-,Obsolete
https://media.digikey.com/Renders/Diodes%20Renders/31;-X2-DFN1010-3;-;-3_tmb.jpg,https://www.diodes.com/assets/Datasheets/D3V3L2B3LP10.pdf,D3V3L2B3LP10-7DITR-ND,D3V3L2B3LP10-7,Diodes Incorporated,TVS DIODE 3.3V 7V DFN1010-3,5  000 - Immediate,$0.10098,5  000,Tape & Reel (TR)  Alternate Packaging,-,Active
https://media.digikey.com/Renders/Diodes%20Renders/31;SOD-323;;2_tmb.jpg,https://www.diodes.com/assets/Datasheets/D5V0L1B2WS.pdf,D5V0L1B2WS-7DITR-ND,D5V0L1B2WS-7,Diodes Incorporated,TVS DIODE 5V 14V SOD323,63  000 - Immediate,$0.05591,3  000,Tape & Reel (TR)  Alternate Packaging,-,Active
https://media.digikey.com/Renders/STMicro%20Renders/STM%208-SOIC_tmb.jpg,http://www.st.com/content/ccc/resource/technical/document/datasheet/group1/9d/94/61/93/d5/7c/4c/80/CD00000826/files/CD00000826.pdf/jcr:content/translations/en.CD00000826.pdf,497-3399-2-ND,DA108S1RL,STMicroelectronics,TVS DIODE 15V 8SOIC,5  000 - Immediate,$0.58653,2  500,Tape & Reel (TR)  Alternate Packaging,DA1,Active
https://media.digikey.com/Renders/~~Pkg.Case%20or%20Series/SOT-23-6%20PKG_tmb.jpg,http://www.st.com/content/ccc/resource/technical/document/datasheet/4c/e1/0f/3d/c5/a4/46/eb/CD00001734.pdf/files/CD00001734.pdf/jcr:content/translations/en.CD00001734.pdf,497-2525-2-ND,DALC208SC6,STMicroelectronics,TVS DIODE 5V SOT23-6,60  000 - Immediate,$0.18440,3  000,Tape & Reel (TR)  Alternate Packaging,-,Active
https://media.digikey.com/Renders/Micro%20Commercial%20Renders/SOD-323_tmb.jpg,http://www.mccsemi.com/up_pdf/ESD5V0D3-ESD12VD3(SOD-323).pdf,ESD5V0D3-TPMSTR-ND,ESD5V0D3-TP,Micro Commercial Co,TVS DIODE 5V 15.5V SOD323,0  Standard Lead Time 8 Weeks,$0.06300,3  000,Tape & Reel (TR)  Alternate Packaging,-,Active
https://media.digikey.com/Renders/Infineon%20Renders/SC-76  %20SOD-323  %20UMD2_tmb.jpg,https://www.infineon.com/dgdl/esd5v0sseries.pdf?folderId=db3a30431441fb5d0114883802cf0d02&fileId=db3a30431441fb5d01148839aaf20d03,ESD5V0S1U03WE6327HTSA1TR-ND,ESD5V0S1U03WE6327HTSA1,Infineon Technologies,TVS DIODE 5V 14V SOD323-2,0,Obsolete,-,Tape & Reel (TR),-,Obsolete
https://media.digikey.com/Renders/~~Pkg.Case%20or%20Series/SOT-23-3%20PKG_tmb.jpg,https://www.infineon.com/dgdl/esd5v0sseries.pdf?folderId=db3a30431441fb5d0114883802cf0d02&fileId=db3a30431441fb5d01148839aaf20d03,ESD5V0S2U06E6327HTSA1TR-ND,ESD5V0S2U06E6327HTSA1,Infineon Technologies,TVS DIODE 5V 14V SOT23-3,0,Obsolete,-,Tape & Reel (TR),-,Obsolete
https://media.digikey.com/Renders/On%20Semi%20Renders/SOD-523_502_tmb.jpg,http://www.onsemi.com/pub/Collateral/ESD5Z2.5T1-D.PDF,ESD5Z3.3T1GOSTR-ND,ESD5Z3.3T1G,ON Semiconductor,TVS DIODE 3.3V 14.1V SOD523,0  Standard Lead Time 43 Weeks,$0.05085,3  000,Tape & Reel (TR)  Alternate Packaging,-,Active
https://media.digikey.com/Renders/On%20Semi%20Renders/SOD-523_502_tmb.jpg,http://www.onsemi.com/pub/Collateral/ESD5Z2.5T1-D.PDF,ESD5Z5.0T1GOSTR-ND,ESD5Z5.0T1G,ON Semiconductor,TVS DIODE 5V 18.6V SOD523,0  Standard Lead Time 40 Weeks,$0.04854,3  000,Tape & Reel (TR)  Alternate Packaging,-,Active
https://media.digikey.com/Renders/On%20Semi%20Renders/SOD-923_514AB_tmb.jpg,http://www.onsemi.com/pub/Collateral/ESD9L-D.PDF,ESD9L5.0ST5GOSTR-ND,ESD9L5.0ST5G,ON Semiconductor,TVS DIODE 5V 9.8V SOD923,424  000 - Immediate,$0.06842,8  000,Tape & Reel (TR)  Alternate Packaging,-,Active
https://media.digikey.com/Renders/On%20Semi%20Renders/SOD-923_514AB_tmb.jpg,http://www.onsemi.com/pub/Collateral/ESD9R3.3S-D.PDF,ESD9R3.3ST5GOSTR-ND,ESD9R3.3ST5G,ON Semiconductor,TVS DIODE 3.3V 7.8V SOD923,24  000 - Immediate,$0.18270,8  000,Tape & Reel (TR)  Alternate Packaging,-,Active
https://media.digikey.com/Renders/~~Pkg.Case%20or%20Series/SOT-23-6%20PKG_tmb.jpg,http://www.st.com/content/ccc/resource/technical/document/datasheet/7f/2e/1d/82/74/9c/4b/a1/CD00002055.pdf/files/CD00002055.pdf/jcr:content/translations/en.CD00002055.pdf,497-6633-2-ND,ESDA5V3SC6,STMicroelectronics,TVS DIODE 3V SOT23-6,3  000 - Immediate,$0.20767,3  000,Tape & Reel (TR)  Alternate Packaging,ESDA   TRANSIL™,Active
https://media.digikey.com/Renders/~~Pkg.Case%20or%20Series/SOT-23-6%20PKG_tmb.jpg,http://www.st.com/content/ccc/resource/technical/document/datasheet/34/2d/18/c3/ad/4a/43/3f/CD00003163.pdf/files/CD00003163.pdf/jcr:content/translations/en.CD00003163.pdf,497-4643-2-ND,ESDA6V1-4BC6,STMicroelectronics,TVS DIODE 3V SOT23-6,3  000 - Immediate  6  000 - Factory Stock,$0.23989,3  000,Tape & Reel (TR)  Alternate Packaging,ESDA   TRANSIL™,Active
https://media.digikey.com/Renders/STMicro%20Renders/SOT-363%20PKG_tmb.jpg,http://www.st.com/content/ccc/resource/technical/document/datasheet/cd/9b/8d/39/1f/d4/43/ba/CD00064033.pdf/files/CD00064033.pdf/jcr:content/translations/en.CD00064033.pdf,497-6634-2-ND,ESDA6V1-5W6,STMicroelectronics,TVS DIODE 3V SOT323-6L,9  000 - Immediate,$0.14674,3  000,Tape & Reel (TR)  Alternate Packaging,ESDA   TRANSIL™,Active
https://media.digikey.com/Renders/STMicro%20Renders/SOT23-5_tmb.jpg,http://www.st.com/content/ccc/resource/technical/document/datasheet/7f/2e/1d/82/74/9c/4b/a1/CD00002055.pdf/files/CD00002055.pdf/jcr:content/translations/en.CD00002055.pdf,497-7748-2-ND,ESDA6V1SC5,STMicroelectronics,TVS DIODE 5.25V SOT23-5L,0,$0.24451,3  000,Tape & Reel (TR)  Alternate Packaging,ESDA   TRANSIL™,Active
https://media.digikey.com/Renders/~~Pkg.Case%20or%20Series/SOT-23-6%20PKG_tmb.jpg,http://www.st.com/content/ccc/resource/technical/document/datasheet/7f/2e/1d/82/74/9c/4b/a1/CD00002055.pdf/files/CD00002055.pdf/jcr:content/translations/en.CD00002055.pdf,497-6637-2-ND,ESDA6V1SC6,STMicroelectronics,TVS DIODE 5.25V SOT23-6,12  000 - Immediate,$0.23447,3  000,Tape & Reel (TR)  Alternate Packaging,ESDA   TRANSIL™,Active
https://media.digikey.com/Renders/STMicro%20Renders/STM%208-SOIC_tmb.jpg,http://www.st.com/content/ccc/resource/technical/document/datasheet/80/9f/66/3a/18/37/40/81/CD00000840.pdf/files/CD00000840.pdf/jcr:content/translations/en.CD00000840.pdf,497-3711-2-ND,ESDA6V1U1RL,STMicroelectronics,TVS DIODE 5V 8SOIC,0,$0.36175,2  500,Tape & Reel (TR)  Alternate Packaging,ESDA   TRANSIL™,Active
https://media.digikey.com/Renders/STMicro%20Renders/497;SOT323-5;;5_tmb.jpg,http://www.st.com/content/ccc/resource/technical/document/datasheet/cd/9b/8d/39/1f/d4/43/ba/CD00064033.pdf/files/CD00064033.pdf/jcr:content/translations/en.CD00064033.pdf,497-7228-2-ND,ESDA6V1W5,STMicroelectronics,TVS DIODE 3V SOT323-5,12  000 - Immediate,$0.10482,3  000,Tape & Reel (TR)  Alternate Packaging,ESDA   TRANSIL™,Active
